*** RUN STATISTICS
     STARTED    21:07:27 03/04/98          NO ERRORS
     FINISHED   21:34:08 03/04/98           3 WARNINGS
     RUN TIMES                             NO MESSAGES
       INTERACTIVE     6 MIN, 39.97 SEC
       CALCULATIONS   20 MIN,  1.05 SEC
       TOTAL          26 MIN, 41.02 SEC

 SIMULATION SCIENCES INC.          R                                   PAGE I-1
 PROJECT                     PRO/II  VERSION 4.17 ELEC V12               386/EM
 PROBLEM                                 OUTPUT                                
                                         INDEX                         02/13/98
 ==============================================================================
 
  PAGE    CONTENTS
 ------  ----------------------------------------------------------------
     1   COMPONENT DATA
     4   CALCULATION SEQUENCE AND RECYCLES
     5   PLANT MATERIAL BALANCE
         PUMP SUMMARY
     7     UNIT 2, 'P1'
     8     UNIT 5, 'P3'
     9     UNIT 7, 'P2'
         COLUMN SUMMARY
    10     UNIT 1, 'T1', 'c10'
    12       TRAY LOADING
    15       TRAY COMPOSITIONS
    61       TRAY RATES AND DENSITIES
    64       TRAY TRANSPORT PROPERTIES
    65       TRAY ENTHALPIES
    66       TRAY RATING
    69     UNIT 3, 'T2', 'c13'
    71       TRAY LOADING
    74       TRAY COMPOSITIONS
   120       TRAY RATES AND DENSITIES
   123       TRAY TRANSPORT PROPERTIES
   124       TRAY ENTHALPIES
   125       TRAY RATING
   128     UNIT 6, 'T3', 'c14'
   130       TRAY LOADING
   132       TRAY COMPOSITIONS
   170       TRAY RATES AND DENSITIES
   173       TRAY TRANSPORT PROPERTIES
   174       TRAY ENTHALPIES
   175       TRAY RATING
         HEATING/COOLING CURVE
   178     UNIT 8, 'HC1'
   197   STREAM MOLAR COMPONENT RATES
   203   STREAM MOLAR COMPONENT FRACTIONS
   209   STREAM MOLAR COMPONENT PERCENTS
   215   STREAM WEIGHT COMPONENT RATES
   221   STREAM WEIGHT COMPONENT FRACTIONS
   227   STREAM WEIGHT COMPONENT PERCENTS
   233   STREAM SUMMARY

 SIMULATION SCIENCES INC.          R                                   PAGE P-1
 PROJECT                     PRO/II  VERSION 4.17 ELEC V12               386/EM
 PROBLEM                                 OUTPUT                                
                                     COMPONENT DATA                    02/13/98
 ==============================================================================
 
         COMPONENT         COMP. TYPE      PHASE     MOL. WEIGHT    DENSITY
                                                                     KG/M3
   ---------------------   -----------  -----------  -----------  -----------
     1  H2O                    LIBRARY      VAP/LIQ       18.015      998.566
     2  NH3                    LIBRARY      VAP/LIQ       17.031      618.262
     3  NC5                    LIBRARY      VAP/LIQ       72.151      630.378
     4  ISOOCTAN               LIBRARY      VAP/LIQ      114.233      695.641
     5  PXYLENE                LIBRARY      VAP/LIQ      106.169      864.707
     6  C1                     LIBRARY      VAP/LIQ       16.043      299.704
     7  C2                     LIBRARY      VAP/LIQ       30.070      356.049
     8  C3                     LIBRARY      VAP/LIQ       44.097      507.199
     9  NC4                    LIBRARY      VAP/LIQ       58.124      583.824
    10  NC6                    LIBRARY      VAP/LIQ       86.178      663.345
    11  NC7                    LIBRARY      VAP/LIQ      100.206      687.521
    12  NC8                    LIBRARY      VAP/LIQ      114.233      706.103
    13  NC9                    LIBRARY      VAP/LIQ      128.260      720.988
    14  NC10                   LIBRARY      VAP/LIQ      142.287      733.476
    15  NC11                   LIBRARY      VAP/LIQ      156.314      743.566
    16  NC12                   LIBRARY      VAP/LIQ      170.341      751.858
    17  NC13                   LIBRARY      VAP/LIQ      184.368      759.351
    18  NC14                   LIBRARY      VAP/LIQ      198.395      765.944
    19  NC15                   LIBRARY      VAP/LIQ      212.422      771.339
    20  NC16                   LIBRARY      VAP/LIQ      226.449      776.534
    21  NC17                   LIBRARY      VAP/LIQ      240.476      780.929
    22  NC18                   LIBRARY      VAP/LIQ      254.504      784.825
    23  H2                     LIBRARY      VAP/LIQ        2.016       69.931
    24  H2S                    LIBRARY      VAP/LIQ       34.079      789.281
    25  hp5                  PETRO CUT      VAP/LIQ      129.300      752.200
    26  hp6                  PETRO CUT      VAP/LIQ      142.300      764.500
    27  hp7                  PETRO CUT      VAP/LIQ      156.700      774.500
    28  hp8                  PETRO CUT      VAP/LIQ      170.000      785.300
    29  hp9                  PETRO CUT      VAP/LIQ      184.200      795.200
    30  hp10                 PETRO CUT      VAP/LIQ      198.200      803.400
    31  hp11                 PETRO CUT      VAP/LIQ      212.000      810.000
    32  hp12                 PETRO CUT      VAP/LIQ      226.500      818.100
    33  hp14                 PETRO CUT      VAP/LIQ      254.200      830.650
    34  hp13                 PETRO CUT      VAP/LIQ      240.800      828.500

 SIMULATION SCIENCES INC.          R                                   PAGE P-2
 PROJECT                     PRO/II  VERSION 4.17 ELEC V12               386/EM
 PROBLEM                                 OUTPUT                                
                                     COMPONENT DATA                    02/13/98
 ==============================================================================
 
         COMPONENT             NBP      CRIT. TEMP.  CRIT. PRES.  CRIT. VOLM.
                                C            C         KG/CM2      M3/KG-MOL
   ---------------------   -----------  -----------  -----------  -----------
     1  H2O                    100.000      374.200      225.553        .0554
     2  NH3                    -33.400      132.400      115.204        .0725
     3  NC5                     36.074      196.500       34.355        .3040
     4  ISOOCTAN                99.238      270.740       26.182        .4680
     5  PXYLENE                138.350      343.000       35.801        .3790
     6  C1                    -161.490      -82.600       46.908        .0990
     7  C2                     -88.630       32.300       49.802        .1480
     8  C3                     -42.070       96.670       43.334        .2030
     9  NC4                      -.500      152.000       38.746        .2550
    10  NC6                     68.740      234.200       30.274        .3700
    11  NC7                     98.430      267.000       27.897        .4320
    12  NC8                    125.670      295.600       25.314        .4920
    13  NC9                    150.800      321.400       23.330        .5480
    14  NC10                   174.100      344.300       21.388        .6020
    15  NC11                   195.890      365.600       20.045        .6570
    16  NC12                   216.300      385.100       18.495        .7180
    17  NC13                   235.434      402.600       17.565        .7700
    18  NC14                   253.515      418.700       16.532        .8200
    19  NC15                   270.614      433.600       15.498        .8800
    20  NC16                   286.793      447.400       14.465        .9300
    21  NC17                   302.150      460.200       13.432        .9800
    22  NC18                   316.710      472.100       12.399       1.0000
    23  H2                    -252.800     -239.900       13.225        .0650
    24  H2S                    -60.340      100.400       91.854        .0977
    25  hp5                    142.000      324.568       26.189        .4951
    26  hp6                    168.000      350.601       23.900        .5564
    27  hp7                    190.000      372.153       22.152        .6120
    28  hp8                    210.000      392.034       20.809        .6631
    29  hp9                    228.000      409.797       19.714        .7105
    30  hp10                   248.000      428.371       18.436        .7693
    31  hp11                   268.000      446.140       17.174        .8336
    32  hp12                   268.000      449.018       17.639        .8186
    33  hp14                   315.400      489.202       14.830        .9864
    34  hp13                   297.000      474.767       16.009        .9131

 SIMULATION SCIENCES INC.          R                                   PAGE P-3
 PROJECT                     PRO/II  VERSION 4.17 ELEC V12               386/EM
 PROBLEM                                 OUTPUT                                
                                     COMPONENT DATA                    02/13/98
 ==============================================================================
 
         COMPONENT         ACEN. FACT.  HEAT FORM.     G FORM.
                                        KCAL/KG-MOL  KCAL/KG-MOL
   ---------------------   -----------  -----------  -----------
     1  H2O                     .34800    -57799.99    -54646.99
     2  NH3                     .25227    -10974.23     -3929.61
     3  NC5                     .25060    -34982.56     -2040.48
     4  ISOOCTAN                .30370    -53502.68      3248.45
     5  PXYLENE                 .32120      4285.54     28930.93
     6  C1                      .01040    -17814.56    -12070.08
     7  C2                      .09860    -20066.78     -7672.47
     8  C3                      .15290    -24805.58     -5633.13
     9  NC4                     .20130    -30040.13     -3982.90
    10  NC6                     .29430    -39872.93       -19.11
    11  NC7                     .34990    -44829.70      1931.67
    12  NC8                     .39770    -49874.13      3793.64
    13  NC9                     .44950    -54651.76      5929.23
    14  NC10                    .48980    -59610.44      7891.04
    15  NC11                    .53160    -64550.49      9849.98
    16  NC12                    .57270    -69449.22     11850.22
    17  NC13                    .62300    -74376.85     13836.01
    18  NC14                    .66700    -79321.92     15818.52
    19  NC15                    .70700    -84221.12     17825.40
    20  NC16                    .74400    -89243.10     19695.54
    21  NC17                    .77000    -94079.01     21772.86
    22  NC18                    .79200    -99142.54     23622.72
    23  H2                     -.22000          .00          .00
    24  H2S                     .10000     -4916.48     -7995.06
    25  hp5                     .36720    -30115.17      MISSING
    26  hp6                     .41408    -35669.75      MISSING
    27  hp7                     .45506    -40923.02      MISSING
    28  hp8                     .49068    -46836.10      MISSING
    29  hp9                     .52309    -52749.87      MISSING
    30  hp10                    .56392    -58984.13      MISSING
    31  hp11                    .60828    -65289.00      MISSING
    32  hp12                    .59642    -70972.19      MISSING
    33  hp14                    .71068    -76549.25      MISSING
    34  hp13                    .66116    -70930.78      MISSING

 SIMULATION SCIENCES INC.          R                                   PAGE P-4
 PROJECT                     PRO/II  VERSION 4.17 ELEC V12               386/EM
 PROBLEM                                 OUTPUT                                
                           CALCULATION SEQUENCE AND RECYCLES           02/13/98
 ==============================================================================
 
 CALCULATION SEQUENCE
 
  SEQ    UNIT ID     UNIT TYPE     SEQ    UNIT ID     UNIT TYPE
  ---  ------------  ----------    ---  ------------  ----------
    1  T1            COLUMN          4  P3            PUMP
    2  P1            PUMP            5  T3            COLUMN
    3  T2            COLUMN          6  P2            PUMP

 SIMULATION SCIENCES INC.          R                                   PAGE P-5
 PROJECT                     PRO/II  VERSION 4.17 ELEC V12               386/EM
 PROBLEM                                 OUTPUT                                
                                 PLANT MATERIAL BALANCE                02/13/98
 ==============================================================================
 
 FEED STREAMS:     A                   FG
 
 PRODUCT STREAMS:  D                   O                   M
                   N                   K
 
 
 OVERALL PLANT MOLAR BALANCE
 
                          ---------------- KG-MOL/HR ----------------  PERCENT
        COMPONENT            FEED     +REACTION  -PRODUCT  =DEVIATION    DEV
   ---------------------  ---------- ---------- ---------- ----------  -------
     1  H2O                     .000       .000       .000       .000      .00
     2  NH3                     .000       .000       .000       .000      .00
     3  NC5                     .000       .000       .000       .000      .00
     4  ISOOCTAN                .060       .000       .060       .000      .00
     5  PXYLENE                 .000       .000       .000       .000      .00
     6  C1                      .300       .000       .300       .000      .00
     7  C2                      .200       .000       .200       .000      .00
     8  C3                      .000       .000       .000       .000      .00
     9  NC4                     .000       .000       .000       .000      .00
    10  NC6                     .000       .000       .000       .000      .00
    11  NC7                     .000       .000       .000       .000      .00
    12  NC8                     .000       .000       .000       .000      .00
    13  NC9                     .119       .000       .119       .000      .00
    14  NC10                  27.835       .000     27.833       .001      .00
    15  NC11                  29.881       .000     29.877       .004      .01
    16  NC12                  22.605       .000     22.602       .003      .01
    17  NC13                  17.357       .000     17.355       .002      .01
    18  NC14                  11.365       .000     11.370      -.005     -.04
    19  NC15                   6.928       .000      6.931      -.003     -.04
    20  NC16                   2.615       .000      2.616      -.001     -.04
    21  NC17                    .005       .000       .005       .000      .00
    22  NC18                    .000       .000       .000       .000      .00
    23  H2                      .000       .000       .000       .000      .00
    24  H2S                     .000       .000       .000       .000      .00
    25  hp5                     .001       .000       .001       .000      .00
    26  hp6                     .030       .000       .030       .000      .00
    27  hp7                     .095       .000       .095       .000      .00
    28  hp8                     .174       .000       .174       .000      .00
    29  hp9                     .142       .000       .142       .000      .00
    30  hp10                    .136       .000       .136       .000      .00
    31  hp11                    .985       .000       .985       .000      .00
    32  hp12                    .015       .000       .015       .000      .00
    33  hp14                    .000       .000       .000       .000      .00
    34  hp13                    .001       .000       .001       .000      .00
 
        TOTAL                120.847       .000    120.847       .000      .00

 SIMULATION SCIENCES INC.          R                                   PAGE P-6
 PROJECT                     PRO/II  VERSION 4.17 ELEC V12               386/EM
 PROBLEM                                 OUTPUT                                
                                 PLANT MATERIAL BALANCE                02/13/98
 ==============================================================================
 
 OVERALL PLANT MASS BALANCE
 
                          ------------------ KG/HR ------------------  PERCENT
        COMPONENT            FEED     +REACTION  -PRODUCT  =DEVIATION    DEV
   ---------------------  ---------- ---------- ---------- ----------  -------
     1  H2O                      .00        .00        .00        .00      .00
     2  NH3                      .00        .00        .00        .00      .00
     3  NC5                      .00        .00        .00        .00      .00
     4  ISOOCTAN                6.87        .00       6.87        .00      .00
     5  PXYLENE                  .00        .00        .00        .00      .00
     6  C1                      4.81        .00       4.81        .00      .00
     7  C2                      6.01        .00       6.01        .00      .00
     8  C3                       .00        .00        .00        .00      .00
     9  NC4                      .00        .00        .00        .00      .00
    10  NC6                      .00        .00        .00        .00      .00
    11  NC7                      .00        .00        .00        .00      .00
    12  NC8                      .00        .00        .00        .00      .00
    13  NC9                    15.30        .00      15.30        .00      .00
    14  NC10                 3960.49        .00    3960.33        .16      .00
    15  NC11                 4670.77        .00    4670.21        .56      .01
    16  NC12                 3850.50        .00    3850.03        .46      .01
    17  NC13                 3200.08        .00    3199.70        .38      .01
    18  NC14                 2254.68        .00    2255.66       -.97     -.04
    19  NC15                 1471.74        .00    1472.39       -.64     -.04
    20  NC16                  592.18        .00     592.44       -.26     -.04
    21  NC17                    1.14        .00       1.14        .00      .00
    22  NC18                     .00        .00        .00        .00      .00
    23  H2                       .00        .00        .00        .00      .00
    24  H2S                      .00        .00        .00        .00      .00
    25  hp5                      .19        .00        .19        .00      .00
    26  hp6                     4.27        .00       4.27        .00      .00
    27  hp7                    14.83        .00      14.83        .00      .00
    28  hp8                    29.50        .00      29.50        .00      .00
    29  hp9                    26.12        .00      26.11        .00      .00
    30  hp10                   26.92        .00      26.93       -.01     -.03
    31  hp11                  208.74        .00     208.83       -.09     -.04
    32  hp12                    3.47        .00       3.48        .00      .00
    33  hp14                     .00        .00        .00        .00      .00
    34  hp13                     .20        .00        .20        .00      .00
 
        TOTAL               20348.83        .00   20349.23       -.40      .00

 SIMULATION SCIENCES INC.          R                                   PAGE P-7
 PROJECT                     PRO/II  VERSION 4.17 ELEC V12               386/EM
 PROBLEM                                 OUTPUT                                
                                      PUMP SUMMARY                     02/13/98
 ==============================================================================
 
                                  UNIT 2, 'P1'
 
 FEEDS                                 E
 
 PRODUCTS LIQUID                       F
 
 
 OPERATING CONDITIONS
 
                                    INLET       OUTLET
                              -----------  -----------
  TEMPERATURE, C                   243.00       288.11
  PRESSURE, KG/CM2                   2.00         7.00
  MOLE FRAC VAPOR                   .0000        .0000
  MOLE FRAC LIQUID                 1.0000       1.0000
  ACT FLOW RATE, M3/HR            30.4334      33.1026
  EFFICIENCY, PERCENT                            .6000
  HEAD, M                                      86.1092
  WORK, KW                                    690.8568

 SIMULATION SCIENCES INC.          R                                   PAGE P-8
 PROJECT                     PRO/II  VERSION 4.17 ELEC V12               386/EM
 PROBLEM                                 OUTPUT                                
                                      PUMP SUMMARY                     02/13/98
 ==============================================================================
 
                                  UNIT 5, 'P3'
 
 FEEDS                                 I
 
 PRODUCTS LIQUID                       L
 
 
 OPERATING CONDITIONS
 
                                    INLET       OUTLET
                              -----------  -----------
  TEMPERATURE, C                   292.79       379.02
  PRESSURE, KG/CM2                   1.94        11.94
  MOLE FRAC VAPOR                   .0000        .0000
  MOLE FRAC LIQUID                 1.0000       1.0000
  ACT FLOW RATE, M3/HR             8.0121       9.5277
  EFFICIENCY, PERCENT                            .6000
  HEAD, M                                     176.5311
  WORK, KW                                    363.7583

 SIMULATION SCIENCES INC.          R                                   PAGE P-9
 PROJECT                     PRO/II  VERSION 4.17 ELEC V12               386/EM
 PROBLEM                                 OUTPUT                                
                                      PUMP SUMMARY                     02/13/98
 ==============================================================================
 
                                  UNIT 7, 'P2'
 
 FEEDS                                 H
 
 PRODUCTS LIQUID                       K
 
 
 OPERATING CONDITIONS
 
                                    INLET       OUTLET
                              -----------  -----------
  TEMPERATURE, C                   210.60       298.15
  PRESSURE, KG/CM2                   1.20        11.20
  MOLE FRAC VAPOR                   .0000        .0000
  MOLE FRAC LIQUID                 1.0000       1.0000
  ACT FLOW RATE, M3/HR            21.7972      25.6656
  EFFICIENCY, PERCENT                            .6000
  HEAD, M                                     165.9700
  WORK, KW                                    989.6168

 SIMULATION SCIENCES INC.          R                                  PAGE P-10
 PROJECT                     PRO/II  VERSION 4.17 ELEC V12               386/EM
 PROBLEM                                 OUTPUT                                
                                     COLUMN SUMMARY                    02/13/98
 ==============================================================================
 
                              UNIT 1, 'T1', 'c10'
 
 TOTAL NUMBER OF ITERATIONS
 
     SURE   METHOD     11
 
 
 COLUMN SUMMARY
 
                            ---------- NET FLOW RATES -----------     HEATER
   TRAY    TEMP   PRESSURE   LIQUID    VAPOR    FEED     PRODUCT      DUTIES
           DEG C   KG/CM2                KG-MOL/HR                  M*KCAL/HR
  ------  ------- --------  -------- -------- --------- ---------  ------------
       1C   178.6     1.20     104.4                        18.7L       -1.2100
       2    185.4     1.40     111.2    123.1
       3    186.0     1.41     111.3    129.9
       4    186.5     1.43     111.4    130.0
       5    186.9     1.44     111.4    130.0
       6    187.4     1.46     111.3    130.0
       7    187.9     1.47     111.3    130.0
       8    188.4     1.48     111.2    130.0
       9    189.0     1.50     111.1    129.9
      10    189.6     1.51     110.9    129.8
      11    190.3     1.53     110.7    129.6
      12    191.1     1.54     110.3    129.3
      13    192.0     1.55     109.8    129.0
      14    193.2     1.57     109.2    128.5
      15    194.5     1.58     108.6    127.9
      16    196.0     1.60     107.8    127.2
      17    197.7     1.61     107.0    126.5
      18    199.5     1.62     106.2    125.7
      19    201.5     1.64     105.3    124.8
      20    203.5     1.65     104.4    124.0
      21    205.7     1.67     103.2    123.1
      22    208.1     1.68     101.3    121.8
      23    211.3     1.69      97.9    119.9
      24    216.2     1.71      91.7    116.5     23.0V
      25    223.2     1.72     187.8     87.4     97.4L
      26    223.6     1.73     188.3     86.1
      27    223.9     1.75     188.9     86.7
      28    224.3     1.76     189.4     87.2
      29    224.6     1.78     189.9     87.7
      30    224.9     1.79     190.4     88.2
      31    225.3     1.80     191.0     88.8
      32    225.6     1.82     191.5     89.3
      33    226.0     1.83     192.0     89.8
      34    226.3     1.85     192.5     90.3
      35    226.7     1.86     193.0     90.8
      36    227.1     1.87     193.6     91.4
      37    227.5     1.89     194.1     91.9
      38    227.9     1.90     194.7     92.4
      39    228.5     1.92     195.2     93.0
      40    229.1     1.93     195.8     93.6

 SIMULATION SCIENCES INC.          R                                  PAGE P-11
 PROJECT                     PRO/II  VERSION 4.17 ELEC V12               386/EM
 PROBLEM                                 OUTPUT                                
                                     COLUMN SUMMARY                    02/13/98
 ==============================================================================
 
                          UNIT 1, 'T1', 'c10'  (CONT)
 
                            ---------- NET FLOW RATES -----------     HEATER
   TRAY    TEMP   PRESSURE   LIQUID    VAPOR    FEED     PRODUCT      DUTIES
           DEG C   KG/CM2                KG-MOL/HR                  M*KCAL/HR
  ------  ------- --------  -------- -------- --------- ---------  ------------
      41    230.0     1.94     196.4     94.2
      42    231.1     1.96     197.0     94.8
      43    232.9     1.97     197.1     95.3
      44    236.0     1.99     195.8     95.5
      45R   243.0     2.00               94.1              101.7L        1.0602
 
 
 FEED AND PRODUCT STREAMS
 
  TYPE     STREAM    PHASE   FROM  TO   LIQUID        FLOW RATES    HEAT RATES
                             TRAY TRAY   FRAC         KG-MOL/HR     M*KCAL/HR
  ----- ------------ ------  ---- ----  ------       ------------  ------------
  FEED  A            MIXED          25   .8091             120.35        2.9552
  PROD  D            LIQUID     1                           18.68         .2768
  PROD  E            LIQUID    45                          101.67        2.5285
 
 
 PSEUDO PRODUCT STREAMS
 
    TYPE   STREAM  PHASE   FROM   TO    LIQUID        FLOW RATES    HEAT RATES
                             TRAY TRAY   FRAC         KG-MOL/HR     M*KCAL/HR
  ----- ------------ ------  ---- ----  ------       ------------  ------------
  NET   DD           VAPOR      2                          123.11        3.0347
  NET   DV           VAPOR     45                           94.09        3.1146
  NET   D1           LIQUID    44                          195.76        4.5829
 
  OVERALL MOLE BALANCE, (FEEDS - PRODUCTS)             1.2490E-14
  OVERALL HEAT BALANCE, (H(IN) - H(OUT)  )                           3.1658E-05
 
 
 SPECIFICATIONS
 
      PARAMETER      TRAY   COMP   SPECIFICATION  SPECIFIED   CALCULATED
        TYPE          NO     NO        TYPE         VALUE       VALUE
  -----------------  ----  ------  -------------  ----------  ----------
  STRM D                1      15  WT  FRACTION    1.000E-03   1.000E-03
 
 
 REFLUX RATIOS
 
                                     -------- REFLUX RATIOS --------
                                       MOLAR      WEIGHT   STD L VOL
                                     ---------  ---------  ---------
  REFLUX / FEED STREAM A                 .8677      .7297      .7480
  REFLUX / LIQUID DISTILLATE            5.5909     5.5909     5.5909



$ Generated by PRO/II Keyword Generation System <version 2.71 - 02-14-95>
$ Generated on: Thu Jan 01 13:47:48 1998
TITLE DATE=11/14/97
  PRINT INPUT=PART, STREAM=ALL, RATE=M,WT, PERCENT=M,WT, MBALANCE, &
         ION=NONE
  DIMENSION METRIC, STDTEMP=0, STDPRES=1.03323
  SEQUENCE DEFINED=T1,E1,E3,E2,P1,T2
  CALCULATION RVPBASIS=APIN, TVP=37.778, RECYCLE=ALL
COMPONENT DATA
  LIBID 1,NH3/2,H2O
THERMODYNAMIC DATA
  METHOD SYSTEM=SRKS, TRANSPORT=PURE, DIFFUSIVITY=PRED, SET=SRKS01, &
         DEFAULT
STREAM DATA
  PROPERTY STREAM=S1, TEMPERATURE=40, PRESSURE=20, PHASE=M, &
         RATE(WT)=10000, COMPOSITION(WT)=1,2000/2,8000, NORMALIZE
  PROPERTY STREAM=S5, TEMPERATURE=40, PRESSURE=2, PHASE=M, &
         RATE(M)=2000, COMPOSITION(M)=1,2000/2,20
UNIT OPERATIONS
  COLUMN UID=T1
      PARAMETER TRAY=20,SURE=20 CAVE=3
      FEED S8,4
      PRODUCT  OVHD(WT)=S2,2000, BTMS(WT)=S3,7999.99, SUPERSEDE=OFF
      CONDENSER TYPE=PART, PRESSURE=20, TEST=100
      DUTY 1,1/2,20
      PSPEC PTOP=20
      PRINT COMPOSITION=M,WT, PROPTABLE=ALL, &
                 RECOVERY, DIAGRAM, TLOADING
      ESTIMATE MODEL=SIMPLE, RRATIO=15, CTEMP=100, TTEMP=210, &
                 BTEMP=220, RTEMP=220
      TEMPERATURE 2,210/19,220/20,220
      VAPOR(WT) 1,1800/20,2000
      LIQUID(L,M) 1,1000/20,7999.99
      SPEC STREAM=S2,FRACTION(WT), PHASE=V, COMP=1, VALUE=0.995
      SPEC STREAM=S3,PPM(WT), COMP=1, VALUE=100
      VARY DUTY=2,1
      REBOILER TYPE=KETTLE
      METHOD SET=SRKS01
  HX   UID=E1
      HOT  FEED=S2, M=S4
      UTILITY WATER, TIN=33, TEMPERATURE=38
      CONFIGURE COUNTER
      OPER HTEMP=40
  HX   UID=E3
      HOT  FEED=S3, M=S9
      COLD FEED=S7, M=S8
      CONFIGURE COUNTER
      OPER HTEMP=150
  HX   UID=E2
      HOT  FEED=S9, M=S10
      UTILITY WATER, TIN=30, TEMPERATURE=40
      CONFIGURE COUNTER
      OPER HTEMP=40
  PUMP UID=P1
      FEED S1
      PRODUCT  M=S7
      OPERATION PRESSURE=15
  COLUMN UID=T2
      PARAMETER TRAY=10,IO
      FEED S5,10/S10,1
      PRODUCT  BTMS(WT)=S1,10000, OVHD(WT)=S6,10
      PSPEC PTOP=2
      PRINT PROPTABLE=PART
      SPEC STREAM=S6,PPM, COMP=1, VALUE=1
      VARY FEED=S5
RECYCLE DATA
  ACCELERATION TYPE=WEGSTEIN
END

 SIMULATION SCIENCES INC.               R                              PAGE R-1
 PROJECT                          PRO/II  VERSION 4.17                   386/EM
 PROBLEM                                 INPUT                                 
                                   THERMODYNAMIC DATA                  11/14/97
 ==============================================================================
 
                       VLE K-VALUE DATA FOR SET 'SRKS01'
 
 SRK SIMSCI PURE COMPONENT DATA
 
 COMP    CRITICAL    CRITICAL ALPHA          C1          C2          C3
      TEMPERATURE    PRESSURE  TYPE
            DEG C      KG/CM2
 ----  ----------  ---------- -----  ----------  ----------  ----------
    1      132.40      115.20     5       .3638       .8640         N/A
    2      374.20      225.55     6       .3569       .8743      2.4807
 
 
 SRK SIMSCI INTERACTION PARAMETERS
 
 KIJ = A(I,J) + B(I,J)/T + C(I,J)/T**2
 
    I   J    KA(I,J)    KB(I,J)    KC(I,J)     C(I,J)  UNITS  FROM
             KA(J,I)    KB(J,I)    KC(J,I)     C(J,I)
  --- --- ---------- ---------- ---------- ----------  -----  ----
    1   2     -.2800        .00        .00      .0000  DEG K  SIMSCI SRK BANK
              -.2800        .00        .00      .0000

 SIMULATION SCIENCES INC.               R                              PAGE R-1
 PROJECT                          PRO/II  VERSION 4.17                   386/EM
 PROBLEM                                 INPUT                                 
                                   THERMODYNAMIC DATA                  11/14/97
 ==============================================================================
 
                THERMODYNAMIC SETS USED FOR EACH UNIT OPERATION
 
 DEFAULT METHOD IS SRKS01
 
 THERMODYNAMIC SET   UNIT OPERATIONS
 -----------------   ---------------
 SRKS01              T1, E1, T2, P1, E2, E3
 
 UNIT IDENTIFIER     UNIT OPERATION                THERMODYNAMIC SET
 ---------------     --------------                -----------------
 T1                  COLUMN                        SRKS01
 E1                  HEAT EXCHANGER                SRKS01, SRKS01
 T2                  COLUMN                        SRKS01
 P1                  PUMP                          SRKS01
 E2                  HEAT EXCHANGER                SRKS01, SRKS01
 E3                  HEAT EXCHANGER                SRKS01, SRKS01

 SIMULATION SCIENCES INC.               R                              PAGE R-2
 PROJECT                          PRO/II  VERSION 4.17                   386/EM
 PROBLEM                                 INPUT                                 
                                   THERMODYNAMIC DATA                  11/14/97
 ==============================================================================
 
                    THERMODYNAMIC METHODS USED FOR EACH SET
 
 THERMODYNAMIC SET        SRKS01 (DEFAULT)
 
   PROPERTY               METHOD
   --------               ------
   KVALUE(VLE)            SRK-SIMSCI
   KVALUE(LLE)            UNSPECIFIED
   KVALUE(SLE)            UNSPECIFIED
   LIQUID ENTHALPY        SRK-SIMSCI
   VAPOR  ENTHALPY        SRK-SIMSCI
   LIQUID DENSITY         API
   VAPOR  DENSITY         SRK-SIMSCI
   LIQUID ENTROPY         SRK-SIMSCI
   VAPOR  ENTROPY         SRK-SIMSCI
   LIQUID VISCOSITY       IDEAL
   VAPOR  VISCOSITY       IDEAL
   LIQUID CONDUCTIVITY    IDEAL
   VAPOR  CONDUCTIVITY    IDEAL
   SURFACE TENSION        IDEAL
   LIQUID DIFFUSIVITY     DIFFUSIVITY PREDICTED

 SIMULATION SCIENCES INC.               R                              PAGE H-1
 PROJECT                          PRO/II  VERSION 4.17                   386/EM
 PROBLEM                              CALCULATION                              
                                        HISTORY                        11/14/97
 ==============================================================================
 
 *** PROBLEM SOLUTION BEGINS
     FEED FLASH    COMPLETE
       LOOP  1     BEGINS   - 'LOOP1       '
      ITER, ALFA, ALFA MAX, ERROR SUM =   1   .593E-03   .593E-03   .380E+02
      ERROR( H, E, M ) =    .13E+02   -.34E+01    .60E+01
      ITER, ALFA, ALFA MAX, ERROR SUM =   2   .267E-02   .267E-02   .365E+02
      ERROR( H, E, M ) =    .13E+02   -.35E+01    .60E+01
      ITER, ALFA, ALFA MAX, ERROR SUM =   3   .406E-02   .406E-02   .356E+02
      ERROR( H, E, M ) =    .13E+02   -.34E+01    .59E+01
      ITER, ALFA, ALFA MAX, ERROR SUM =   4   .609E-02   .609E-02   .349E+02
      ERROR( H, E, M ) =    .13E+02   -.34E+01    .59E+01
      ITER, ALFA, ALFA MAX, ERROR SUM =   5   .928E-02   .928E-02   .340E+02
      ERROR( H, E, M ) =    .13E+02   -.35E+01    .57E+01
      ITER, ALFA, ALFA MAX, ERROR SUM =   6   .145E-01   .145E-01   .329E+02
      ERROR( H, E, M ) =    .13E+02   -.34E+01    .55E+01
      ITER, ALFA, ALFA MAX, ERROR SUM =   7   .222E-01   .222E-01   .319E+02
      ERROR( H, E, M ) =    .13E+02   -.34E+01    .53E+01
      ITER, ALFA, ALFA MAX, ERROR SUM =   8   .343E-01   .343E-01   .310E+02
      ERROR( H, E, M ) =    .12E+02   -.33E+01    .48E+01
      ITER, ALFA, ALFA MAX, ERROR SUM =   9   .538E-01   .538E-01   .282E+02
      ERROR( H, E, M ) =    .11E+02   -.28E+01    .36E+01
      ITER, ALFA, ALFA MAX, ERROR SUM =  10   .867E-01   .867E-01   .250E+02
      ERROR( H, E, M ) =    .94E+01   -.23E+01    .26E+01
      ITER, ALFA, ALFA MAX, ERROR SUM =  11   .144E+00   .144E+00   .214E+02
      ERROR( H, E, M ) =    .80E+01   -.19E+01    .17E+01
      ITER, ALFA, ALFA MAX, ERROR SUM =  12   .246E+00   .246E+00   .177E+02
      ERROR( H, E, M ) =    .65E+01   -.16E+01    .11E+01
      ITER, ALFA, ALFA MAX, ERROR SUM =  13   .445E+00   .445E+00   .142E+02
      ERROR( H, E, M ) =    .52E+01   -.14E+01    .80E+00
      ITER, ALFA, ALFA MAX, ERROR SUM =  14   .893E+00   .893E+00   .110E+02
      ERROR( H, E, M ) =    .40E+01   -.12E+01    .64E+00
      ITER, ALFA, ALFA MAX, ERROR SUM =  15   .100E+01   .100E+01   .776E+01
      ERROR( H, E, M ) =    .22E+01   -.52E+00    .27E+00
      ITER, ALFA, ALFA MAX, ERROR SUM =  16   .100E+01   .100E+01   .268E+01
      ERROR( H, E, M ) =    .50E+00   -.18E+00    .53E-01
      ITER, ALFA, ALFA MAX, ERROR SUM =  17   .100E+01   .100E+01   .170E+01
      ERROR( H, E, M ) =    .16E+00    .23E+00    .30E-01
      ITER, ALFA, ALFA MAX, ERROR SUM =  18   .100E+01   .100E+01   .148E+01
      ERROR( H, E, M ) =    .10E+00   -.23E+00    .34E-01
      ITER, ALFA, ALFA MAX, ERROR SUM =  19   .100E+01   .100E+01   .806E+00
      ERROR( H, E, M ) =    .61E-01    .13E+00   -.19E-01
      ITER, ALFA, ALFA MAX, ERROR SUM =  20   .650E+00   .100E+01   .343E+00
      ERROR( H, E, M ) =    .39E-01    .44E-01    .66E-02
     UNIT    1 NOT SOLVED   - 'T1          '
     UNIT    2     SOLVED   - 'E1          '
     UNIT    6     SOLVED   - 'E3          '
     UNIT    5     SOLVED   - 'E2          '
 ** WARNING **  UNIT 4, 'P1' - COMPUTED OR SPECIFIED OUTLET PRESSURE LOWER THAN
                INLET PRESSURE - CALCULATIONS HAVE BEEN BYPASSED
     UNIT    4     SOLVED   - 'P1          '
 ** WARNING **  UNIT 3, 'T2' - STREAM S6 - THE GIVEN FIXED STREAM RATE (53.947)
                AND THE PRODUCT RATE ESTIMATE (.5551) WERE DIFFERENT, SO THE
                RATE ESTIMATE HAS BEEN CHANGED TO 53.947.

 SIMULATION SCIENCES INC.               R                              PAGE H-2
 PROJECT                          PRO/II  VERSION 4.17                   386/EM
 PROBLEM                              CALCULATION                              
                                        HISTORY                        11/14/97
 ==============================================================================
 
             INNER  0 : E(ENTH+SPEC) = 1.923E+05
             CALCULATING NEW MATRIX
             INNER  1 : E(ENTH+SPEC) = 5.261E+02  ALPHA =   .7984
             INNER  2 : E(ENTH+SPEC) = 5.018E+02  ALPHA =  1.0000
             INNER  3 : E(ENTH+SPEC) = 5.037E+02  ALPHA =   .0005
             INNER  4 : E(ENTH+SPEC) = 4.981E+02  ALPHA =  -.0017
             INNER  5 : E(ENTH+SPEC) = 4.957E+02  ALPHA =  -.0016
             INNER  6 : E(ENTH+SPEC) = 4.946E+02  ALPHA =  -.0010
       ITER  1 E(K) = 2.589E+00 E(ENTH+SPEC) = 4.946E+02  E(SUM) = 5.282E+02
               DAMP = 1.000E+00
             INNER  0 : E(ENTH+SPEC) = 2.586E+02
             INNER  1 : E(ENTH+SPEC) = 2.585E+02  ALPHA =  -.0014
             INNER  2 : E(ENTH+SPEC) = 2.585E+02  ALPHA =  -.0005
             INNER  3 : E(ENTH+SPEC) = 2.584E+02  ALPHA =  -.0003
             INNER  4 : E(ENTH+SPEC) = 2.584E+02  ALPHA =  -.0002
             CALCULATING NEW MATRIX
             INNER  1 : E(ENTH+SPEC) = 2.584E+02  ALPHA =   .0000
             INNER  2 : E(ENTH+SPEC) = 2.584E+02  ALPHA =   .0000
             INNER  3 : E(ENTH+SPEC) = 2.581E+02  ALPHA =   .0000
             INNER  4 : E(ENTH+SPEC) = 2.574E+02  ALPHA =   .0000
             CALCULATING NEW MATRIX
             INNER  1 : E(ENTH+SPEC) = 2.574E+02  ALPHA =   .0000
             INNER  2 : E(ENTH+SPEC) = 2.574E+02  ALPHA =   .0000
             INNER  3 : E(ENTH+SPEC) = 2.574E+02  ALPHA =   .0000
             INNER  4 : E(ENTH+SPEC) = 2.574E+02  ALPHA =   .0000
 *** ERROR ***  COLUMN CALCULATIONS TERMINATED BECAUSE ALPHA WAS BELOW .01 FOR
                4 CONSECUTIVE ITERATIONS AFTER 2 NEW MATRIX CALCULATIONS.
     UNIT    3 NOT SOLVED   - 'T2          '
       MAX ERRORS:  X=-269.  (S6)                T=313.  (S10)
                    P=-9.  (S1)
       LOOP  1 NOT SOLVED AFTER   1 TRIALS
      ITER, ALFA, ALFA MAX, ERROR SUM =   1   .275E+00   .100E+01   .117E+01
      ERROR( H, E, M ) =    .23E+00   -.12E+00    .16E-01
      ITER, ALFA, ALFA MAX, ERROR SUM =   2   .100E+01   .100E+01   .951E+00
      ERROR( H, E, M ) =    .11E+00   -.72E-01    .15E-01
      ITER, ALFA, ALFA MAX, ERROR SUM =   3   .275E+00   .100E+01   .179E+01
      ERROR( H, E, M ) =   -.10E+00   -.15E+00    .17E-01
      ITER, ALFA, ALFA MAX, ERROR SUM =   4   .100E+01   .100E+01   .525E+00
      ERROR( H, E, M ) =    .61E-01   -.42E-01    .73E-02
      ITER, ALFA, ALFA MAX, ERROR SUM =   5   .275E+00   .100E+01   .103E+01
      ERROR( H, E, M ) =   -.69E-01   -.11E+00   -.12E-01
      ITER, ALFA, ALFA MAX, ERROR SUM =   6   .100E+01   .100E+01   .280E+00
      ERROR( H, E, M ) =   -.33E-01   -.20E-01    .30E-02
      ITER, ALFA, ALFA MAX, ERROR SUM =   7   .275E+00   .100E+01   .603E+00
      ERROR( H, E, M ) =    .42E-01   -.67E-01    .79E-02
      ITER, ALFA, ALFA MAX, ERROR SUM =   8   .100E+01   .100E+01   .158E+00
      ERROR( H, E, M ) =    .19E-01   -.94E-02    .14E-02
      ITER, ALFA, ALFA MAX, ERROR SUM =   9   .275E+00   .100E+01   .362E+00
      ERROR( H, E, M ) =    .26E-01   -.41E-01    .48E-02
      ITER, ALFA, ALFA MAX, ERROR SUM =  10   .100E+01   .100E+01   .916E-01
      ERROR( H, E, M ) =    .11E-01   -.45E-02    .61E-03
      ITER, ALFA, ALFA MAX, ERROR SUM =  11   .275E+00   .100E+01   .221E+00
      ERROR( H, E, M ) =    .16E-01   -.25E-01    .32E-02

 SIMULATION SCIENCES INC.               R                              PAGE H-3
 PROJECT                          PRO/II  VERSION 4.17                   386/EM
 PROBLEM                              CALCULATION                              
                                        HISTORY                        11/14/97
 ==============================================================================
 
     UNIT    1 NOT SOLVED   - 'T1          '
     UNIT    2     SOLVED   - 'E1          '
     UNIT    6     SOLVED   - 'E3          '
     UNIT    5     SOLVED   - 'E2          '
     UNIT    4     SOLVED   - 'P1          '
             INNER  0 : E(ENTH+SPEC) = 4.772E+02
             CALCULATING NEW MATRIX
             INNER  1 : E(ENTH+SPEC) = 4.360E+02  ALPHA =   .0002
             INNER  2 : E(ENTH+SPEC) = 2.994E+02  ALPHA =   .0000
             INNER  3 : E(ENTH+SPEC) = 3.190E+01  ALPHA =   .0071
             INNER  4 : E(ENTH+SPEC) = 3.016E+01  ALPHA =  -.0147
             INNER  5 : E(ENTH+SPEC) = 2.945E+01  ALPHA =  -.0044
             INNER  6 : E(ENTH+SPEC) = 2.938E+01  ALPHA =  -.0020
             INNER  7 : E(ENTH+SPEC) = 2.936E+01  ALPHA =   .0098
             INNER  8 : E(ENTH+SPEC) = 2.935E+01  ALPHA =   .0045
       ITER  1 E(K) = 7.699E-01 E(ENTH+SPEC) = 2.935E+01  E(SUM) = 4.126E+01
               DAMP = 1.000E+00
             INNER  0 : E(ENTH+SPEC) = 3.867E+01
             INNER  1 : E(ENTH+SPEC) = 3.252E+01  ALPHA =   .0000
             INNER  2 : E(ENTH+SPEC) = 3.132E+01  ALPHA =  -.0011
             INNER  3 : E(ENTH+SPEC) = 3.091E+01  ALPHA =  -.0004
             INNER  4 : E(ENTH+SPEC) = 3.061E+01  ALPHA =  -.0097
             CALCULATING NEW MATRIX
             INNER  1 : E(ENTH+SPEC) = 3.039E+01  ALPHA =   .0177
             INNER  2 : E(ENTH+SPEC) = 3.038E+01  ALPHA =   .0030
             INNER  3 : E(ENTH+SPEC) = 3.032E+01  ALPHA =   .0066
             INNER  4 : E(ENTH+SPEC) = 3.032E+01  ALPHA =   .0033
             INNER  5 : E(ENTH+SPEC) = 3.032E+01  ALPHA =   .0011
             CALCULATING NEW MATRIX
             INNER  1 : E(ENTH+SPEC) = 3.031E+01  ALPHA =   .0001
             INNER  2 : E(ENTH+SPEC) = 3.031E+01  ALPHA =   .0000
             INNER  3 : E(ENTH+SPEC) = 3.031E+01  ALPHA =   .0000
             INNER  4 : E(ENTH+SPEC) = 3.031E+01  ALPHA =   .0000
 *** ERROR ***  COLUMN CALCULATIONS TERMINATED BECAUSE ALPHA WAS BELOW .01 FOR
                4 CONSECUTIVE ITERATIONS AFTER 2 NEW MATRIX CALCULATIONS.
     UNIT    3 NOT SOLVED   - 'T2          '
       MAX ERRORS:  X=-15.3  (S1)                T=69.  (S7)
                    P=-.333  (S7)
       LOOP  1 NOT SOLVED AFTER   2 TRIALS
      ITER, ALFA, ALFA MAX, ERROR SUM =   1   .100E+01   .100E+01   .674E-01
      ERROR( H, E, M ) =    .75E-02   -.44E-02    .57E-03
      ITER, ALFA, ALFA MAX, ERROR SUM =   2   .275E+00   .100E+01   .142E+00
      ERROR( H, E, M ) =    .10E-01   -.16E-01    .21E-02
      ITER, ALFA, ALFA MAX, ERROR SUM =   3   .100E+01   .100E+01   .323E-01
      ERROR( H, E, M ) =    .42E-02   -.11E-02    .15E-03
      ITER, ALFA, ALFA MAX, ERROR SUM =   4   .275E+00   .100E+01   .862E-01
      ERROR( H, E, M ) =    .62E-02   -.93E-02    .12E-02
      ITER, ALFA, ALFA MAX, ERROR SUM =   5   .100E+01   .100E+01   .199E-01
      ERROR( H, E, M ) =    .25E-02   -.74E-03    .90E-04
      ITER, ALFA, ALFA MAX, ERROR SUM =   6   .275E+00   .100E+01   .535E-01
      ERROR( H, E, M ) =    .37E-02   -.58E-02    .76E-03
      ITER, ALFA, ALFA MAX, ERROR SUM =   7   .100E+01   .100E+01   .120E-01
      ERROR( H, E, M ) =    .15E-02   -.43E-03    .51E-04

 SIMULATION SCIENCES INC.               R                              PAGE H-4
 PROJECT                          PRO/II  VERSION 4.17                   386/EM
 PROBLEM                              CALCULATION                              
                                        HISTORY                        11/14/97
 ==============================================================================
 
     UNIT    1     SOLVED   - 'T1          '
     UNIT    2     SOLVED   - 'E1          '
     UNIT    6     SOLVED   - 'E3          '
     UNIT    5     SOLVED   - 'E2          '
     UNIT    4     SOLVED   - 'P1          '
             INNER  0 : E(ENTH+SPEC) = 4.931E+02
             CALCULATING NEW MATRIX
             INNER  1 : E(ENTH+SPEC) = 4.659E+02  ALPHA =   .0001
             INNER  2 : E(ENTH+SPEC) = 3.605E+02  ALPHA =   .0000
             INNER  3 : E(ENTH+SPEC) = 3.224E+01  ALPHA =   .0027
             INNER  4 : E(ENTH+SPEC) = 2.883E+01  ALPHA =  -.0263
             INNER  5 : E(ENTH+SPEC) = 2.810E+01  ALPHA =  -.0032
             INNER  6 : E(ENTH+SPEC) = 2.804E+01  ALPHA =   .0134
             INNER  7 : E(ENTH+SPEC) = 2.764E+01  ALPHA =   .0436
             INNER  8 : E(ENTH+SPEC) = 2.705E+01  ALPHA =   .0469
             INNER  9 : E(ENTH+SPEC) = 2.701E+01  ALPHA =   .0589
             INNER 10 : E(ENTH+SPEC) = 2.689E+01  ALPHA =  -.0981
       ITER  1 E(K) = 2.734E-01 E(ENTH+SPEC) = 2.689E+01  E(SUM) = 2.827E+01
               DAMP = 1.000E+00
             INNER  0 : E(ENTH+SPEC) = 2.690E+01
             INNER  1 : E(ENTH+SPEC) = 2.690E+01  ALPHA =   .0044
             INNER  2 : E(ENTH+SPEC) = 2.687E+01  ALPHA =  -.0023
             INNER  3 : E(ENTH+SPEC) = 2.672E+01  ALPHA =  -.0469
             INNER  4 : E(ENTH+SPEC) = 2.660E+01  ALPHA =  -.0818
             INNER  5 : E(ENTH+SPEC) = 2.659E+01  ALPHA =   .0302
             INNER  6 : E(ENTH+SPEC) = 2.656E+01  ALPHA =  -.0096
             INNER  7 : E(ENTH+SPEC) = 2.653E+01  ALPHA =  -.0057
             INNER  8 : E(ENTH+SPEC) = 2.646E+01  ALPHA =  -.0152
             INNER  9 : E(ENTH+SPEC) = 2.640E+01  ALPHA =  -.0114
             INNER 10 : E(ENTH+SPEC) = 2.628E+01  ALPHA =   .0028
             CALCULATING NEW MATRIX
             INNER  1 : E(ENTH+SPEC) = 2.628E+01  ALPHA =   .0000
             INNER  2 : E(ENTH+SPEC) = 2.628E+01  ALPHA =   .0000
             INNER  3 : E(ENTH+SPEC) = 2.628E+01  ALPHA =   .0000
             INNER  4 : E(ENTH+SPEC) = 2.628E+01  ALPHA =   .0000
             CALCULATING NEW MATRIX
             INNER  1 : E(ENTH+SPEC) = 2.628E+01  ALPHA =   .0000
             INNER  2 : E(ENTH+SPEC) = 2.628E+01  ALPHA =   .0000
             INNER  3 : E(ENTH+SPEC) = 2.628E+01  ALPHA =   .0000
             INNER  4 : E(ENTH+SPEC) = 2.628E+01  ALPHA =   .0000
 *** ERROR ***  COLUMN CALCULATIONS TERMINATED BECAUSE ALPHA WAS BELOW .01 FOR
                4 CONSECUTIVE ITERATIONS AFTER 2 NEW MATRIX CALCULATIONS.
     UNIT    3 NOT SOLVED   - 'T2          '
       MAX ERRORS:  X=-16.9  (S1)                T=81.1  (S8)
                    P=-.333  (S8)
       LOOP  1 NOT SOLVED AFTER   3 TRIALS
 ** WARNING **  PRESSURE OF FEED STREAM 104, 'S8' = 15 IS LESS THAN THE FEED
                TRAY PRESSURE OF 20 ON TRAY 4.
      ITER, ALFA, ALFA MAX, ERROR SUM =   1   .305E-01   .305E-01   .854E+01
      ERROR( H, E, M ) =   -.56E+00    .86E+00    .13E+00
      ITER, ALFA, ALFA MAX, ERROR SUM =   2   .881E-02   .881E-02   .741E+01
      ERROR( H, E, M ) =   -.57E+00    .74E+00   -.10E+00
      ITER, ALFA, ALFA MAX, ERROR SUM =   3   .254E-01   .254E-01   .657E+01

 SIMULATION SCIENCES INC.               R                              PAGE H-5
 PROJECT                          PRO/II  VERSION 4.17                   386/EM
 PROBLEM                              CALCULATION                              
                                        HISTORY                        11/14/97
 ==============================================================================
 
      ERROR( H, E, M ) =   -.91E+00    .65E+00   -.32E+00
      ITER, ALFA, ALFA MAX, ERROR SUM =   4   .519E-01   .798E-01   .638E+01
      ERROR( H, E, M ) =   -.79E+00    .68E+00   -.26E+00
      ITER, ALFA, ALFA MAX, ERROR SUM =   5   .725E-01   .725E-01   .576E+01
      ERROR( H, E, M ) =   -.11E+01    .56E+00   -.40E+00
      ITER, ALFA, ALFA MAX, ERROR SUM =   6   .477E-01   .733E-01   .566E+01
      ERROR( H, E, M ) =   -.76E+00    .59E+00   -.20E+00
      ITER, ALFA, ALFA MAX, ERROR SUM =   7   .117E+00   .117E+00   .497E+01
      ERROR( H, E, M ) =   -.12E+01    .47E+00   -.36E+00
      ITER, ALFA, ALFA MAX, ERROR SUM =   8   .118E+00   .428E+00   .526E+01
      ERROR( H, E, M ) =   -.11E+01    .45E+00   -.29E+00
      ITER, ALFA, ALFA MAX, ERROR SUM =   9   .525E+00   .808E+00   .395E+01
      ERROR( H, E, M ) =   -.73E+00   -.31E+00   -.11E+00
      ITER, ALFA, ALFA MAX, ERROR SUM =  10   .650E+00   .100E+01   .319E+01
      ERROR( H, E, M ) =    .22E+00   -.36E+00    .36E-01
      ITER, ALFA, ALFA MAX, ERROR SUM =  11   .100E+01   .100E+01   .166E+01
      ERROR( H, E, M ) =   -.39E+00   -.96E-01   -.75E-01
      ITER, ALFA, ALFA MAX, ERROR SUM =  12   .100E+01   .100E+01   .190E+00
      ERROR( H, E, M ) =   -.14E-01   -.41E-01   -.32E-01
      ITER, ALFA, ALFA MAX, ERROR SUM =  13   .100E+01   .100E+01   .145E+00
      ERROR( H, E, M ) =    .72E-01    .11E-01    .54E-02
      ITER, ALFA, ALFA MAX, ERROR SUM =  14   .100E+01   .100E+01   .295E-01
      ERROR( H, E, M ) =    .52E-02    .92E-02    .60E-02
      ITER, ALFA, ALFA MAX, ERROR SUM =  15   .422E+00   .100E+01   .260E-01
      ERROR( H, E, M ) =   -.14E-01   -.50E-03    .50E-03
      ITER, ALFA, ALFA MAX, ERROR SUM =  16   .100E+01   .100E+01   .146E-02
      ERROR( H, E, M ) =    .45E-03    .39E-03    .28E-03
     UNIT    1     SOLVED   - 'T1          '
     UNIT    2     SOLVED   - 'E1          '
     UNIT    6     SOLVED   - 'E3          '
     UNIT    5     SOLVED   - 'E2          '
     UNIT    4     SOLVED   - 'P1          '
 ** WARNING **  UNIT 3, 'T2' - STREAM S1 - THE GIVEN FIXED STREAM RATE (1.4645)
                AND THE PRODUCT RATE ESTIMATE (3.0733) WERE DIFFERENT, SO THE
                RATE ESTIMATE HAS BEEN CHANGED TO 1.4645.
             INNER  0 : E(ENTH+SPEC) = 9.077E+01
             CALCULATING NEW MATRIX
             INNER  1 : E(ENTH+SPEC) = 8.377E+01  ALPHA =   .1003
             INNER  2 : E(ENTH+SPEC) = 4.976E+01  ALPHA =  1.0000
             INNER  3 : E(ENTH+SPEC) = 4.864E+01  ALPHA =   .2500
             INNER  4 : E(ENTH+SPEC) = 4.861E+01  ALPHA =   .0625
             INNER  5 : E(ENTH+SPEC) = 4.856E+01  ALPHA =  -.0101
             INNER  6 : E(ENTH+SPEC) = 4.856E+01  ALPHA =  -.0071
             INNER  7 : E(ENTH+SPEC) = 4.854E+01  ALPHA =   .0062
             INNER  8 : E(ENTH+SPEC) = 4.852E+01  ALPHA =   .0054
             INNER  9 : E(ENTH+SPEC) = 4.849E+01  ALPHA =   .0045
       ITER  1 E(K) = 3.491E-02 E(ENTH+SPEC) = 4.849E+01  E(SUM) = 4.849E+01
               DAMP = 1.000E+00
             INNER  0 : E(ENTH+SPEC) = 4.822E+01
             INNER  1 : E(ENTH+SPEC) = 4.819E+01  ALPHA =   .0039
             INNER  2 : E(ENTH+SPEC) = 4.814E+01  ALPHA =   .0133
             INNER  3 : E(ENTH+SPEC) = 4.813E+01  ALPHA =   .0027
             INNER  4 : E(ENTH+SPEC) = 4.811E+01  ALPHA =   .0021

 SIMULATION SCIENCES INC.               R                              PAGE H-6
 PROJECT                          PRO/II  VERSION 4.17                   386/EM
 PROBLEM                              CALCULATION                              
                                        HISTORY                        11/14/97
 ==============================================================================
 
             INNER  5 : E(ENTH+SPEC) = 4.805E+01  ALPHA =   .0078
             INNER  6 : E(ENTH+SPEC) = 4.805E+01  ALPHA =   .0016
             CALCULATING NEW MATRIX
             INNER  1 : E(ENTH+SPEC) = 4.779E+01  ALPHA =   .0250
             INNER  2 : E(ENTH+SPEC) = 4.779E+01  ALPHA =   .0009
             INNER  3 : E(ENTH+SPEC) = 4.773E+01  ALPHA =   .0065
             INNER  4 : E(ENTH+SPEC) = 4.773E+01  ALPHA =   .0002
             INNER  5 : E(ENTH+SPEC) = 4.772E+01  ALPHA =   .0017
             CALCULATING NEW MATRIX
             INNER  1 : E(ENTH+SPEC) = 4.772E+01  ALPHA =   .0005
             INNER  2 : E(ENTH+SPEC) = 4.772E+01  ALPHA =   .0000
             INNER  3 : E(ENTH+SPEC) = 4.772E+01  ALPHA =   .0001
             INNER  4 : E(ENTH+SPEC) = 4.772E+01  ALPHA =   .0000
 *** ERROR ***  COLUMN CALCULATIONS TERMINATED BECAUSE ALPHA WAS BELOW .01 FOR
                4 CONSECUTIVE ITERATIONS AFTER 2 NEW MATRIX CALCULATIONS.
     UNIT    3 NOT SOLVED   - 'T2          '
       MAX ERRORS:  X=-17.8  (S7)                T=819.  (S8)
                    P=0.  (S8)
       LOOP  1 NOT SOLVED AFTER   4 TRIALS
 ** WARNING **  PRESSURE OF FEED STREAM 104, 'S8' = 15 IS LESS THAN THE FEED
                TRAY PRESSURE OF 20 ON TRAY 4.
      ITER, ALFA, ALFA MAX, ERROR SUM =   1   .740E-12   .740E-12   .741E+01
      ERROR( H, E, M ) =   -.17E+01    .98E+00   -.56E+00
     UNIT    1 NOT SOLVED   - 'T1          '
     UNIT    2     SOLVED   - 'E1          '
 ** WARNING **  ADIABATIC FLASH OUTSIDE TEMPERATURE OR PRESSURE LIMITS.
                TEMPERATURE(K)= 3E3, PRESSURE(KPA)= 1471
     UNIT    6 NOT SOLVED   - 'E3          '
     UNIT    5     SOLVED   - 'E2          '
 ** WARNING **  UNIT 4, 'P1' - NON LIQUID PHASE INLET CONDITIONS DETECTED. WORK
                HAS BEEN COMPUTED BY ENTHALPY DIFFERENCE. CHECK RESULTS
 ** WARNING **  UNIT 4, 'P1' - COMPUTED WORK IS NEGATIVE.
     UNIT    4     SOLVED   - 'P1          '
             INNER  0 : E(ENTH+SPEC) = 2.680E-01
             CALCULATING NEW MATRIX
             INNER  1 : E(ENTH+SPEC) = 2.680E-01  ALPHA =   .0000
             INNER  2 : E(ENTH+SPEC) = 2.680E-01  ALPHA =   .0000
             INNER  3 : E(ENTH+SPEC) = 2.680E-01  ALPHA =   .0000
             INNER  4 : E(ENTH+SPEC) = 2.680E-01  ALPHA =   .0000
       ITER  1 E(K) = 8.114E-02 E(ENTH+SPEC) = 2.680E-01  E(SUM) = 1.079E+00
               DAMP = 1.000E+00
             INNER  0 : E(ENTH+SPEC) = 2.687E-01
             INNER  1 : E(ENTH+SPEC) = 2.687E-01  ALPHA =   .0000
             INNER  2 : E(ENTH+SPEC) = 2.687E-01  ALPHA =   .0000
             INNER  3 : E(ENTH+SPEC) = 2.687E-01  ALPHA =   .0000
             INNER  4 : E(ENTH+SPEC) = 2.687E-01  ALPHA =   .0000
             CALCULATING NEW MATRIX
             INNER  1 : E(ENTH+SPEC) = 2.687E-01  ALPHA =   .0000
             INNER  2 : E(ENTH+SPEC) = 2.687E-01  ALPHA =   .0000
             INNER  3 : E(ENTH+SPEC) = 2.687E-01  ALPHA =   .0000
             INNER  4 : E(ENTH+SPEC) = 2.687E-01  ALPHA =   .0000
             CALCULATING NEW MATRIX
             INNER  1 : E(ENTH+SPEC) = 2.687E-01  ALPHA =   .0000

 SIMULATION SCIENCES INC.               R                              PAGE H-7
 PROJECT                          PRO/II  VERSION 4.17                   386/EM
 PROBLEM                              CALCULATION                              
                                        HISTORY                        11/14/97
 ==============================================================================
 
             INNER  2 : E(ENTH+SPEC) = 2.687E-01  ALPHA =   .0000
             INNER  3 : UNABLE TO REDUCE ERROR
             CALCULATING NEW MATRIX
             INNER  1 : E(ENTH+SPEC) = 2.687E-01  ALPHA =   .0000
             INNER  2 : E(ENTH+SPEC) = 2.687E-01  ALPHA =   .0000
             INNER  3 : E(ENTH+SPEC) = 2.687E-01  ALPHA =   .0000
             INNER  4 : E(ENTH+SPEC) = 2.687E-01  ALPHA =   .0000
 *** ERROR ***  COLUMN CALCULATIONS TERMINATED BECAUSE ALPHA WAS BELOW .01 FOR
                4 CONSECUTIVE ITERATIONS AFTER 2 NEW MATRIX CALCULATIONS.
     UNIT    3 NOT SOLVED   - 'T2          '
       MAX ERRORS:  X=-8.35E5  (S6)              T=1740.  (S8)
                    P=0.  (S8)
       LOOP  1 NOT SOLVED AFTER   5 TRIALS
 ** WARNING **  PRESSURE OF FEED STREAM 104, 'S8' = 15 IS LESS THAN THE FEED
                TRAY PRESSURE OF 20 ON TRAY 4.
 ** WARNING **  ADIABATIC FLASH OUTSIDE TEMPERATURE OR PRESSURE LIMITS.
                TEMPERATURE(K)= 3E3, PRESSURE(KPA)= 1961.3
      ITER, ALFA, ALFA MAX, ERROR SUM =   1   .399E-10   .399E-10   .413E+01
      ERROR( H, E, M ) =   -.67E+00    .81E+00    .47E+00
     UNIT    1 NOT SOLVED   - 'T1          '
     UNIT    2     SOLVED   - 'E1          '
     UNIT    6     SOLVED   - 'E3          '
     UNIT    5     SOLVED   - 'E2          '
 ** WARNING **  UNIT 4, 'P1' - NON LIQUID PHASE INLET CONDITIONS DETECTED. WORK
                HAS BEEN COMPUTED BY ENTHALPY DIFFERENCE. CHECK RESULTS
 ** WARNING **  UNIT 4, 'P1' - COMPUTED WORK IS NEGATIVE.
     UNIT    4     SOLVED   - 'P1          '
             INNER  0 : E(ENTH+SPEC) = 2.680E-01
             CALCULATING NEW MATRIX
             INNER  1 : E(ENTH+SPEC) = 2.680E-01  ALPHA =  -.0003
             INNER  2 : E(ENTH+SPEC) = 2.680E-01  ALPHA =  -.0003
             INNER  3 : E(ENTH+SPEC) = 2.680E-01  ALPHA =  -.0003
             INNER  4 : E(ENTH+SPEC) = 2.680E-01  ALPHA =   .0000
       ITER  1 E(K) = 8.114E-02 E(ENTH+SPEC) = 2.680E-01  E(SUM) = 1.079E+00
               DAMP = 1.000E+00
             INNER  0 : E(ENTH+SPEC) = 2.688E-01
             INNER  1 : E(ENTH+SPEC) = 2.688E-01  ALPHA =   .0002
             INNER  2 : E(ENTH+SPEC) = 2.687E-01  ALPHA =   .0000
             INNER  3 : E(ENTH+SPEC) = 2.687E-01  ALPHA =   .0000
             INNER  4 : E(ENTH+SPEC) = 2.687E-01  ALPHA =   .0000
             CALCULATING NEW MATRIX
             INNER  1 : E(ENTH+SPEC) = 2.687E-01  ALPHA =   .0000
             INNER  2 : E(ENTH+SPEC) = 2.687E-01  ALPHA =   .0000
             INNER  3 : E(ENTH+SPEC) = 2.687E-01  ALPHA =   .0001
             INNER  4 : E(ENTH+SPEC) = 2.687E-01  ALPHA =   .0000
             CALCULATING NEW MATRIX
             INNER  1 : E(ENTH+SPEC) = 2.687E-01  ALPHA =  -.0001
             INNER  2 : E(ENTH+SPEC) = 2.687E-01  ALPHA =   .0000
             INNER  3 : E(ENTH+SPEC) = 2.687E-01  ALPHA =   .0000
             INNER  4 : E(ENTH+SPEC) = 2.687E-01  ALPHA =   .0000
 *** ERROR ***  COLUMN CALCULATIONS TERMINATED BECAUSE ALPHA WAS BELOW .01 FOR
                4 CONSECUTIVE ITERATIONS AFTER 2 NEW MATRIX CALCULATIONS.
     UNIT    3 NOT SOLVED   - 'T2          '

 SIMULATION SCIENCES INC.               R                              PAGE H-8
 PROJECT                          PRO/II  VERSION 4.17                   386/EM
 PROBLEM                              CALCULATION                              
                                        HISTORY                        11/14/97
 ==============================================================================
 
       MAX ERRORS:  X=-1940.  (S2)               T=-2600.  (S8)
                    P=0.  (S8)
       LOOP  1 NOT SOLVED AFTER   6 TRIALS
 ** WARNING **  PRESSURE OF FEED STREAM 104, 'S8' = 15 IS LESS THAN THE FEED
                TRAY PRESSURE OF 20 ON TRAY 4.
  
  *** ERROR - UNIT   1 - SINGULAR MATRIX IN COL H BAL
  
  EQS , ALL ZEROS IN (I, 21)
     UNIT    1 NOT SOLVED   - 'T1          '
     UNIT    2     SOLVED   - 'E1          '
     UNIT    6     SOLVED   - 'E3          '
     UNIT    5     SOLVED   - 'E2          '
 ** WARNING **  UNIT 4, 'P1' - NON LIQUID PHASE INLET CONDITIONS DETECTED. WORK
                HAS BEEN COMPUTED BY ENTHALPY DIFFERENCE. CHECK RESULTS
 ** WARNING **  UNIT 4, 'P1' - COMPUTED WORK IS NEGATIVE.
     UNIT    4     SOLVED   - 'P1          '
 ** WARNING **  UNIT 3, 'T2' - STREAM S1 - THE GIVEN FIXED STREAM RATE
                (.00061734) AND THE PRODUCT RATE ESTIMATE (.0061734) WERE
                DIFFERENT, SO THE RATE ESTIMATE HAS BEEN CHANGED TO .00061734.
             INNER  0 : E(ENTH+SPEC) = 2.688E-01
             CALCULATING NEW MATRIX
 *** ERROR ***  COLUMN CALCULATIONS TERMINATED BECAUSE ERROR CANNOT BE REDUCED
                WITH NEWLY CALCULATED MATRIX
     UNIT    3 NOT SOLVED   - 'T2          '
       MAX ERRORS:  X=-17700.  (S7)              T=1240.  (S8)
                    P=0.  (S8)
       LOOP  1 NOT SOLVED AFTER   7 TRIALS
 ** WARNING **  PRESSURE OF FEED STREAM 104, 'S8' = 15 IS LESS THAN THE FEED
                TRAY PRESSURE OF 20 ON TRAY 4.
  
  *** ERROR - UNIT   1 - SINGULAR MATRIX IN COL H BAL
  
  EQS , ALL ZEROS IN (I, 21)
     UNIT    1 NOT SOLVED   - 'T1          '
     UNIT    2     SOLVED   - 'E1          '
 ** WARNING **  ADIABATIC FLASH DID NOT SOLVE AFTER 2 ITERATIONS. FINAL
                TEMPERATURE(K)= 513.06, PRESSURE(KPA)= 1471, LFRAC= 0,
                SPEC(GIVEN)= 8.6269E8, SPEC(CALC)= 52437, SPEC(TOLER)= 8626.9
     UNIT    6 NOT SOLVED   - 'E3          '
     UNIT    5     SOLVED   - 'E2          '
 ** WARNING **  UNIT 4, 'P1' - NON LIQUID PHASE INLET CONDITIONS DETECTED. WORK
                HAS BEEN COMPUTED BY ENTHALPY DIFFERENCE. CHECK RESULTS
 ** WARNING **  UNIT 4, 'P1' - COMPUTED WORK IS NEGATIVE.
     UNIT    4     SOLVED   - 'P1          '
             INNER  0 : E(ENTH+SPEC) = 1.215E+01
             CALCULATING NEW MATRIX
             INNER  1 : E(ENTH+SPEC) = 1.215E+01  ALPHA =  -.0003
             INNER  2 : E(ENTH+SPEC) = 1.215E+01  ALPHA =  -.0003
             INNER  3 : E(ENTH+SPEC) = 1.215E+01  ALPHA =  -.0003
             INNER  4 : E(ENTH+SPEC) = 1.215E+01  ALPHA =   .0000
       ITER  1 E(K) = 8.114E-02 E(ENTH+SPEC) = 1.215E+01  E(SUM) = 1.296E+01
               DAMP = 1.000E+00

 SIMULATION SCIENCES INC.               R                              PAGE H-9
 PROJECT                          PRO/II  VERSION 4.17                   386/EM
 PROBLEM                              CALCULATION                              
                                        HISTORY                        11/14/97
 ==============================================================================
 
             INNER  0 : E(ENTH+SPEC) = 1.215E+01
             INNER  1 : E(ENTH+SPEC) = 1.215E+01  ALPHA =   .0002
             INNER  2 : E(ENTH+SPEC) = 1.215E+01  ALPHA =   .0000
             INNER  3 : E(ENTH+SPEC) = 1.215E+01  ALPHA =   .0000
             INNER  4 : E(ENTH+SPEC) = 1.215E+01  ALPHA =   .0000
             CALCULATING NEW MATRIX
             INNER  1 : E(ENTH+SPEC) = 1.215E+01  ALPHA =   .0000
             INNER  2 : E(ENTH+SPEC) = 1.215E+01  ALPHA =   .0000
             INNER  3 : E(ENTH+SPEC) = 1.215E+01  ALPHA =   .0001
             INNER  4 : E(ENTH+SPEC) = 1.215E+01  ALPHA =   .0000
             CALCULATING NEW MATRIX
             INNER  1 : E(ENTH+SPEC) = 1.215E+01  ALPHA =  -.0001
             INNER  2 : E(ENTH+SPEC) = 1.215E+01  ALPHA =   .0000
             INNER  3 : E(ENTH+SPEC) = 1.215E+01  ALPHA =   .0000
             INNER  4 : E(ENTH+SPEC) = 1.215E+01  ALPHA =   .0000
 *** ERROR ***  COLUMN CALCULATIONS TERMINATED BECAUSE ALPHA WAS BELOW .01 FOR
                4 CONSECUTIVE ITERATIONS AFTER 2 NEW MATRIX CALCULATIONS.
     UNIT    3 NOT SOLVED   - 'T2          '
       MAX ERRORS:  X=-1.77E5  (S8)              T=-1140.  (S8)
                    P=0.  (S8)
       LOOP  1 NOT SOLVED AFTER   8 TRIALS
 ** WARNING **  PRESSURE OF FEED STREAM 104, 'S8' = 15 IS LESS THAN THE FEED
                TRAY PRESSURE OF 20 ON TRAY 4.
  
  *** ERROR - UNIT   1 - SINGULAR MATRIX IN COL H BAL
  
  EQS , ALL ZEROS IN (I, 21)
     UNIT    1 NOT SOLVED   - 'T1          '
     UNIT    2     SOLVED   - 'E1          '
     UNIT    6     SOLVED   - 'E3          '
     UNIT    5     SOLVED   - 'E2          '
 ** WARNING **  UNIT 4, 'P1' - NON LIQUID PHASE INLET CONDITIONS DETECTED. WORK
                HAS BEEN COMPUTED BY ENTHALPY DIFFERENCE. CHECK RESULTS
 ** WARNING **  UNIT 4, 'P1' - COMPUTED WORK IS NEGATIVE.
     UNIT    4     SOLVED   - 'P1          '
             INNER  0 : E(ENTH+SPEC) = 2.680E-01
             CALCULATING NEW MATRIX
             INNER  1 : E(ENTH+SPEC) = 2.680E-01  ALPHA =  -.0003
             INNER  2 : E(ENTH+SPEC) = 2.680E-01  ALPHA =  -.0003
             INNER  3 : E(ENTH+SPEC) = 2.680E-01  ALPHA =  -.0003
             INNER  4 : E(ENTH+SPEC) = 2.680E-01  ALPHA =   .0000
       ITER  1 E(K) = 8.114E-02 E(ENTH+SPEC) = 2.680E-01  E(SUM) = 1.079E+00
               DAMP = 1.000E+00
             INNER  0 : E(ENTH+SPEC) = 2.688E-01
             INNER  1 : E(ENTH+SPEC) = 2.688E-01  ALPHA =   .0002
             INNER  2 : E(ENTH+SPEC) = 2.687E-01  ALPHA =   .0000
             INNER  3 : E(ENTH+SPEC) = 2.687E-01  ALPHA =   .0000
             INNER  4 : E(ENTH+SPEC) = 2.687E-01  ALPHA =   .0000
             CALCULATING NEW MATRIX
             INNER  1 : E(ENTH+SPEC) = 2.687E-01  ALPHA =   .0000
             INNER  2 : E(ENTH+SPEC) = 2.687E-01  ALPHA =   .0000
             INNER  3 : E(ENTH+SPEC) = 2.687E-01  ALPHA =   .0001
             INNER  4 : E(ENTH+SPEC) = 2.687E-01  ALPHA =   .0000

 SIMULATION SCIENCES INC.               R                             PAGE H-10
 PROJECT                          PRO/II  VERSION 4.17                   386/EM
 PROBLEM                              CALCULATION                              
                                        HISTORY                        11/14/97
 ==============================================================================
 
             CALCULATING NEW MATRIX
             INNER  1 : E(ENTH+SPEC) = 2.687E-01  ALPHA =  -.0001
             INNER  2 : E(ENTH+SPEC) = 2.687E-01  ALPHA =   .0000
             INNER  3 : E(ENTH+SPEC) = 2.687E-01  ALPHA =   .0000
             INNER  4 : E(ENTH+SPEC) = 2.687E-01  ALPHA =   .0000
 *** ERROR ***  COLUMN CALCULATIONS TERMINATED BECAUSE ALPHA WAS BELOW .01 FOR
                4 CONSECUTIVE ITERATIONS AFTER 2 NEW MATRIX CALCULATIONS.
     UNIT    3 NOT SOLVED   - 'T2          '
       MAX ERRORS:  X=-1.77E6  (S2)              T=-120.  (S8)
                    P=0.  (S8)
       LOOP  1 NOT SOLVED AFTER   9 TRIALS
 ** WARNING **  PRESSURE OF FEED STREAM 104, 'S8' = 15 IS LESS THAN THE FEED
                TRAY PRESSURE OF 20 ON TRAY 4.
  
  *** ERROR - UNIT   1 - SINGULAR MATRIX IN COL H BAL
  
  EQS , ALL ZEROS IN (I, 21)
     UNIT    1 NOT SOLVED   - 'T1          '
     UNIT    2     SOLVED   - 'E1          '
     UNIT    6     SOLVED   - 'E3          '
     UNIT    5     SOLVED   - 'E2          '
 ** WARNING **  UNIT 4, 'P1' - NON LIQUID PHASE INLET CONDITIONS DETECTED. WORK
                HAS BEEN COMPUTED BY ENTHALPY DIFFERENCE. CHECK RESULTS
 ** WARNING **  UNIT 4, 'P1' - COMPUTED WORK IS NEGATIVE.
     UNIT    4     SOLVED   - 'P1          '
 ** WARNING **  UNIT 3, 'T2' - STREAM S1 - THE GIVEN FIXED STREAM RATE
                (6.1679E-7) AND THE PRODUCT RATE ESTIMATE (6.1679E-6) WERE
                DIFFERENT, SO THE RATE ESTIMATE HAS BEEN CHANGED TO 6.1679E-7.
             INNER  0 : E(ENTH+SPEC) = 2.688E-01
             CALCULATING NEW MATRIX
 *** ERROR ***  COLUMN CALCULATIONS TERMINATED BECAUSE ERROR CANNOT BE REDUCED
                WITH NEWLY CALCULATED MATRIX
     UNIT    3 NOT SOLVED   - 'T2          '
       MAX ERRORS:  X=-1.77E7  (S7)              T=1270.  (S8)
                    P=0.  (S8)
       LOOP  1 NOT SOLVED AFTER  10 TRIALS
 ** WARNING **  PRESSURE OF FEED STREAM 104, 'S8' = 15 IS LESS THAN THE FEED
                TRAY PRESSURE OF 20 ON TRAY 4.
  
  *** ERROR - UNIT   1 - SINGULAR MATRIX IN COL H BAL
  
  EQS , ALL ZEROS IN (I, 21)
     UNIT    1 NOT SOLVED   - 'T1          '
     UNIT    2     SOLVED   - 'E1          '
 ** WARNING **  ADIABATIC FLASH DID NOT SOLVE AFTER 2 ITERATIONS. FINAL
                TEMPERATURE(K)= 513.06, PRESSURE(KPA)= 1471, LFRAC= 0,
                SPEC(GIVEN)= 8.6341E11, SPEC(CALC)= 52437, SPEC(TOLER)= 8634100
     UNIT    6 NOT SOLVED   - 'E3          '
     UNIT    5     SOLVED   - 'E2          '
 ** WARNING **  UNIT 4, 'P1' - NON LIQUID PHASE INLET CONDITIONS DETECTED. WORK
                HAS BEEN COMPUTED BY ENTHALPY DIFFERENCE. CHECK RESULTS
 ** WARNING **  UNIT 4, 'P1' - COMPUTED WORK IS NEGATIVE.
     UNIT    4     SOLVED   - 'P1          '

 SIMULATION SCIENCES INC.               R                             PAGE H-11
 PROJECT                          PRO/II  VERSION 4.17                   386/EM
 PROBLEM                              CALCULATION                              
                                        HISTORY                        11/14/97
 ==============================================================================
 
             INNER  0 : E(ENTH+SPEC) = 2.680E-01
             CALCULATING NEW MATRIX
             INNER  1 : E(ENTH+SPEC) = 2.680E-01  ALPHA =  -.0003
             INNER  2 : E(ENTH+SPEC) = 2.680E-01  ALPHA =  -.0003
             INNER  3 : E(ENTH+SPEC) = 2.680E-01  ALPHA =  -.0003
             INNER  4 : E(ENTH+SPEC) = 2.680E-01  ALPHA =   .0000
       ITER  1 E(K) = 8.114E-02 E(ENTH+SPEC) = 2.680E-01  E(SUM) = 1.079E+00
               DAMP = 1.000E+00
             INNER  0 : E(ENTH+SPEC) = 2.688E-01
             INNER  1 : E(ENTH+SPEC) = 2.688E-01  ALPHA =   .0002
             INNER  2 : E(ENTH+SPEC) = 2.687E-01  ALPHA =   .0000
             INNER  3 : E(ENTH+SPEC) = 2.687E-01  ALPHA =   .0000
             INNER  4 : E(ENTH+SPEC) = 2.687E-01  ALPHA =   .0000
             CALCULATING NEW MATRIX
             INNER  1 : E(ENTH+SPEC) = 2.687E-01  ALPHA =   .0000
             INNER  2 : E(ENTH+SPEC) = 2.687E-01  ALPHA =   .0000
             INNER  3 : E(ENTH+SPEC) = 2.687E-01  ALPHA =   .0001
             INNER  4 : E(ENTH+SPEC) = 2.687E-01  ALPHA =   .0000
             CALCULATING NEW MATRIX
             INNER  1 : E(ENTH+SPEC) = 2.687E-01  ALPHA =  -.0001
             INNER  2 : E(ENTH+SPEC) = 2.687E-01  ALPHA =   .0000
             INNER  3 : E(ENTH+SPEC) = 2.687E-01  ALPHA =   .0000
             INNER  4 : E(ENTH+SPEC) = 2.687E-01  ALPHA =   .0000
 *** ERROR ***  COLUMN CALCULATIONS TERMINATED BECAUSE ALPHA WAS BELOW .01 FOR
                4 CONSECUTIVE ITERATIONS AFTER 2 NEW MATRIX CALCULATIONS.
     UNIT    3 NOT SOLVED   - 'T2          '
       MAX ERRORS:  X=-1.77E8  (S8)              T=-1140.  (S8)
                    P=0.  (S8)
       LOOP  1 NOT SOLVED AFTER  11 TRIALS
 ** WARNING **  PRESSURE OF FEED STREAM 104, 'S8' = 15 IS LESS THAN THE FEED
                TRAY PRESSURE OF 20 ON TRAY 4.
  
  *** ERROR - UNIT   1 - SINGULAR MATRIX IN COL H BAL
  
  EQS , ALL ZEROS IN (I, 21)
     UNIT    1 NOT SOLVED   - 'T1          '
     UNIT    2     SOLVED   - 'E1          '
     UNIT    6     SOLVED   - 'E3          '
     UNIT    5     SOLVED   - 'E2          '
 ** WARNING **  UNIT 4, 'P1' - NON LIQUID PHASE INLET CONDITIONS DETECTED. WORK
                HAS BEEN COMPUTED BY ENTHALPY DIFFERENCE. CHECK RESULTS
 ** WARNING **  UNIT 4, 'P1' - COMPUTED WORK IS NEGATIVE.
     UNIT    4     SOLVED   - 'P1          '
             INNER  0 : E(ENTH+SPEC) = 1.215E+01
             CALCULATING NEW MATRIX
             INNER  1 : E(ENTH+SPEC) = 1.215E+01  ALPHA =  -.0003
             INNER  2 : E(ENTH+SPEC) = 1.215E+01  ALPHA =  -.0003
             INNER  3 : E(ENTH+SPEC) = 1.215E+01  ALPHA =  -.0003
             INNER  4 : E(ENTH+SPEC) = 1.215E+01  ALPHA =   .0000
       ITER  1 E(K) = 1.163E-01 E(ENTH+SPEC) = 1.215E+01  E(SUM) = 1.296E+01
               DAMP = 1.000E+00
             INNER  0 : E(ENTH+SPEC) = 1.215E+01
             INNER  1 : E(ENTH+SPEC) = 1.215E+01  ALPHA =   .0002

 SIMULATION SCIENCES INC.               R                             PAGE H-12
 PROJECT                          PRO/II  VERSION 4.17                   386/EM
 PROBLEM                              CALCULATION                              
                                        HISTORY                        11/14/97
 ==============================================================================
 
             INNER  2 : E(ENTH+SPEC) = 1.215E+01  ALPHA =   .0000
             INNER  3 : E(ENTH+SPEC) = 1.215E+01  ALPHA =   .0000
             INNER  4 : E(ENTH+SPEC) = 1.215E+01  ALPHA =   .0000
             CALCULATING NEW MATRIX
             INNER  1 : E(ENTH+SPEC) = 1.215E+01  ALPHA =   .0000
             INNER  2 : E(ENTH+SPEC) = 1.215E+01  ALPHA =   .0000
             INNER  3 : E(ENTH+SPEC) = 1.215E+01  ALPHA =   .0001
             INNER  4 : E(ENTH+SPEC) = 1.215E+01  ALPHA =   .0000
             CALCULATING NEW MATRIX
             INNER  1 : E(ENTH+SPEC) = 1.215E+01  ALPHA =  -.0001
             INNER  2 : E(ENTH+SPEC) = 1.215E+01  ALPHA =   .0000
             INNER  3 : E(ENTH+SPEC) = 1.215E+01  ALPHA =   .0000
             INNER  4 : E(ENTH+SPEC) = 1.215E+01  ALPHA =   .0000
 *** ERROR ***  COLUMN CALCULATIONS TERMINATED BECAUSE ALPHA WAS BELOW .01 FOR
                4 CONSECUTIVE ITERATIONS AFTER 2 NEW MATRIX CALCULATIONS.
     UNIT    3 NOT SOLVED   - 'T2          '
       MAX ERRORS:  X=-1.18E10  (S6)             T=-120.  (S8)
                    P=0.  (S8)
       LOOP  1 NOT SOLVED AFTER  12 TRIALS
 ** WARNING **  PRESSURE OF FEED STREAM 104, 'S8' = 15 IS LESS THAN THE FEED
                TRAY PRESSURE OF 20 ON TRAY 4.
  
  *** ERROR - UNIT   1 - SINGULAR MATRIX IN COL H BAL
  
  EQS , ALL ZEROS IN (I, 21)
     UNIT    1 NOT SOLVED   - 'T1          '
     UNIT    2     SOLVED   - 'E1          '
     UNIT    6     SOLVED   - 'E3          '
     UNIT    5     SOLVED   - 'E2          '
 ** WARNING **  UNIT 4, 'P1' - NON LIQUID PHASE INLET CONDITIONS DETECTED. WORK
                HAS BEEN COMPUTED BY ENTHALPY DIFFERENCE. CHECK RESULTS
 ** WARNING **  UNIT 4, 'P1' - COMPUTED WORK IS NEGATIVE.
     UNIT    4     SOLVED   - 'P1          '
 ** WARNING **  UNIT 3, 'T2' - STREAM S1 - THE GIVEN FIXED STREAM RATE
                (9.2753E-11) AND THE PRODUCT RATE ESTIMATE (9.2753E-10) WERE
                DIFFERENT, SO THE RATE ESTIMATE HAS BEEN CHANGED TO 9.2753E-11.
             INNER  0 : E(ENTH+SPEC) = 2.688E-01
             CALCULATING NEW MATRIX
 *** ERROR ***  COLUMN CALCULATIONS TERMINATED BECAUSE ERROR CANNOT BE REDUCED
                WITH NEWLY CALCULATED MATRIX
     UNIT    3 NOT SOLVED   - 'T2          '
       MAX ERRORS:  X=-1.17E11  (S7)             T=1270.  (S8)
                    P=0.  (S8)
       LOOP  1 NOT SOLVED AFTER  13 TRIALS
 ** WARNING **  PRESSURE OF FEED STREAM 104, 'S8' = 15 IS LESS THAN THE FEED
                TRAY PRESSURE OF 20 ON TRAY 4.
  
  *** ERROR - UNIT   1 - SINGULAR MATRIX IN COL H BAL
  
  EQS , ALL ZEROS IN (I, 21)
     UNIT    1 NOT SOLVED   - 'T1          '
     UNIT    2     SOLVED   - 'E1          '

 SIMULATION SCIENCES INC.               R                             PAGE H-13
 PROJECT                          PRO/II  VERSION 4.17                   386/EM
 PROBLEM                              CALCULATION                              
                                        HISTORY                        11/14/97
 ==============================================================================
 
 ** WARNING **  ADIABATIC FLASH DID NOT SOLVE AFTER 2 ITERATIONS. FINAL
                TEMPERATURE(K)= 513.06, PRESSURE(KPA)= 1471, LFRAC= 0,
                SPEC(GIVEN)= 5.7413E15, SPEC(CALC)= 52437, SPEC(TOLER)=
                5.7413E10
     UNIT    6 NOT SOLVED   - 'E3          '
     UNIT    5     SOLVED   - 'E2          '
 ** WARNING **  UNIT 4, 'P1' - NON LIQUID PHASE INLET CONDITIONS DETECTED. WORK
                HAS BEEN COMPUTED BY ENTHALPY DIFFERENCE. CHECK RESULTS
 ** WARNING **  UNIT 4, 'P1' - COMPUTED WORK IS NEGATIVE.
     UNIT    4     SOLVED   - 'P1          '
             INNER  0 : E(ENTH+SPEC) = 2.680E-01
             CALCULATING NEW MATRIX
             INNER  1 : E(ENTH+SPEC) = 2.680E-01  ALPHA =  -.0003
             INNER  2 : E(ENTH+SPEC) = 2.680E-01  ALPHA =  -.0003
             INNER  3 : E(ENTH+SPEC) = 2.680E-01  ALPHA =  -.0003
             INNER  4 : E(ENTH+SPEC) = 2.680E-01  ALPHA =   .0000
       ITER  1 E(K) = 8.114E-02 E(ENTH+SPEC) = 2.680E-01  E(SUM) = 1.079E+00
               DAMP = 1.000E+00
             INNER  0 : E(ENTH+SPEC) = 2.688E-01
             INNER  1 : E(ENTH+SPEC) = 2.688E-01  ALPHA =   .0002
             INNER  2 : E(ENTH+SPEC) = 2.687E-01  ALPHA =   .0000
             INNER  3 : E(ENTH+SPEC) = 2.687E-01  ALPHA =   .0000
             INNER  4 : E(ENTH+SPEC) = 2.687E-01  ALPHA =   .0000
             CALCULATING NEW MATRIX
             INNER  1 : E(ENTH+SPEC) = 2.687E-01  ALPHA =   .0000
             INNER  2 : E(ENTH+SPEC) = 2.687E-01  ALPHA =   .0000
             INNER  3 : E(ENTH+SPEC) = 2.687E-01  ALPHA =   .0001
             INNER  4 : E(ENTH+SPEC) = 2.687E-01  ALPHA =   .0000
             CALCULATING NEW MATRIX
             INNER  1 : E(ENTH+SPEC) = 2.687E-01  ALPHA =  -.0001
             INNER  2 : E(ENTH+SPEC) = 2.687E-01  ALPHA =   .0000
             INNER  3 : E(ENTH+SPEC) = 2.687E-01  ALPHA =   .0000
             INNER  4 : E(ENTH+SPEC) = 2.687E-01  ALPHA =   .0000
 *** ERROR ***  COLUMN CALCULATIONS TERMINATED BECAUSE ALPHA WAS BELOW .01 FOR
                4 CONSECUTIVE ITERATIONS AFTER 2 NEW MATRIX CALCULATIONS.
     UNIT    3 NOT SOLVED   - 'T2          '
       MAX ERRORS:  X=-1.17E12  (S8)             T=-1140.  (S8)
                    P=0.  (S8)
       LOOP  1 NOT SOLVED AFTER  14 TRIALS
 ** WARNING **  PRESSURE OF FEED STREAM 104, 'S8' = 15 IS LESS THAN THE FEED
                TRAY PRESSURE OF 20 ON TRAY 4.
  
  *** ERROR - UNIT   1 - SINGULAR MATRIX IN COL H BAL
  
  EQS , ALL ZEROS IN (I, 21)
     UNIT    1 NOT SOLVED   - 'T1          '
     UNIT    2     SOLVED   - 'E1          '
     UNIT    6     SOLVED   - 'E3          '
     UNIT    5     SOLVED   - 'E2          '
 ** WARNING **  UNIT 4, 'P1' - NON LIQUID PHASE INLET CONDITIONS DETECTED. WORK
                HAS BEEN COMPUTED BY ENTHALPY DIFFERENCE. CHECK RESULTS
 ** WARNING **  UNIT 4, 'P1' - COMPUTED WORK IS NEGATIVE.
     UNIT    4     SOLVED   - 'P1          '

 SIMULATION SCIENCES INC.               R                             PAGE H-14
 PROJECT                          PRO/II  VERSION 4.17                   386/EM
 PROBLEM                              CALCULATION                              
                                        HISTORY                        11/14/97
 ==============================================================================
 
             INNER  0 : E(ENTH+SPEC) = 1.215E+01
             CALCULATING NEW MATRIX
             INNER  1 : E(ENTH+SPEC) = 1.215E+01  ALPHA =  -.0013
             INNER  2 : E(ENTH+SPEC) = 1.215E+01  ALPHA =   .0006
             INNER  3 : E(ENTH+SPEC) = 1.215E+01  ALPHA =   .0001
             INNER  4 : E(ENTH+SPEC) = 1.215E+01  ALPHA =  -.0001
       ITER  1 E(K) = 1.458E-01 E(ENTH+SPEC) = 1.215E+01  E(SUM) = 1.296E+01
               DAMP = 1.000E+00
             INNER  0 : E(ENTH+SPEC) = 1.215E+01
             INNER  1 : E(ENTH+SPEC) = 1.215E+01  ALPHA =   .0000
             INNER  2 : E(ENTH+SPEC) = 1.215E+01  ALPHA =   .0000
             INNER  3 : E(ENTH+SPEC) = 1.215E+01  ALPHA =   .0000
             INNER  4 : E(ENTH+SPEC) = 1.215E+01  ALPHA =   .0000
             CALCULATING NEW MATRIX
             INNER  1 : E(ENTH+SPEC) = 1.215E+01  ALPHA =  -.0001
             INNER  2 : E(ENTH+SPEC) = 1.215E+01  ALPHA =   .0001
             INNER  3 : E(ENTH+SPEC) = 1.215E+01  ALPHA =   .0000
             INNER  4 : E(ENTH+SPEC) = 1.215E+01  ALPHA =   .0000
             CALCULATING NEW MATRIX
             INNER  1 : E(ENTH+SPEC) = 1.215E+01  ALPHA =   .0000
             INNER  2 : E(ENTH+SPEC) = 1.215E+01  ALPHA =   .0000
             INNER  3 : E(ENTH+SPEC) = 1.215E+01  ALPHA =   .0003
             INNER  4 : E(ENTH+SPEC) = 1.215E+01  ALPHA =   .0000
 *** ERROR ***  COLUMN CALCULATIONS TERMINATED BECAUSE ALPHA WAS BELOW .01 FOR
                4 CONSECUTIVE ITERATIONS AFTER 2 NEW MATRIX CALCULATIONS.
     UNIT    3 NOT SOLVED   - 'T2          '
       MAX ERRORS:  X=-5.79E13  (S6)             T=-120.  (S8)
                    P=0.  (S8)
       LOOP  1 NOT SOLVED AFTER  15 TRIALS
 ** WARNING **  PRESSURE OF FEED STREAM 104, 'S8' = 15 IS LESS THAN THE FEED
                TRAY PRESSURE OF 20 ON TRAY 4.
  
  *** ERROR - UNIT   1 - SINGULAR MATRIX IN COL H BAL
  
  EQS , ALL ZEROS IN (I, 21)
     UNIT    1 NOT SOLVED   - 'T1          '
     UNIT    2     SOLVED   - 'E1          '
     UNIT    6     SOLVED   - 'E3          '
     UNIT    5     SOLVED   - 'E2          '
 ** WARNING **  UNIT 4, 'P1' - NON LIQUID PHASE INLET CONDITIONS DETECTED. WORK
                HAS BEEN COMPUTED BY ENTHALPY DIFFERENCE. CHECK RESULTS
 ** WARNING **  UNIT 4, 'P1' - COMPUTED WORK IS NEGATIVE.
     UNIT    4     SOLVED   - 'P1          '
 ** WARNING **  UNIT 3, 'T2' - STREAM S1 - THE GIVEN FIXED STREAM RATE
                (9.2835E-14) AND THE PRODUCT RATE ESTIMATE (9.2767E-13) WERE
                DIFFERENT, SO THE RATE ESTIMATE HAS BEEN CHANGED TO 9.2835E-14.
             INNER  0 : E(ENTH+SPEC) = 2.687E-01
             CALCULATING NEW MATRIX
 *** ERROR ***  COLUMN CALCULATIONS TERMINATED BECAUSE ERROR CANNOT BE REDUCED
                WITH NEWLY CALCULATED MATRIX
     UNIT    3 NOT SOLVED   - 'T2          '
       MAX ERRORS:  X=-1.17E14  (S7)             T=1270.  (S8)
                    P=0.  (S8)

 SIMULATION SCIENCES INC.               R                             PAGE H-15
 PROJECT                          PRO/II  VERSION 4.17                   386/EM
 PROBLEM                              CALCULATION                              
                                        HISTORY                        11/14/97
 ==============================================================================
 
       LOOP  1 NOT SOLVED AFTER  16 TRIALS
 ** WARNING **  PRESSURE OF FEED STREAM 104, 'S8' = 15 IS LESS THAN THE FEED
                TRAY PRESSURE OF 20 ON TRAY 4.
  
  *** ERROR - UNIT   1 - SINGULAR MATRIX IN COL H BAL
  
  EQS , ALL ZEROS IN (I, 21)
     UNIT    1 NOT SOLVED   - 'T1          '
     UNIT    2     SOLVED   - 'E1          '
 ** WARNING **  ADIABATIC FLASH DID NOT SOLVE AFTER 2 ITERATIONS. FINAL
                TEMPERATURE(K)= 513.06, PRESSURE(KPA)= 1471, LFRAC= 0,
                SPEC(GIVEN)= 5.6942E18, SPEC(CALC)= 52260, SPEC(TOLER)=
                5.6942E13
     UNIT    6 NOT SOLVED   - 'E3          '
     UNIT    5     SOLVED   - 'E2          '
 ** WARNING **  UNIT 4, 'P1' - NON LIQUID PHASE INLET CONDITIONS DETECTED. WORK
                HAS BEEN COMPUTED BY ENTHALPY DIFFERENCE. CHECK RESULTS
 ** WARNING **  UNIT 4, 'P1' - COMPUTED WORK IS NEGATIVE.
     UNIT    4     SOLVED   - 'P1          '
             INNER  0 : E(ENTH+SPEC) = 2.680E-01
             CALCULATING NEW MATRIX
             INNER  1 : E(ENTH+SPEC) = 2.680E-01  ALPHA =  -.0003
             INNER  2 : E(ENTH+SPEC) = 2.680E-01  ALPHA =  -.0003
             INNER  3 : E(ENTH+SPEC) = 2.680E-01  ALPHA =  -.0003
             INNER  4 : E(ENTH+SPEC) = 2.680E-01  ALPHA =   .0000
       ITER  1 E(K) = 8.114E-02 E(ENTH+SPEC) = 2.680E-01  E(SUM) = 1.079E+00
               DAMP = 1.000E+00
             INNER  0 : E(ENTH+SPEC) = 2.688E-01
             INNER  1 : E(ENTH+SPEC) = 2.688E-01  ALPHA =   .0002
             INNER  2 : E(ENTH+SPEC) = 2.687E-01  ALPHA =   .0000
             INNER  3 : E(ENTH+SPEC) = 2.687E-01  ALPHA =   .0000
             INNER  4 : E(ENTH+SPEC) = 2.687E-01  ALPHA =   .0000
             CALCULATING NEW MATRIX
             INNER  1 : E(ENTH+SPEC) = 2.687E-01  ALPHA =   .0000
             INNER  2 : E(ENTH+SPEC) = 2.687E-01  ALPHA =   .0000
             INNER  3 : E(ENTH+SPEC) = 2.687E-01  ALPHA =   .0001
             INNER  4 : E(ENTH+SPEC) = 2.687E-01  ALPHA =   .0000
             CALCULATING NEW MATRIX
             INNER  1 : E(ENTH+SPEC) = 2.687E-01  ALPHA =  -.0001
             INNER  2 : E(ENTH+SPEC) = 2.687E-01  ALPHA =   .0000
             INNER  3 : E(ENTH+SPEC) = 2.687E-01  ALPHA =   .0000
             INNER  4 : E(ENTH+SPEC) = 2.687E-01  ALPHA =   .0000
 *** ERROR ***  COLUMN CALCULATIONS TERMINATED BECAUSE ALPHA WAS BELOW .01 FOR
                4 CONSECUTIVE ITERATIONS AFTER 2 NEW MATRIX CALCULATIONS.
     UNIT    3 NOT SOLVED   - 'T2          '
       MAX ERRORS:  X=-1.17E15  (S8)             T=-1140.  (S8)
                    P=0.  (S8)
       LOOP  1 NOT SOLVED AFTER  17 TRIALS
 ** WARNING **  PRESSURE OF FEED STREAM 104, 'S8' = 15 IS LESS THAN THE FEED
                TRAY PRESSURE OF 20 ON TRAY 4.
  *** ERROR - COLUMN UNIT  1 HAS ZERO X AT TRAY   1
  *** ERROR - COLUMN UNIT  1 HAS ZERO X AT TRAY   2
  *** ERROR - COLUMN UNIT  1 HAS ZERO X AT TRAY   3

 SIMULATION SCIENCES INC.               R                             PAGE H-16
 PROJECT                          PRO/II  VERSION 4.17                   386/EM
 PROBLEM                              CALCULATION                              
                                        HISTORY                        11/14/97
 ==============================================================================
 
  *** ERROR - COLUMN UNIT  1 HAS ZERO X AT TRAY   4
  *** ERROR - COLUMN UNIT  1 HAS ZERO X AT TRAY   5
  *** ERROR - COLUMN UNIT  1 HAS ZERO X AT TRAY   6
  *** ERROR - COLUMN UNIT  1 HAS ZERO X AT TRAY   7
  *** ERROR - COLUMN UNIT  1 HAS ZERO X AT TRAY   8
  *** ERROR - COLUMN UNIT  1 HAS ZERO X AT TRAY   9
  *** ERROR - COLUMN UNIT  1 HAS ZERO X AT TRAY  10
  *** ERROR - COLUMN UNIT  1 HAS ZERO X AT TRAY  11
  *** ERROR - COLUMN UNIT  1 HAS ZERO X AT TRAY  12
  *** ERROR - COLUMN UNIT  1 HAS ZERO X AT TRAY  13
  *** ERROR - COLUMN UNIT  1 HAS ZERO X AT TRAY  14
  *** ERROR - COLUMN UNIT  1 HAS ZERO X AT TRAY  15
  *** ERROR - COLUMN UNIT  1 HAS ZERO X AT TRAY  16
  *** ERROR - COLUMN UNIT  1 HAS ZERO X AT TRAY  17
  *** ERROR - COLUMN UNIT  1 HAS ZERO X AT TRAY  18
  *** ERROR - COLUMN UNIT  1 HAS ZERO X AT TRAY  19
  *** ERROR - COLUMN UNIT  1 HAS ZERO X AT TRAY  20
     UNIT    1 NOT SOLVED   - 'T1          '
     UNIT    2     SOLVED   - 'E1          '
     UNIT    6     SOLVED   - 'E3          '
     UNIT    5     SOLVED   - 'E2          '
 ** WARNING **  UNIT 4, 'P1' - NON LIQUID PHASE INLET CONDITIONS DETECTED. WORK
                HAS BEEN COMPUTED BY ENTHALPY DIFFERENCE. CHECK RESULTS
 ** WARNING **  UNIT 4, 'P1' - COMPUTED WORK IS NEGATIVE.
     UNIT    4     SOLVED   - 'P1          '
             INNER  0 : E(ENTH+SPEC) = 2.680E-01
             CALCULATING NEW MATRIX
             INNER  1 : E(ENTH+SPEC) = 2.680E-01  ALPHA =  -.0003
             INNER  2 : E(ENTH+SPEC) = 2.680E-01  ALPHA =  -.0003
             INNER  3 : E(ENTH+SPEC) = 2.680E-01  ALPHA =  -.0003
             INNER  4 : E(ENTH+SPEC) = 2.680E-01  ALPHA =   .0000
       ITER  1 E(K) = 8.114E-02 E(ENTH+SPEC) = 2.680E-01  E(SUM) = 1.079E+00
               DAMP = 1.000E+00
             INNER  0 : E(ENTH+SPEC) = 2.688E-01
             INNER  1 : E(ENTH+SPEC) = 2.688E-01  ALPHA =   .0002
             INNER  2 : E(ENTH+SPEC) = 2.687E-01  ALPHA =   .0000
             INNER  3 : E(ENTH+SPEC) = 2.687E-01  ALPHA =   .0000
             INNER  4 : E(ENTH+SPEC) = 2.687E-01  ALPHA =   .0000
             CALCULATING NEW MATRIX
             INNER  1 : E(ENTH+SPEC) = 2.687E-01  ALPHA =   .0000
             INNER  2 : E(ENTH+SPEC) = 2.687E-01  ALPHA =   .0000
             INNER  3 : E(ENTH+SPEC) = 2.687E-01  ALPHA =   .0001
             INNER  4 : E(ENTH+SPEC) = 2.687E-01  ALPHA =   .0000
             CALCULATING NEW MATRIX
             INNER  1 : E(ENTH+SPEC) = 2.687E-01  ALPHA =  -.0001
             INNER  2 : E(ENTH+SPEC) = 2.687E-01  ALPHA =   .0000
             INNER  3 : E(ENTH+SPEC) = 2.687E-01  ALPHA =   .0000
             INNER  4 : E(ENTH+SPEC) = 2.687E-01  ALPHA =   .0000
 *** ERROR ***  COLUMN CALCULATIONS TERMINATED BECAUSE ALPHA WAS BELOW .01 FOR
                4 CONSECUTIVE ITERATIONS AFTER 2 NEW MATRIX CALCULATIONS.
     UNIT    3 NOT SOLVED   - 'T2          '
       MAX ERRORS:  X=-17.8  (S7)                T=-117.  (S8)
                    P=0.  (S8)

 SIMULATION SCIENCES INC.               R                             PAGE H-17
 PROJECT                          PRO/II  VERSION 4.17                   386/EM
 PROBLEM                              CALCULATION                              
                                        HISTORY                        11/14/97
 ==============================================================================
 
       LOOP  1 NOT SOLVED AFTER  18 TRIALS
 ** WARNING **  PRESSURE OF FEED STREAM 104, 'S8' = 15 IS LESS THAN THE FEED
                TRAY PRESSURE OF 20 ON TRAY 4.
  
  *** ERROR - UNIT   1 - SINGULAR MATRIX IN COL H BAL
  
  EQS , ALL ZEROS IN (I, 21)
     UNIT    1 NOT SOLVED   - 'T1          '
     UNIT    2     SOLVED   - 'E1          '
     UNIT    6     SOLVED   - 'E3          '
     UNIT    5     SOLVED   - 'E2          '
 ** WARNING **  UNIT 4, 'P1' - NON LIQUID PHASE INLET CONDITIONS DETECTED. WORK
                HAS BEEN COMPUTED BY ENTHALPY DIFFERENCE. CHECK RESULTS
 ** WARNING **  UNIT 4, 'P1' - COMPUTED WORK IS NEGATIVE.
     UNIT    4     SOLVED   - 'P1          '
             INNER  0 : E(ENTH+SPEC) = 2.687E-01
             CALCULATING NEW MATRIX
 *** ERROR ***  COLUMN CALCULATIONS TERMINATED BECAUSE ERROR CANNOT BE REDUCED
                WITH NEWLY CALCULATED MATRIX
     UNIT    3 NOT SOLVED   - 'T2          '
       MAX ERRORS:  X=-17.8  (S8)                T=1270.  (S8)
                    P=0.  (S8)
       LOOP  1 NOT SOLVED AFTER  19 TRIALS
 ** WARNING **  PRESSURE OF FEED STREAM 104, 'S8' = 15 IS LESS THAN THE FEED
                TRAY PRESSURE OF 20 ON TRAY 4.
  
  *** ERROR - UNIT   1 - SINGULAR MATRIX IN COL H BAL
  
  EQS , ALL ZEROS IN (I, 21)
     UNIT    1 NOT SOLVED   - 'T1          '
     UNIT    2     SOLVED   - 'E1          '
     UNIT    6     SOLVED   - 'E3          '
     UNIT    5     SOLVED   - 'E2          '
 ** WARNING **  UNIT 4, 'P1' - NON LIQUID PHASE INLET CONDITIONS DETECTED. WORK
                HAS BEEN COMPUTED BY ENTHALPY DIFFERENCE. CHECK RESULTS
 ** WARNING **  UNIT 4, 'P1' - COMPUTED WORK IS NEGATIVE.
     UNIT    4     SOLVED   - 'P1          '
             INNER  0 : E(ENTH+SPEC) = 2.680E-01
             CALCULATING NEW MATRIX
             INNER  1 : E(ENTH+SPEC) = 2.680E-01  ALPHA =  -.0003
             INNER  2 : E(ENTH+SPEC) = 2.680E-01  ALPHA =  -.0003
             INNER  3 : E(ENTH+SPEC) = 2.680E-01  ALPHA =  -.0003
             INNER  4 : E(ENTH+SPEC) = 2.680E-01  ALPHA =   .0000
       ITER  1 E(K) = 8.114E-02 E(ENTH+SPEC) = 2.680E-01  E(SUM) = 1.079E+00
               DAMP = 1.000E+00
             INNER  0 : E(ENTH+SPEC) = 2.688E-01
             INNER  1 : E(ENTH+SPEC) = 2.688E-01  ALPHA =   .0002
             INNER  2 : E(ENTH+SPEC) = 2.687E-01  ALPHA =   .0000
             INNER  3 : E(ENTH+SPEC) = 2.687E-01  ALPHA =   .0000
             INNER  4 : E(ENTH+SPEC) = 2.687E-01  ALPHA =   .0000
             CALCULATING NEW MATRIX
             INNER  1 : E(ENTH+SPEC) = 2.687E-01  ALPHA =   .0000
             INNER  2 : E(ENTH+SPEC) = 2.687E-01  ALPHA =   .0000

 SIMULATION SCIENCES INC.               R                             PAGE H-18
 PROJECT                          PRO/II  VERSION 4.17                   386/EM
 PROBLEM                              CALCULATION                              
                                        HISTORY                        11/14/97
 ==============================================================================
 
             INNER  3 : E(ENTH+SPEC) = 2.687E-01  ALPHA =   .0001
             INNER  4 : E(ENTH+SPEC) = 2.687E-01  ALPHA =   .0000
             CALCULATING NEW MATRIX
             INNER  1 : E(ENTH+SPEC) = 2.687E-01  ALPHA =  -.0001
             INNER  2 : E(ENTH+SPEC) = 2.687E-01  ALPHA =   .0000
             INNER  3 : E(ENTH+SPEC) = 2.687E-01  ALPHA =   .0000
             INNER  4 : E(ENTH+SPEC) = 2.687E-01  ALPHA =   .0000
 *** ERROR ***  COLUMN CALCULATIONS TERMINATED BECAUSE ALPHA WAS BELOW .01 FOR
                4 CONSECUTIVE ITERATIONS AFTER 2 NEW MATRIX CALCULATIONS.
     UNIT    3 NOT SOLVED   - 'T2          '
       MAX ERRORS:  X=-17.8  (S6)                T=-1190.  (S8)
                    P=0.  (S8)
       LOOP  1 NOT SOLVED AFTER  20 TRIALS
 *** PROBLEM SOLUTION NOT REACHED
  
 *** PERFORMING OUTPUT TIME CALCULATIONS
     UNIT    2 - 'E1          '
     UNIT    5 - 'E2          '
     UNIT    6 - 'E3          '
  
 *** SIMSCI ROYALTY FOR THIS PROBLEM IS 20.96 PRO/II CHARGE UNITS
  
 *** RUN STATISTICS
     STARTED    13:45:04 01/01/98          20 ERRORS
     FINISHED   13:47:29 01/01/98          62 WARNINGS
     RUN TIMES                             NO MESSAGES
       INTERACTIVE     0 MIN,  3.46 SEC
       CALCULATIONS    2 MIN, 21.22 SEC
       TOTAL           2 MIN, 24.68 SEC
           MATRIX INVERSION FAILED.  COLUMN  1 IS ZERO

 SIMULATION SCIENCES INC.               R                              PAGE I-1
 PROJECT                          PRO/II  VERSION 4.17                   386/EM
 PROBLEM                                 OUTPUT                                
                                         INDEX                         11/14/97
 ==============================================================================
 
  PAGE    CONTENTS
 ------  ----------------------------------------------------------------
     1   COMPONENT DATA
     2   CALCULATION SEQUENCE AND RECYCLES
     3   PLANT MATERIAL BALANCE
         PUMP SUMMARY
     4     UNIT 4, 'P1'
         HEAT EXCHANGER SUMMARY
     5     UNIT 2, 'E1'
     6     UNIT 5, 'E2'
     7     UNIT 6, 'E3'
         COLUMN SUMMARY
     8     UNIT 1, 'T1'
    10       TOWER DIAGRAM
    11       TRAY LOADING
    13       TRAY COMPOSITIONS
    17     UNIT 3, 'T2'
    18   STREAM MOLAR COMPONENT RATES
    20   STREAM MOLAR COMPONENT PERCENTS
    22   STREAM WEIGHT COMPONENT RATES
    24   STREAM WEIGHT COMPONENT PERCENTS
    26   STREAM SUMMARY

 SIMULATION SCIENCES INC.               R                              PAGE P-1
 PROJECT                          PRO/II  VERSION 4.17                   386/EM
 PROBLEM                                 OUTPUT                                
                                     COMPONENT DATA                    11/14/97
 ================ ** WARNING - PROBLEM SOLUTION NOT REACHED ** ================
 
         COMPONENT         COMP. TYPE      PHASE     MOL. WEIGHT    DENSITY
                                                                     KG/M3
   ---------------------   -----------  -----------  -----------  -----------
     1  NH3                    LIBRARY      VAP/LIQ       17.031      618.262
     2  H2O                    LIBRARY      VAP/LIQ       18.015      998.566
 
         COMPONENT             NBP      CRIT. TEMP.  CRIT. PRES.  CRIT. VOLM.
                                C            C         KG/CM2      M3/KG-MOL
   ---------------------   -----------  -----------  -----------  -----------
     1  NH3                    -33.400      132.400      115.204        .0725
     2  H2O                    100.000      374.200      225.553        .0554
 
         COMPONENT         ACEN. FACT.  HEAT FORM.     G FORM.
                                        KCAL/KG-MOL  KCAL/KG-MOL
   ---------------------   -----------  -----------  -----------
     1  NH3                     .25227    -10974.23     -3929.61
     2  H2O                     .34800    -57799.99    -54646.99

 SIMULATION SCIENCES INC.               R                              PAGE P-2
 PROJECT                          PRO/II  VERSION 4.17                   386/EM
 PROBLEM                                 OUTPUT                                
                           CALCULATION SEQUENCE AND RECYCLES           11/14/97
 ================ ** WARNING - PROBLEM SOLUTION NOT REACHED ** ================
 
 CALCULATION SEQUENCE
 
  SEQ    UNIT ID     UNIT TYPE     SEQ    UNIT ID     UNIT TYPE
  ---  ------------  ----------    ---  ------------  ----------
    1  T1            COLUMN          4  E2            HX
    2  E1            HX              5  P1            PUMP
    3  E3            HX              6  T2            COLUMN
 
 
 RECYCLE LOOPS
 
  --------------- LOOPS ---------------- ------------ TEAR STREAMS ------------
       ID       FIRST UNIT   LAST UNIT        ID       FROM UNIT     TO UNIT
  ------------ ------------ ------------ ------------ ------------ ------------
  LOOP1        T1           T2           S8           E3           T1
                                         S7           P1           E3
                                         S1           T2           P1

 SIMULATION SCIENCES INC.               R                              PAGE P-3
 PROJECT                          PRO/II  VERSION 4.17                   386/EM
 PROBLEM                                 OUTPUT                                
                                 PLANT MATERIAL BALANCE                11/14/97
 ================ ** WARNING - PROBLEM SOLUTION NOT REACHED ** ================
 
 FEED STREAMS:     S5
 
 PRODUCT STREAMS:  S4                  S6
 
 
 OVERALL PLANT MOLAR BALANCE
 
                          ---------------- KG-MOL/HR ----------------  PERCENT
        COMPONENT            FEED     +REACTION  -PRODUCT  =DEVIATION    DEV
   ---------------------  ---------- ---------- ---------- ----------  -------
     1  NH3                     .000       .000       .000       .000      .00
     2  H2O                     .000       .000       .000       .000      .00
 
        TOTAL                   .000       .000       .000       .000      .00
 
 
 OVERALL PLANT MASS BALANCE
 
                          ------------------ KG/HR ------------------  PERCENT
        COMPONENT            FEED     +REACTION  -PRODUCT  =DEVIATION    DEV
   ---------------------  ---------- ---------- ---------- ----------  -------
     1  NH3                      .00        .00        .00        .00      .00
     2  H2O                      .00        .00        .01       -.01      .00
 
        TOTAL                    .00        .00        .01       -.01      .00

 SIMULATION SCIENCES INC.               R                              PAGE P-4
 PROJECT                          PRO/II  VERSION 4.17                   386/EM
 PROBLEM                                 OUTPUT                                
                                      PUMP SUMMARY                     11/14/97
 ================ ** WARNING - PROBLEM SOLUTION NOT REACHED ** ================
 
                                  UNIT 4, 'P1'
 
 FEEDS                                S1
 
 PRODUCTS LIQUID                      S7
 
 
 OPERATING CONDITIONS
 
                                    INLET       OUTLET
                              -----------  -----------
  TEMPERATURE, C                   119.72       119.72
  PRESSURE, KG/CM2                   2.00        15.00
  MOLE FRAC VAPOR                  1.0000        .0000
  MOLE FRAC LIQUID                  .0000       1.0000
  ACT FLOW RATE, M3/HR          3371.2307       4.0859
  EFFICIENCY, PERCENT                         100.0000
  HEAD, M                                  -2.2644E+05
  WORK, KW                                  -2280.0707
 ** WARNING **  UNIT 4, 'P1' - COMPUTED WORK IS NEGATIVE.
 ** WARNING **  UNIT 4, 'P1' - NON LIQUID PHASE INLET CONDITIONS DETECTED. WORK
                HAS BEEN COMPUTED BY ENTHALPY DIFFERENCE. CHECK RESULTS

 SIMULATION SCIENCES INC.               R                              PAGE P-5
 PROJECT                          PRO/II  VERSION 4.17                   386/EM
 PROBLEM                                 OUTPUT                                
                                 HEAT EXCHANGER SUMMARY                11/14/97
 ================ ** WARNING - PROBLEM SOLUTION NOT REACHED ** ================
 
                                  UNIT 2, 'E1'
 
 OPERATING CONDITIONS
 
      DUTY, M*KCAL/HR                       1.665E-25
      LMTD, C                                  17.461
      F FACTOR (FT)                             1.000
      MTD, C                                   17.461
      U*A, KCAL/HR-C                        9.536E-21
 
 
 HOT SIDE CONDITIONS                            INLET       OUTLET
                                          -----------  -----------
      FEED                                         S2
       VAPOR, KG-MOL/HR                     4.459E-22
              K*KG/HR                       8.026E-24
          CP, KCAL/KG-C                          .653
      LIQUID, KG-MOL/HR                                  4.459E-22
              K*KG/HR                                    8.026E-24
          CP, KCAL/KG-C                                      1.042
       TOTAL, KG-MOL/HR                     1.039E-23    1.039E-23
              K*KG/HR                       1.870E-25    1.870E-25
      CONDENSATION, KG-MOL/HR                                 .000
       TEMPERATURE, C                          73.203       40.000
       PRESSURE, KG/CM2                        20.000       20.000
 
 COLD SIDE CONDITIONS                           INLET       OUTLET
                                          -----------  -----------
      COOLING WATER, KG/HR                  3.330E-20    3.330E-20
      TEMPERATURE, C                           33.000       38.000

 SIMULATION SCIENCES INC.               R                              PAGE P-6
 PROJECT                          PRO/II  VERSION 4.17                   386/EM
 PROBLEM                                 OUTPUT                                
                                 HEAT EXCHANGER SUMMARY                11/14/97
 ================ ** WARNING - PROBLEM SOLUTION NOT REACHED ** ================
 
                                  UNIT 5, 'E2'
 
 OPERATING CONDITIONS
 
      DUTY, M*KCAL/HR                       2.162E-02
      LMTD, C                                  41.703
      F FACTOR (FT)                             1.000
      MTD, C                                   41.703
      U*A, KCAL/HR-C                          518.392
 
 
 HOT SIDE CONDITIONS                            INLET       OUTLET
                                          -----------  -----------
      FEED                                         S9
      LIQUID PRODUCT                                           S10
      LIQUID, KG-MOL/HR                        10.897       10.897
              K*KG/HR                            .196         .196
          CP, KCAL/KG-C                         1.007        1.040
       TOTAL, KG-MOL/HR                        10.897       10.897
              K*KG/HR                            .196         .196
      CONDENSATION, KG-MOL/HR                                 .000
       TEMPERATURE, C                         150.000       40.000
       PRESSURE, KG/CM2                        20.000       20.000
 
 COLD SIDE CONDITIONS                           INLET       OUTLET
                                          -----------  -----------
      COOLING WATER, KG/HR                   2161.855     2161.855
      TEMPERATURE, C                           30.000       40.000

 SIMULATION SCIENCES INC.               R                              PAGE P-7
 PROJECT                          PRO/II  VERSION 4.17                   386/EM
 PROBLEM                                 OUTPUT                                
                                 HEAT EXCHANGER SUMMARY                11/14/97
 ================ ** WARNING - PROBLEM SOLUTION NOT REACHED ** ================
 
                                  UNIT 6, 'E3'
 
 OPERATING CONDITIONS
 
      DUTY, M*KCAL/HR                       1.272E-02
      LMTD, C                                  29.068
      F FACTOR (FT)                             1.000
      MTD, C                                   29.068
      U*A, KCAL/HR-C                          437.529
 
 
 HOT SIDE CONDITIONS                            INLET       OUTLET
                                          -----------  -----------
      FEED                                         S3
      LIQUID PRODUCT                                            S9
      LIQUID, KG-MOL/HR                        10.897       10.897
              K*KG/HR                            .196         .196
          CP, KCAL/KG-C                         1.118        1.007
       TOTAL, KG-MOL/HR                        10.897       10.897
              K*KG/HR                            .196         .196
      CONDENSATION, KG-MOL/HR                                 .000
       TEMPERATURE, C                         211.575      150.000
       PRESSURE, KG/CM2                        20.000       20.000
 
 
 COLD SIDE CONDITIONS                           INLET       OUTLET
                                          -----------  -----------
      FEED                                         S7
      LIQUID PRODUCT                                            S8
      LIQUID, KG-MOL/HR                        10.897       10.897
              K*KG/HR                            .196         .196
          CP, KCAL/KG-C                          .990        1.053
       TOTAL, KG-MOL/HR                        10.897       10.897
              K*KG/HR                            .196         .196
      CONDENSATION, KG-MOL/HR                                 .000
       TEMPERATURE, C                         119.725      183.682
       PRESSURE, KG/CM2                        15.000       15.000

 SIMULATION SCIENCES INC.               R                              PAGE P-8
 PROJECT                          PRO/II  VERSION 4.17                   386/EM
 PROBLEM                                 OUTPUT                                
                                     COLUMN SUMMARY                    11/14/97
 ================ ** WARNING - PROBLEM SOLUTION NOT REACHED ** ================
 
                                  UNIT 1, 'T1'
 
 TOTAL NUMBER OF ITERATIONS
 
     SURE   METHOD     71
 
 
 COLUMN SUMMARY
 
                            ---------- NET FLOW RATES -----------     HEATER
   TRAY    TEMP   PRESSURE   LIQUID    VAPOR    FEED     PRODUCT      DUTIES
           DEG C   KG/CM2                KG-MOL/HR                  M*KCAL/HR
  ------  ------- --------  -------- -------- --------- ---------  ------------
       1C    73.2    20.00     116.4                          .0V        -.7978
       2    164.5    20.00     106.7    116.4
       3    195.8    20.00     108.6    106.7
       4    201.6    20.00     153.4    108.6     10.9V
       5    203.8    20.00     154.5    142.6
       6    205.6    20.00     155.4    143.6
       7    207.1    20.00     156.1    144.5
       8    208.2    20.00     156.6    145.2
       9    209.1    20.00     157.1    145.7
      10    209.8    20.00     157.4    146.2
      11    210.3    20.00     157.7    146.5
      12    210.6    20.00     157.8    146.8
      13    210.9    20.00     158.0    146.9
      14    211.1    20.00     158.1    147.1
      15    211.3    20.00     158.1    147.2
      16    211.4    20.00     158.2    147.2
      17    211.4    20.00     158.2    147.3
      18    211.5    20.00     158.3    147.3
      19    211.5    20.00     158.3    147.4
      20R   211.6    20.00              147.4               10.9L        1.2364
 
 
 FEED AND PRODUCT STREAMS
 
  TYPE     STREAM    PHASE   FROM  TO   LIQUID        FLOW RATES    HEAT RATES
                             TRAY TRAY   FRAC         KG-MOL/HR     M*KCAL/HR
  ----- ------------ ------  ---- ----  ------       ------------  ------------
  FEED  S8           VAPOR           4   .0000              10.90         .2626
  PROD  S2           VAPOR      1                             .00         .0000
  PROD  S3           LIQUID    20                           10.90         .0416
 
  OVERALL MOLE BALANCE, (FEEDS - PRODUCTS)             1.5613E-15
  OVERALL HEAT BALANCE, (H(IN) - H(OUT)  )                                .6596

 SIMULATION SCIENCES INC.               R                              PAGE P-9
 PROJECT                          PRO/II  VERSION 4.17                   386/EM
 PROBLEM                                 OUTPUT                                
                                     COLUMN SUMMARY                    11/14/97
 ================ ** WARNING - PROBLEM SOLUTION NOT REACHED ** ================
 
                              UNIT 1, 'T1'  (CONT)
 
 SPECIFICATIONS
 
      PARAMETER      TRAY   COMP   SPECIFICATION  SPECIFIED   CALCULATED
        TYPE          NO     NO        TYPE         VALUE       VALUE
  -----------------  ----  ------  -------------  ----------  ----------
  STRM S2               1       1  WT  FRACTION    9.950E-01   1.235E-02
  STRM S3              20       1  WT  PPM         1.000E+02   1.334E-11
 
 
 REFLUX RATIOS
 
                                     -------- REFLUX RATIOS --------
                                       MOLAR      WEIGHT   STD L VOL
                                     ---------  ---------  ---------
  REFLUX / FEED STREAM S8              10.6785    10.6779    10.6836
  REFLUX / VAPOR DISTILLATE          2.610E+23  2.612E+23  2.593E+23
 
 
 COMPONENT PERCENT RECOVERIES
 
                       PRODUCTS
             STREAM        S2      S3
                     OVHD-V   BTMS
            TRAY           1       20
        COMPONENT
      1 NH3            .000 100.000
      2 H2O            .000 100.000

 SIMULATION SCIENCES INC.                                     R                                                           PAGE P-10
 PROJECT                                                PRO/II  VERSION 4.17                                                 386/EM
 PROBLEM                                                       OUTPUT                                                              
                                                           COLUMN SUMMARY                                                  11/14/97
 ========================================== ** WARNING - PROBLEM SOLUTION NOT REACHED ** ==========================================
 
                                                        UNIT 1, 'T1'  (CONT)
 
  
 TOWER CONFIGURATION AND PROFILES


 +-------------FEED--------------+                                                               +---PRODUCTS/PUMPAROUNDS-+
      RATE      TEMP  HEAT CONTENT      VAPOR     TEMP   TRAY   PRES      LIQUID      HEAT EXCH       RATE     HEAT CONTENT
   KG-MOL/HR    DEG C  M*KCAL/HR      KG-MOL/HR   DEG C  NUMBER KG/CM   KG-MOL/HR     M*KCAL/HR    KG-MOL/HR    M*KCAL/HR 
 -------------  ----- ------------  ------------- -----  ------ ----- -------------   ---------- ------------- ------------
                                   ------------------------------------------------
                                   I                                              I
                                   I                                              I
                                   I                                              +-->                 .00V          .00000
                                   I      .00                                     I
                                   I-----------    73.2  --1--   20.00  ----------+<--   -.79777
                                   I                                       116.36 I
                                   I                                              I
                                   I   116.36                                     I
                                   I-----------   164.5  --2--   20.00  ----------I
                                   I                                       106.75 I
                                   I                                              I
                                   I   106.75                                     I
                                   I-----------   195.8  --3--   20.00  ----------I
                                   I                                       108.61 I
                                   I                                              I
                                   I   108.61                                     I
                                   I-----------   201.6  --4--   20.00  ----------I
                                   I                                       153.45 I
     10.90V    1376.0   .26262  -->+                                              I
                                   I                                              I
                                   I   142.55                                     I
                                   I-----------   203.8  --5--   20.00  ----------I
                                   I                                       154.50 I
                                   I                                              I
                                   I   143.60                                     I
                                   I-----------   205.6  --6--   20.00  ----------I
                                   I                                       155.38 I
                                   I                                              I
                                   I   144.48                                     I
                                   I-----------   207.1  --7--   20.00  ----------I
                                   I                                       156.09 I
                                   I                                              I
                                   I   145.19                                     I
                                   I-----------   208.2  --8--   20.00  ----------I
                                   I                                       156.65 I
                                   I                                              I
                                   I   145.75                                     I
                                   I-----------   209.1  --9--   20.00  ----------I
                                   I                                       157.08 I
                                   I                                              I
                                   I   146.18                                     I
                                   I-----------   209.8  -10--   20.00  ----------I
                                   I                                       157.41 I
                                   I                                              I
                                   I   146.51                                     I
                                   I-----------   210.3  -11--   20.00  ----------I
                                   I                                       157.65 I
                                   I                                              I
                                   I   146.75                                     I
                                   I-----------   210.6  -12--   20.00  ----------I
                                   I                                       157.83 I
                                   I                                              I
                                   I   146.94                                     I
                                   I-----------   210.9  -13--   20.00  ----------I
                                   I                                       157.97 I
                                   I                                              I
                                   I   147.07                                     I
                                   I-----------   211.1  -14--   20.00  ----------I
                                   I                                       158.07 I
                                   I                                              I
                                   I   147.17                                     I
                                   I-----------   211.3  -15--   20.00  ----------I
                                   I                                       158.14 I
                                   I                                              I
                                   I   147.24                                     I
                                   I-----------   211.4  -16--   20.00  ----------I
                                   I                                       158.19 I
                                   I                                              I
                                   I   147.30                                     I
                                   I-----------   211.4  -17--   20.00  ----------I
                                   I                                       158.23 I
                                   I                                              I
                                   I   147.34                                     I
                                   I-----------   211.5  -18--   20.00  ----------I
                                   I                                       158.26 I
                                   I                                              I
                                   I   147.36                                     I
                                   I-----------   211.5  -19--   20.00  ----------I
                                   I                                       158.28 I
                                   I                                              I
                                   I   147.38                                     I
                                   I-----------   211.6  -20--   20.00  ----------+<--   1.23635
                                   I                                        10.90 I
                                   I                                              +-->               10.90L          .04162
                                   I                                              I
                                   I                                              I
                                   ------------------------------------------------

 SIMULATION SCIENCES INC.                                     R                                                           PAGE P-11
 PROJECT                                                PRO/II  VERSION 4.17                                                 386/EM
 PROBLEM                                                       OUTPUT                                                              
                                                           COLUMN SUMMARY                                                  11/14/97
 ========================================== ** WARNING - PROBLEM SOLUTION NOT REACHED ** ==========================================
 
                                                        UNIT 1, 'T1'  (CONT)
 
 TRAY LOADING REPORT
  
  
 
        --------------------  VAPOR TO TRAY  --------------------      --------------------  LIQUID FROM TRAY  -------------------
                                              DENSITY   VISCOSITY                                  DENSITY   VISCOSITY     SURFACE
  TRAY  TEMP   PRESSURE     MW       RATE     AT COND    AT COND       TEMP      MW       RATE     AT COND    AT COND      TENSION
        DEG C   KG/CM2             K*KG/HR    KG/M3        CP          DEG C            K*KG/HR    KG/M3        CP        DYNE/CM
  ----  -----  --------  -------  ---------   -------   ---------      -----  -------  ---------   -------   ---------    --------
    1   164.5    20.000   18.014    2.0961      10.97      .01475       73.2   18.014    2.0961      948.3       .3830      64.180
    2   195.8    20.000   18.015    1.9230       9.98      .01604      164.5   18.015    1.9230      858.4       .1642      45.716
    3   201.6    20.000   18.015    1.9566       9.82      .01628      195.8   18.015    1.9566      821.4       .1368      38.568
    4   211.6    20.000   18.015    2.7644       9.56      .01669      201.6   18.015    2.7644      814.2       .1328      37.236
    5   205.6    20.000   18.015    2.5869       9.71      .01645      203.8   18.015    2.7832      811.3       .1313      36.721
    6   207.1    20.000   18.015    2.6028       9.68      .01651      205.6   18.015    2.7991      809.0       .1301      36.294
    7   208.2    20.000   18.015    2.6156       9.65      .01655      207.1   18.015    2.8119      807.1       .1292      35.952
    8   209.1    20.000   18.015    2.6257       9.62      .01659      208.2   18.015    2.8220      805.6       .1285      35.684
    9   209.8    20.000   18.015    2.6335       9.61      .01662      209.1   18.015    2.8298      804.4       .1279      35.479
   10   210.3    20.000   18.015    2.6394       9.59      .01664      209.8   18.015    2.8357      803.6       .1275      35.324
   11   210.6    20.000   18.015    2.6438       9.58      .01665      210.3   18.015    2.8401      802.9       .1272      35.208
   12   210.9    20.000   18.015    2.6471       9.58      .01667      210.6   18.015    2.8434      802.4       .1270      35.122
   13   211.1    20.000   18.015    2.6495       9.57      .01667      210.9   18.015    2.8458      802.1       .1268      35.059
   14   211.3    20.000   18.015    2.6513       9.57      .01668      211.1   18.015    2.8476      801.8       .1267      35.012
   15   211.4    20.000   18.015    2.6526       9.56      .01668      211.3   18.015    2.8489      801.6       .1266      34.978
   16   211.4    20.000   18.015    2.6535       9.56      .01669      211.4   18.015    2.8499      801.5       .1265      34.953
   17   211.5    20.000   18.015    2.6542       9.56      .01669      211.4   18.015    2.8506      801.4       .1265      34.935
   18   211.5    20.000   18.015    2.6548       9.56      .01669      211.5   18.015    2.8511      801.3       .1264      34.922
   19   211.6    20.000   18.015    2.6551       9.56      .01669      211.5   18.015    2.8514      801.2       .1264      34.912
   20   REBOILER                                                       211.6   18.015     .1963      801.2       .1264      34.905
 
        -------------------  VAPOR FROM TRAY  -------------------      ---------------------  LIQUID TO TRAY  --------------------
                                              DENSITY   VISCOSITY                                  DENSITY   VISCOSITY     SURFACE
  TRAY  TEMP   PRESSURE     MW       RATE     AT COND    AT COND       TEMP      MW       RATE     AT COND    AT COND      TENSION
        DEG C   KG/CM2             K*KG/HR    KG/M3        CP          DEG C            K*KG/HR    KG/M3        CP        DYNE/CM
  ----  -----  --------  -------  ---------   -------   ---------      -----  -------  ---------   -------   ---------    --------
    1    73.2    20.000   18.002     .0000      16.50      .01104      CONDENSER
    2   164.5    20.000   18.014    2.0961      10.97      .01475       73.2   18.014    2.0961      948.3       .3830      64.180
    3   195.8    20.000   18.015    1.9230       9.98      .01604      164.5   18.015    1.9230      858.4       .1642      45.716
    4   201.6    20.000   18.015    1.9566       9.82      .01628      195.8   18.015    1.9566      821.4       .1368      38.568
    5   203.8    20.000   18.015    2.5681       9.76      .01637      201.6   18.015    2.7644      814.2       .1328      37.236
    6   205.6    20.000   18.015    2.5869       9.71      .01645      203.8   18.015    2.7832      811.3       .1313      36.721
    7   207.1    20.000   18.015    2.6028       9.68      .01651      205.6   18.015    2.7991      809.0       .1301      36.294
    8   208.2    20.000   18.015    2.6156       9.65      .01655      207.1   18.015    2.8119      807.1       .1292      35.952
    9   209.1    20.000   18.015    2.6257       9.62      .01659      208.2   18.015    2.8220      805.6       .1285      35.684
   10   209.8    20.000   18.015    2.6335       9.61      .01662      209.1   18.015    2.8298      804.4       .1279      35.479
   11   210.3    20.000   18.015    2.6394       9.59      .01664      209.8   18.015    2.8357      803.6       .1275      35.324
   12   210.6    20.000   18.015    2.6438       9.58      .01665      210.3   18.015    2.8401      802.9       .1272      35.208
   13   210.9    20.000   18.015    2.6471       9.58      .01667      210.6   18.015    2.8434      802.4       .1270      35.122
   14   211.1    20.000   18.015    2.6495       9.57      .01667      210.9   18.015    2.8458      802.1       .1268      35.059
   15   211.3    20.000   18.015    2.6513       9.57      .01668      211.1   18.015    2.8476      801.8       .1267      35.012

 SIMULATION SCIENCES INC.                                     R                                                           PAGE P-12
 PROJECT                                                PRO/II  VERSION 4.17                                                 386/EM
 PROBLEM                                                       OUTPUT                                                              
                                                           COLUMN SUMMARY                                                  11/14/97
 ========================================== ** WARNING - PROBLEM SOLUTION NOT REACHED ** ==========================================
 
                                                        UNIT 1, 'T1'  (CONT)
 
        -------------------  VAPOR FROM TRAY  -------------------      ---------------------  LIQUID TO TRAY  --------------------
                                              DENSITY   VISCOSITY                                  DENSITY   VISCOSITY     SURFACE
  TRAY  TEMP   PRESSURE     MW       RATE     AT COND    AT COND       TEMP      MW       RATE     AT COND    AT COND      TENSION
        DEG C   KG/CM2             K*KG/HR    KG/M3        CP          DEG C            K*KG/HR    KG/M3        CP        DYNE/CM
  ----  -----  --------  -------  ---------   -------   ---------      -----  -------  ---------   -------   ---------    --------
   16   211.4    20.000   18.015    2.6526       9.56      .01668      211.3   18.015    2.8489      801.6       .1266      34.978
   17   211.4    20.000   18.015    2.6535       9.56      .01669      211.4   18.015    2.8499      801.5       .1265      34.953
   18   211.5    20.000   18.015    2.6542       9.56      .01669      211.4   18.015    2.8506      801.4       .1265      34.935
   19   211.5    20.000   18.015    2.6548       9.56      .01669      211.5   18.015    2.8511      801.3       .1264      34.922
   20   211.6    20.000   18.015    2.6551       9.56      .01669      211.5   18.015    2.8514      801.2       .1264      34.912

 SIMULATION SCIENCES INC.               R                             PAGE P-13
 PROJECT                          PRO/II  VERSION 4.17                   386/EM
 PROBLEM                                 OUTPUT                                
                                     COLUMN SUMMARY                    11/14/97
 ================ ** WARNING - PROBLEM SOLUTION NOT REACHED ** ================
 
                              UNIT 1, 'T1'  (CONT)
 
 TRAY MOLAR COMPOSITIONS
 
                               TRAY 1                      TRAY 2
     COMPONENT              X          Y                X          Y
                       ----------  ----------      ----------  ----------
    1 NH3              9.2290E-04  3.0409E-04      1.2496E-04  3.5166E-04
    2 H2O                  .99908      .02299          .99988      .38068
 
  RATE, KG-MOL/HR          116.36    4.46E-22          106.75      116.36
 
 
                               TRAY 3                      TRAY 4
     COMPONENT              X          Y                X          Y
                       ----------  ----------      ----------  ----------
    1 NH3              2.0571E-05  9.2963E-05      3.5077E-06  1.7095E-05
    2 H2O                  .99998      .74387         1.00000      .83100
 
  RATE, KG-MOL/HR          108.61      106.75          153.45      108.61
 
 
                               TRAY 5                      TRAY 6
     COMPONENT              X          Y                X          Y
                       ----------  ----------      ----------  ----------
    1 NH3              6.7953E-07  3.4064E-06      1.3147E-07  6.7438E-07
    2 H2O                 1.00000      .86645         1.00000      .89657
 
  RATE, KG-MOL/HR          154.50      142.55          155.38      143.60
 
 
                               TRAY 7                      TRAY 8
     COMPONENT              X          Y                X          Y
                       ----------  ----------      ----------  ----------
    1 NH3              2.5441E-08  1.3289E-07      4.9267E-09  2.6098E-08
    2 H2O                 1.00000      .92123         1.00000      .94083
 
  RATE, KG-MOL/HR          156.09      144.48          156.65      145.19
 
 
                               TRAY 9                     TRAY 10
     COMPONENT              X          Y                X          Y
                       ----------  ----------      ----------  ----------
    1 NH3              9.5497E-10  5.1131E-09      1.8527E-10  9.9996E-10
    2 H2O                 1.00000      .95605         1.00000      .96766
 
  RATE, KG-MOL/HR          157.08      145.75          157.41      146.18

 SIMULATION SCIENCES INC.               R                             PAGE P-14
 PROJECT                          PRO/II  VERSION 4.17                   386/EM
 PROBLEM                                 OUTPUT                                
                                     COLUMN SUMMARY                    11/14/97
 ================ ** WARNING - PROBLEM SOLUTION NOT REACHED ** ================
 
                              UNIT 1, 'T1'  (CONT)
 
                              TRAY 11                     TRAY 12
     COMPONENT              X          Y                X          Y
                       ----------  ----------      ----------  ----------
    1 NH3              3.5972E-11  1.9531E-10      6.9886E-12  3.8113E-11
    2 H2O                 1.00000      .97641         1.00000      .98293
 
  RATE, KG-MOL/HR          157.65      146.51          157.83      146.75
 
 
                              TRAY 13                     TRAY 14
     COMPONENT              X          Y                X          Y
                       ----------  ----------      ----------  ----------
    1 NH3              1.3584E-12  7.4324E-12      2.6415E-13  1.4487E-12
    2 H2O                 1.00000      .98776         1.00000      .99132
 
  RATE, KG-MOL/HR          157.97      146.94          158.07      147.07
 
 
                              TRAY 15                     TRAY 16
     COMPONENT              X          Y                X          Y
                       ----------  ----------      ----------  ----------
    1 NH3              5.1381E-14  2.8228E-13      9.9963E-15  5.4988E-14
    2 H2O                 1.00000      .99393         1.00000      .99584
 
  RATE, KG-MOL/HR          158.14      147.17          158.19      147.24
 
 
                              TRAY 17                     TRAY 18
     COMPONENT              X          Y                X          Y
                       ----------  ----------      ----------  ----------
    1 NH3              1.9450E-15  1.0709E-14      3.7836E-16  2.0846E-15
    2 H2O                 1.00000      .99723         1.00000      .99825
 
  RATE, KG-MOL/HR          158.23      147.30          158.26      147.34
 
 
                              TRAY 19                     TRAY 20
     COMPONENT              X          Y                X          Y
                       ----------  ----------      ----------  ----------
    1 NH3              7.3458E-17  4.0493E-16      1.4111E-17  7.7811E-17
    2 H2O                 1.00000      .99898         1.00000      .99952
 
  RATE, KG-MOL/HR          158.28      147.36           10.90      147.38

 SIMULATION SCIENCES INC.               R                             PAGE P-15
 PROJECT                          PRO/II  VERSION 4.17                   386/EM
 PROBLEM                                 OUTPUT                                
                                     COLUMN SUMMARY                    11/14/97
 ================ ** WARNING - PROBLEM SOLUTION NOT REACHED ** ================
 
                              UNIT 1, 'T1'  (CONT)
 
 TRAY WEIGHT COMPOSITIONS
 
                               TRAY 1                      TRAY 2
     COMPONENT              X          Y                X          Y
                       ----------  ----------      ----------  ----------
    1 NH3              8.7253E-04  2.8769E-04      1.1813E-04  3.3246E-04
    2 H2O                  .99913      .02301          .99988      .38070
 
  RATE, KG/HR            2096.146   8.026E-21        1923.013    2096.146
 
 
                               TRAY 3                      TRAY 4
     COMPONENT              X          Y                X          Y
                       ----------  ----------      ----------  ----------
    1 NH3              1.9447E-05  8.7886E-05      3.3162E-06  1.6161E-05
    2 H2O                  .99998      .74388         1.00000      .83100
 
  RATE, KG/HR            1956.564    1923.013        2764.380    1956.564
 
 
                               TRAY 5                      TRAY 6
     COMPONENT              X          Y                X          Y
                       ----------  ----------      ----------  ----------
    1 NH3              6.4242E-07  3.2204E-06      1.2429E-07  6.3754E-07
    2 H2O                 1.00000      .86645         1.00000      .89657
 
  RATE, KG/HR            2783.246    2568.073        2799.081    2586.940
 
 
                               TRAY 7                      TRAY 8
     COMPONENT              X          Y                X          Y
                       ----------  ----------      ----------  ----------
    1 NH3              2.4051E-08  1.2563E-07      4.6576E-09  2.4673E-08
    2 H2O                 1.00000      .92123         1.00000      .94083
 
  RATE, KG/HR            2811.898    2602.774        2821.987    2615.591
 
 
                               TRAY 9                     TRAY 10
     COMPONENT              X          Y                X          Y
                       ----------  ----------      ----------  ----------
    1 NH3              9.0281E-10  4.8338E-09      1.7515E-10  9.4534E-10
    2 H2O                 1.00000      .95605         1.00000      .96766
 
  RATE, KG/HR            2829.762    2625.680        2835.661    2633.455

 SIMULATION SCIENCES INC.               R                             PAGE P-16
 PROJECT                          PRO/II  VERSION 4.17                   386/EM
 PROBLEM                                 OUTPUT                                
                                     COLUMN SUMMARY                    11/14/97
 ================ ** WARNING - PROBLEM SOLUTION NOT REACHED ** ================
 
                              UNIT 1, 'T1'  (CONT)
 
                              TRAY 11                     TRAY 12
     COMPONENT              X          Y                X          Y
                       ----------  ----------      ----------  ----------
    1 NH3              3.4007E-11  1.8464E-10      6.6069E-12  3.6031E-11
    2 H2O                 1.00000      .97641         1.00000      .98293
 
  RATE, KG/HR            2840.085    2639.354        2843.374    2643.778
 
 
                              TRAY 13                     TRAY 14
     COMPONENT              X          Y                X          Y
                       ----------  ----------      ----------  ----------
    1 NH3              1.2842E-12  7.0264E-12      2.4972E-13  1.3696E-12
    2 H2O                 1.00000      .98776         1.00000      .99132
 
  RATE, KG/HR            2845.804    2647.067        2847.589    2649.497
 
 
                              TRAY 15                     TRAY 16
     COMPONENT              X          Y                X          Y
                       ----------  ----------      ----------  ----------
    1 NH3              4.8574E-14  2.6686E-13      9.4503E-15  5.1985E-14
    2 H2O                 1.00000      .99393         1.00000      .99584
 
  RATE, KG/HR            2848.898    2651.283        2849.854    2652.591
 
 
                              TRAY 17                     TRAY 18
     COMPONENT              X          Y                X          Y
                       ----------  ----------      ----------  ----------
    1 NH3              1.8388E-15  1.0124E-14      3.5770E-16  1.9708E-15
    2 H2O                 1.00000      .99723         1.00000      .99825
 
  RATE, KG/HR            2850.551    2653.547        2851.058    2654.244
 
 
                              TRAY 19                     TRAY 20
     COMPONENT              X          Y                X          Y
                       ----------  ----------      ----------  ----------
    1 NH3              6.9446E-17  3.8281E-16      1.3340E-17  7.3561E-17
    2 H2O                 1.00000      .99898         1.00000      .99952
 
  RATE, KG/HR            2851.428    2654.752         196.307    2655.121

 SIMULATION SCIENCES INC.               R                             PAGE P-17
 PROJECT                          PRO/II  VERSION 4.17                   386/EM
 PROBLEM                                 OUTPUT                                
                                     COLUMN SUMMARY                    11/14/97
 ================ ** WARNING - PROBLEM SOLUTION NOT REACHED ** ================
 
                                  UNIT 3, 'T2'
 
 TOTAL NUMBER OF ITERATIONS
 
     IN/OUT METHOD     35
 
 
 COLUMN SUMMARY
 
                            ---------- NET FLOW RATES -----------     HEATER
   TRAY    TEMP   PRESSURE   LIQUID    VAPOR    FEED     PRODUCT      DUTIES
           DEG C   KG/CM2                KG-MOL/HR                  M*KCAL/HR
  ------  ------- --------  -------- -------- --------- ---------  ------------
       1    119.7     2.00      10.9              10.9L       .0V
       2    119.7     2.00      10.9       .0
       3    119.7     2.00      10.9       .0
       4    119.7     2.00      10.9       .0
       5    119.7     2.00      10.9       .0
       6    119.7     2.00      10.9       .0
       7    119.7     2.00      10.9       .0
       8    119.7     2.00      10.9       .0
       9    119.7     2.00      10.9       .0
      10    119.7     2.00                 .0       .0V     10.9L
 
 
 FEED AND PRODUCT STREAMS
 
  TYPE     STREAM    PHASE   FROM  TO   LIQUID        FLOW RATES    HEAT RATES
                             TRAY TRAY   FRAC         KG-MOL/HR     M*KCAL/HR
  ----- ------------ ------  ---- ----  ------       ------------  ------------
  FEED  S10          LIQUID          1  1.0000              10.90         .0073
  FEED  S5           VAPOR          10   .0000                .00         .0000
  PROD  S6           VAPOR      1                             .00         .0000
  PROD  S1           LIQUID    10                           10.90         .0229
 
  OVERALL MOLE BALANCE, (FEEDS - PRODUCTS)            -1.5613E-15
  OVERALL HEAT BALANCE, (H(IN) - H(OUT)  )                               -.0156
 
 
 SPECIFICATIONS
 
      PARAMETER      TRAY   COMP   SPECIFICATION  SPECIFIED   CALCULATED
        TYPE          NO     NO        TYPE         VALUE       VALUE
  -----------------  ----  ------  -------------  ----------  ----------
  STRM S6               1       1  MOL PPM         1.000E+00   1.472E-10

 SIMULATION SCIENCES INC.               R                             PAGE P-18
 PROJECT                          PRO/II  VERSION 4.17                   386/EM
 PROBLEM                                 OUTPUT                                
                              STREAM MOLAR COMPONENT RATES             11/14/97
 ================ ** WARNING - PROBLEM SOLUTION NOT REACHED ** ================
 
 STREAM ID                            S1           S2           S3           S4
        NAME
        PHASE                     LIQUID        VAPOR       LIQUID       LIQUID
  
 FLUID RATES, KG-MOL/HR
    1  NH3                    2.2939E-16        .0000   1.5376E-16        .0000
    2  H2O                       10.8964        .0000      10.8968        .0000
 
 TOTAL RATE, KG-MOL/HR           10.8964   4.4586E-22      10.8968   4.4586E-22
 
 TEMPERATURE, C                 119.7246      73.2025     211.5751      40.0000
 PRESSURE, KG/CM2                 2.0000      20.0000      20.0000      20.0000
 ENTHALPY, M*KCAL/HR               .0229   1.1187E-25        .0416   2.7836E-25
 MOLECULAR WEIGHT                18.0150        .4194      18.0150        .4194
 MOLE FRAC VAPOR                   .0000       1.0000        .0000        .0000
 MOLE FRAC LIQUID                 1.0000        .0000       1.0000       1.0000
 
 
 STREAM ID                            S5           S6           S7           S8
        NAME
        PHASE                      VAPOR        VAPOR       LIQUID       LIQUID
  
 FLUID RATES, KG-MOL/HR
    1  NH3                    7.5691E-17   6.8705E-20   1.4375E-12   1.5228E-16
    2  H2O                    7.5691E-19   4.6676E-04     205.3243      10.8968
 
 TOTAL RATE, KG-MOL/HR        7.6448E-17   4.6676E-04     205.3243      10.8968
 
 TEMPERATURE, C                  40.0000     119.7249     119.7202     183.6825
 PRESSURE, KG/CM2                 2.0000       2.0000      15.0000      15.0000
 ENTHALPY, M*KCAL/HR          4.2804E-19   5.4405E-06        .4327        .0357
 MOLECULAR WEIGHT                17.0407      18.0150      18.0150      18.0150
 MOLE FRAC VAPOR                  1.0000       1.0000        .0000        .0000
 MOLE FRAC LIQUID                  .0000        .0000       1.0000       1.0000
 
 
 STREAM ID                            S9          S10
        NAME
        PHASE                     LIQUID       LIQUID
  
 FLUID RATES, KG-MOL/HR
    1  NH3                    1.5376E-16   1.5376E-16
    2  H2O                       10.8968      10.8968
 
 TOTAL RATE, KG-MOL/HR           10.8968      10.8968

 SIMULATION SCIENCES INC.               R                             PAGE P-19
 PROJECT                          PRO/II  VERSION 4.17                   386/EM
 PROBLEM                                 OUTPUT                                
                              STREAM MOLAR COMPONENT RATES             11/14/97
 ================ ** WARNING - PROBLEM SOLUTION NOT REACHED ** ================
 
 STREAM ID                            S9          S10
        NAME
        PHASE                     LIQUID       LIQUID
  
 TEMPERATURE, C                 150.0000      40.0000
 PRESSURE, KG/CM2                20.0000      20.0000
 ENTHALPY, M*KCAL/HR               .0289   7.2876E-03
 MOLECULAR WEIGHT                18.0150      18.0150
 MOLE FRAC VAPOR                   .0000        .0000
 MOLE FRAC LIQUID                 1.0000       1.0000

 SIMULATION SCIENCES INC.               R                             PAGE P-20
 PROJECT                          PRO/II  VERSION 4.17                   386/EM
 PROBLEM                                 OUTPUT                                
                            STREAM MOLAR COMPONENT PERCENTS            11/14/97
 ================ ** WARNING - PROBLEM SOLUTION NOT REACHED ** ================
 
 STREAM ID                            S1           S2           S3           S4
        NAME
        PHASE                     LIQUID        VAPOR       LIQUID       LIQUID
  
 FLUID MOLAR PERCENTS
    1  NH3                    2.1052E-15        .0304   1.4111E-15        .0304
    2  H2O                      100.0000       2.2994     100.0000       2.2994
 
 TOTAL RATE, KG-MOL/HR           10.8964   4.4586E-22      10.8968   4.4586E-22
 
 TEMPERATURE, C                 119.7246      73.2025     211.5751      40.0000
 PRESSURE, KG/CM2                 2.0000      20.0000      20.0000      20.0000
 ENTHALPY, M*KCAL/HR               .0229   1.1187E-25        .0416   2.7836E-25
 MOLECULAR WEIGHT                18.0150        .4194      18.0150        .4194
 MOLE FRAC VAPOR                   .0000       1.0000        .0000        .0000
 MOLE FRAC LIQUID                 1.0000        .0000       1.0000       1.0000
 
 
 STREAM ID                            S5           S6           S7           S8
        NAME
        PHASE                      VAPOR        VAPOR       LIQUID       LIQUID
  
 FLUID MOLAR PERCENTS
    1  NH3                       99.0099   1.4720E-14   7.0010E-13   1.3974E-15
    2  H2O                         .9901     100.0000     100.0000     100.0000
 
 TOTAL RATE, KG-MOL/HR        7.6448E-17   4.6676E-04     205.3243      10.8968
 
 TEMPERATURE, C                  40.0000     119.7249     119.7202     183.6825
 PRESSURE, KG/CM2                 2.0000       2.0000      15.0000      15.0000
 ENTHALPY, M*KCAL/HR          4.2804E-19   5.4405E-06        .4327        .0357
 MOLECULAR WEIGHT                17.0407      18.0150      18.0150      18.0150
 MOLE FRAC VAPOR                  1.0000       1.0000        .0000        .0000
 MOLE FRAC LIQUID                  .0000        .0000       1.0000       1.0000
 
 
 STREAM ID                            S9          S10
        NAME
        PHASE                     LIQUID       LIQUID
  
 FLUID MOLAR PERCENTS
    1  NH3                    1.4111E-15   1.4111E-15
    2  H2O                      100.0000     100.0000
 
 TOTAL RATE, KG-MOL/HR           10.8968      10.8968

 SIMULATION SCIENCES INC.               R                             PAGE P-21
 PROJECT                          PRO/II  VERSION 4.17                   386/EM
 PROBLEM                                 OUTPUT                                
                            STREAM MOLAR COMPONENT PERCENTS            11/14/97
 ================ ** WARNING - PROBLEM SOLUTION NOT REACHED ** ================
 
 STREAM ID                            S9          S10
        NAME
        PHASE                     LIQUID       LIQUID
  
 TEMPERATURE, C                 150.0000      40.0000
 PRESSURE, KG/CM2                20.0000      20.0000
 ENTHALPY, M*KCAL/HR               .0289   7.2876E-03
 MOLECULAR WEIGHT                18.0150      18.0150
 MOLE FRAC VAPOR                   .0000        .0000
 MOLE FRAC LIQUID                 1.0000       1.0000

 SIMULATION SCIENCES INC.               R                             PAGE P-22
 PROJECT                          PRO/II  VERSION 4.17                   386/EM
 PROBLEM                                 OUTPUT                                
                             STREAM WEIGHT COMPONENT RATES             11/14/97
 ================ ** WARNING - PROBLEM SOLUTION NOT REACHED ** ================
 
 STREAM ID                            S1           S2           S3           S4
        NAME
        PHASE                     LIQUID        VAPOR       LIQUID       LIQUID
  
 FLUID RATES, KG/HR
    1  NH3                    3.9067E-15        .0000   2.6188E-15        .0000
    2  H2O                      196.2983        .0000     196.3067        .0000
 
 TOTAL RATE, KG/HR              196.2983   1.8700E-22     196.3067   1.8700E-22
 
 TEMPERATURE, C                 119.7246      73.2025     211.5751      40.0000
 PRESSURE, KG/CM2                 2.0000      20.0000      20.0000      20.0000
 ENTHALPY, M*KCAL/HR               .0229   1.1187E-25        .0416   2.7836E-25
 MOLECULAR WEIGHT                18.0150        .4194      18.0150        .4194
 WEIGHT FRAC VAPOR                 .0000       1.0000        .0000        .0000
 WEIGHT FRAC LIQUID               1.0000        .0000       1.0000       1.0000
 
 
 STREAM ID                            S5           S6           S7           S8
        NAME
        PHASE                      VAPOR        VAPOR       LIQUID       LIQUID
  
 FLUID RATES, KG/HR
    1  NH3                    1.2891E-15   1.1701E-18   2.4482E-11   2.5934E-15
    2  H2O                    1.3636E-17   8.4087E-03    3698.9169     196.3067
 
 TOTAL RATE, KG/HR            1.3027E-15   8.4087E-03    3698.9169     196.3067
 
 TEMPERATURE, C                  40.0000     119.7249     119.7202     183.6825
 PRESSURE, KG/CM2                 2.0000       2.0000      15.0000      15.0000
 ENTHALPY, M*KCAL/HR          4.2804E-19   5.4405E-06        .4327        .0357
 MOLECULAR WEIGHT                17.0407      18.0150      18.0150      18.0150
 WEIGHT FRAC VAPOR                1.0000       1.0000        .0000        .0000
 WEIGHT FRAC LIQUID                .0000        .0000       1.0000       1.0000
 
 
 STREAM ID                            S9          S10
        NAME
        PHASE                     LIQUID       LIQUID
  
 FLUID RATES, KG/HR
    1  NH3                    2.6188E-15   2.6188E-15
    2  H2O                      196.3067     196.3067
 
 TOTAL RATE, KG/HR              196.3067     196.3067

 SIMULATION SCIENCES INC.               R                             PAGE P-23
 PROJECT                          PRO/II  VERSION 4.17                   386/EM
 PROBLEM                                 OUTPUT                                
                             STREAM WEIGHT COMPONENT RATES             11/14/97
 ================ ** WARNING - PROBLEM SOLUTION NOT REACHED ** ================
 
 STREAM ID                            S9          S10
        NAME
        PHASE                     LIQUID       LIQUID
  
 TEMPERATURE, C                 150.0000      40.0000
 PRESSURE, KG/CM2                20.0000      20.0000
 ENTHALPY, M*KCAL/HR               .0289   7.2876E-03
 MOLECULAR WEIGHT                18.0150      18.0150
 WEIGHT FRAC VAPOR                 .0000        .0000
 WEIGHT FRAC LIQUID               1.0000       1.0000

 SIMULATION SCIENCES INC.               R                             PAGE P-24
 PROJECT                          PRO/II  VERSION 4.17                   386/EM
 PROBLEM                                 OUTPUT                                
                            STREAM WEIGHT COMPONENT PERCENTS           11/14/97
 ================ ** WARNING - PROBLEM SOLUTION NOT REACHED ** ================
 
 STREAM ID                            S1           S2           S3           S4
        NAME
        PHASE                     LIQUID        VAPOR       LIQUID       LIQUID
  
 FLUID WEIGHT PERCENTS
    1  NH3                    1.9902E-15       1.2348   1.3340E-15       1.2348
    2  H2O                      100.0000      98.7652     100.0000      98.7652
 
 TOTAL RATE, KG/HR              196.2983   1.8700E-22     196.3067   1.8700E-22
 
 TEMPERATURE, C                 119.7246      73.2025     211.5751      40.0000
 PRESSURE, KG/CM2                 2.0000      20.0000      20.0000      20.0000
 ENTHALPY, M*KCAL/HR               .0229   1.1187E-25        .0416   2.7836E-25
 MOLECULAR WEIGHT                18.0150        .4194      18.0150        .4194
 WEIGHT FRAC VAPOR                 .0000       1.0000        .0000        .0000
 WEIGHT FRAC LIQUID               1.0000        .0000       1.0000       1.0000
 
 
 STREAM ID                            S5           S6           S7           S8
        NAME
        PHASE                      VAPOR        VAPOR       LIQUID       LIQUID
  
 FLUID WEIGHT PERCENTS
    1  NH3                       98.9533   1.3916E-14   6.6186E-13   1.3211E-15
    2  H2O                        1.0467     100.0000     100.0000     100.0000
 
 TOTAL RATE, KG/HR            1.3027E-15   8.4087E-03    3698.9169     196.3067
 
 TEMPERATURE, C                  40.0000     119.7249     119.7202     183.6825
 PRESSURE, KG/CM2                 2.0000       2.0000      15.0000      15.0000
 ENTHALPY, M*KCAL/HR          4.2804E-19   5.4405E-06        .4327        .0357
 MOLECULAR WEIGHT                17.0407      18.0150      18.0150      18.0150
 WEIGHT FRAC VAPOR                1.0000       1.0000        .0000        .0000
 WEIGHT FRAC LIQUID                .0000        .0000       1.0000       1.0000
 
 
 STREAM ID                            S9          S10
        NAME
        PHASE                     LIQUID       LIQUID
  
 FLUID WEIGHT PERCENTS
    1  NH3                    1.3340E-15   1.3340E-15
    2  H2O                      100.0000     100.0000
 
 TOTAL RATE, KG/HR              196.3067     196.3067

 SIMULATION SCIENCES INC.               R                             PAGE P-25
 PROJECT                          PRO/II  VERSION 4.17                   386/EM
 PROBLEM                                 OUTPUT                                
                            STREAM WEIGHT COMPONENT PERCENTS           11/14/97
 ================ ** WARNING - PROBLEM SOLUTION NOT REACHED ** ================
 
 STREAM ID                            S9          S10
        NAME
        PHASE                     LIQUID       LIQUID
  
 TEMPERATURE, C                 150.0000      40.0000
 PRESSURE, KG/CM2                20.0000      20.0000
 ENTHALPY, M*KCAL/HR               .0289   7.2876E-03
 MOLECULAR WEIGHT                18.0150      18.0150
 WEIGHT FRAC VAPOR                 .0000        .0000
 WEIGHT FRAC LIQUID               1.0000       1.0000

 SIMULATION SCIENCES INC.               R                             PAGE P-26
 PROJECT                          PRO/II  VERSION 4.17                   386/EM
 PROBLEM                                 OUTPUT                                
                                     STREAM SUMMARY                    11/14/97
 ================ ** WARNING - PROBLEM SOLUTION NOT REACHED ** ================
 
 STREAM ID                            S1           S2           S3           S4
        NAME
        PHASE                     LIQUID        VAPOR       LIQUID       LIQUID
  
 -----  TOTAL STREAM  -----
 RATE, KG-MOL/HR                  10.896    4.459E-22       10.897    4.459E-22
       K*KG/HR                      .196    1.870E-25         .196    1.870E-25
 STD LIQ RATE, M3/HR                .197    1.887E-25         .197    1.887E-25
 TEMPERATURE, C                  119.725       73.203      211.575       40.000
 PRESSURE, KG/CM2                  2.000       20.000       20.000       20.000
 MOLECULAR WEIGHT                 18.015         .419       18.015         .419
 ENTHALPY, M*KCAL/HR           2.291E-02    1.119E-25    4.162E-02    2.784E-25
           KCAL/KG               116.730      598.222      212.037     1488.589
 MOLE FRACTION LIQUID             1.0000        .0000       1.0000       1.0000
 REDUCED TEMP (KAYS RULE)          .6069      23.0774        .7488      20.8651
         PRES (KAYS RULE)     8.8671E-03       3.8304        .0887       3.8304
 ACENTRIC FACTOR                   .3480   8.0785E-03        .3480   8.0785E-03
 WATSON K (UOPK)                   8.762        8.804        8.762        8.804
 STD LIQ DENSITY, KG/M3          998.566      991.039      998.566      991.039
         SPECIFIC GRAVITY          .9996        .9920        .9996        .9920
         API GRAVITY              10.063       11.139       10.063       11.139
 
 --------  VAPOR  ---------
 RATE, KG-MOL/HR                     N/A    4.459E-22          N/A          N/A
       K*KG/HR                       N/A    1.870E-25          N/A          N/A
       K*M3/HR                       N/A    4.866E-25          N/A          N/A
 NORM VAP RATE(1), K*M3/HR           N/A    9.993E-24          N/A          N/A
 SPECIFIC GRAVITY (AIR=1.0)          N/A    1.448E-02          N/A          N/A
 MOLECULAR WEIGHT                    N/A         .419          N/A          N/A
 ENTHALPY, KCAL/KG                   N/A      598.222          N/A          N/A
 CP, KCAL/KG-C                       N/A       28.018          N/A          N/A
 DENSITY, KG/K*M3                    N/A      384.300          N/A          N/A
 Z (FROM DENSITY)                    N/A        .7433          N/A          N/A
 TH COND, KCAL/HR-M-C                N/A       .01970          N/A          N/A
 VISCOSITY, CP                       N/A       .01104          N/A          N/A
 
 --------  LIQUID  --------
 RATE, KG-MOL/HR                  10.896          N/A       10.897    4.459E-22
       K*KG/HR                      .196          N/A         .196    8.026E-24
       M3/HR                        .217          N/A         .245    8.271E-24
       GAL/MIN                      .955          N/A        1.079    3.642E-23
 STD LIQ RATE, M3/HR                .197          N/A         .197    8.099E-24
 SPECIFIC GRAVITY (H2O=1.0)        .9996          N/A        .9996        .9920
 MOLECULAR WEIGHT                 18.015          N/A       18.015       18.002
 ENTHALPY, KCAL/KG               116.730          N/A      212.037       34.681
 CP, KCAL/KG-C                      .991          N/A        1.118        1.042
 DENSITY, KG/M3                  904.954          N/A      801.203      970.394
 Z (FROM DENSITY)             1.1953E-03          N/A        .0109        .0140
 SURFACE TENSION, DYNE/CM        55.3557          N/A      34.9051      68.9059
 THERMAL COND, KCAL/HR-M-C        .58974          N/A       .56611       .53788
 VISCOSITY, CP                    .23059          N/A       .12640       .64013
 
  (1) NORMAL VAPOR VOLUME IS 22.414 M3/KG-MOLE (0 C AND 1 ATM)

 SIMULATION SCIENCES INC.               R                             PAGE P-27
 PROJECT                          PRO/II  VERSION 4.17                   386/EM
 PROBLEM                                 OUTPUT                                
                                     STREAM SUMMARY                    11/14/97
 ================ ** WARNING - PROBLEM SOLUTION NOT REACHED ** ================
 
 STREAM ID                            S5           S6           S7           S8
        NAME
        PHASE                      VAPOR        VAPOR       LIQUID       LIQUID
  
 -----  TOTAL STREAM  -----
 RATE, KG-MOL/HR               7.645E-17    4.668E-04      205.324       10.897
       K*KG/HR                 1.303E-18    8.409E-06        3.699         .196
 STD LIQ RATE, M3/HR           2.099E-18    8.421E-06        3.704         .197
 TEMPERATURE, C                   40.000      119.725      119.720      183.682
 PRESSURE, KG/CM2                  2.000        2.000       15.000       15.000
 MOLECULAR WEIGHT                 17.041       18.015       18.015       18.015
 ENTHALPY, M*KCAL/HR           4.280E-19    5.440E-06         .433    3.568E-02
           KCAL/KG               328.573      647.009      116.985      181.775
 MOLE FRACTION LIQUID              .0000        .0000       1.0000       1.0000
 REDUCED TEMP (KAYS RULE)          .7676        .6069        .6069        .7057
         PRES (KAYS RULE)          .0172   8.8671E-03        .0665        .0665
 ACENTRIC FACTOR                   .2532        .3480        .3480        .3480
 WATSON K (UOPK)                  12.175        8.762        8.762        8.762
 STD LIQ DENSITY, KG/M3          620.736      998.566      998.566      998.566
         SPECIFIC GRAVITY          .6213        .9996        .9996        .9996
         API GRAVITY              96.230       10.063       10.063       10.063
 
 --------  VAPOR  ---------
 RATE, KG-MOL/HR               7.645E-17    4.668E-04          N/A          N/A
       K*KG/HR                 1.303E-18    8.409E-06          N/A          N/A
       K*M3/HR                 1.001E-18    7.664E-06          N/A          N/A
 NORM VAP RATE(1), K*M3/HR     1.713E-18    1.046E-05          N/A          N/A
 SPECIFIC GRAVITY (AIR=1.0)         .588         .622          N/A          N/A
 MOLECULAR WEIGHT                 17.041       18.015          N/A          N/A
 ENTHALPY, KCAL/KG               328.573      647.009          N/A          N/A
 CP, KCAL/KG-C                      .513         .460          N/A          N/A
 DENSITY, KG/K*M3               1301.420     1097.187          N/A          N/A
 Z (FROM DENSITY)                  .9864        .9859          N/A          N/A
 TH COND, KCAL/HR-M-C             .02227       .02262          N/A          N/A
 VISCOSITY, CP                    .01070       .01292          N/A          N/A
 
 --------  LIQUID  --------
 RATE, KG-MOL/HR                     N/A          N/A      205.324       10.897
       K*KG/HR                       N/A          N/A        3.699         .196
       M3/HR                         N/A          N/A        4.086         .235
       GAL/MIN                       N/A          N/A       17.989        1.034
 STD LIQ RATE, M3/HR                 N/A          N/A        3.704         .197
 SPECIFIC GRAVITY (H2O=1.0)          N/A          N/A        .9996        .9996
 MOLECULAR WEIGHT                    N/A          N/A       18.015       18.015
 ENTHALPY, KCAL/KG                   N/A          N/A      116.985      181.775
 CP, KCAL/KG-C                       N/A          N/A         .990        1.053
 DENSITY, KG/M3                      N/A          N/A      905.297      836.071
 Z (FROM DENSITY)                    N/A          N/A   8.9613E-03   8.3447E-03
 SURFACE TENSION, DYNE/CM            N/A          N/A      55.3566      41.3702
 THERMAL COND, KCAL/HR-M-C           N/A          N/A       .58974       .58225
 VISCOSITY, CP                       N/A          N/A       .23060       .14624
 
  (1) NORMAL VAPOR VOLUME IS 22.414 M3/KG-MOLE (0 C AND 1 ATM)

 SIMULATION SCIENCES INC.               R                             PAGE P-28
 PROJECT                          PRO/II  VERSION 4.17                   386/EM
 PROBLEM                                 OUTPUT                                
                                     STREAM SUMMARY                    11/14/97
 ================ ** WARNING - PROBLEM SOLUTION NOT REACHED ** ================
 
 STREAM ID                            S9          S10
        NAME
        PHASE                     LIQUID       LIQUID
  
 -----  TOTAL STREAM  -----
 RATE, KG-MOL/HR                  10.897       10.897
       K*KG/HR                      .196         .196
 STD LIQ RATE, M3/HR                .197         .197
 TEMPERATURE, C                  150.000       40.000
 PRESSURE, KG/CM2                 20.000       20.000
 MOLECULAR WEIGHT                 18.015       18.015
 ENTHALPY, M*KCAL/HR           2.891E-02    7.288E-03
           KCAL/KG               147.250       37.124
 MOLE FRACTION LIQUID             1.0000       1.0000
 REDUCED TEMP (KAYS RULE)          .6537        .4837
         PRES (KAYS RULE)          .0887        .0887
 ACENTRIC FACTOR                   .3480        .3480
 WATSON K (UOPK)                   8.762        8.762
 STD LIQ DENSITY, KG/M3          998.566      998.566
         SPECIFIC GRAVITY          .9996        .9996
         API GRAVITY              10.063       10.063
 
 --------  VAPOR  ---------
 RATE, KG-MOL/HR                     N/A          N/A
       K*KG/HR                       N/A          N/A
       K*M3/HR                       N/A          N/A
 NORM VAP RATE(1), K*M3/HR           N/A          N/A
 SPECIFIC GRAVITY (AIR=1.0)          N/A          N/A
 MOLECULAR WEIGHT                    N/A          N/A
 ENTHALPY, KCAL/KG                   N/A          N/A
 CP, KCAL/KG-C                       N/A          N/A
 DENSITY, KG/K*M3                    N/A          N/A
 Z (FROM DENSITY)                    N/A          N/A
 TH COND, KCAL/HR-M-C                N/A          N/A
 VISCOSITY, CP                       N/A          N/A
 
 --------  LIQUID  --------
 RATE, KG-MOL/HR                  10.897       10.897
       K*KG/HR                      .196         .196
       M3/HR                        .225         .201
       GAL/MIN                      .988         .884
 STD LIQ RATE, M3/HR                .197         .197
 SPECIFIC GRAVITY (H2O=1.0)        .9996        .9996
 MOLECULAR WEIGHT                 18.015       18.015
 ENTHALPY, KCAL/KG               147.250       37.124
 CP, KCAL/KG-C                     1.007        1.040
 DENSITY, KG/M3                  874.394      977.897
 Z (FROM DENSITY)                  .0115        .0139
 SURFACE TENSION, DYNE/CM        48.9309      69.5942
 THERMAL COND, KCAL/HR-M-C        .59133       .54129
 VISCOSITY, CP                    .18117       .65130
 
  (1) NORMAL VAPOR VOLUME IS 22.414 M3/KG-MOLE (0 C AND 1 ATM)


$ Generated by PRO/II Keyword Generation System <version 2.71 - 02-14-95>
$ Generated on: Fri May 08 09:35:00 1998
TITLE DATE=02/13/98
  DIMENSION METRIC, STDTEMP=0, STDPRES=1.03323
  SEQUENCE SIMSCI
  CALCULATION RVPBASIS=APIN, TVP=37.778, RECYCLE=ALL
COMPONENT DATA
  LIBID 1,H2O/2,NH3/3,NC5/4,ISOOCTAN/5,PXYLENE/6,C1/7,C2/8,C3/9,NC4/ &
        10,NC6/11,NC7/12,NC8/13,NC9/14,NC10/15,NC11/16,NC12/17,NC13/ &
        18,NC14/19,NC15/20,NC16/21,NC17/22,NC18/23,H2/24,H2S
  PETRO 25,hp6,142.3,764.5,168/26,hp7,156.7,774.5,190/ &
        27,hp8,170,785.3,210/28,hp9,184.2,795.2,228/ &
        29,hp10,198.2,803.4,248/30,hp11,212,810,268/ &
        31,hp12,226.5,818.1,268/32,hp14,254.2,830.65,315.4/ &
        33,hp13,240.8,828.5,297/34,hp2,86,739.4,72.7/ &
        35,hp3,100,743.2,94/36,hp4,114,745.1,118.7/ &
        37,hp5,129.3,752.2,142/38,hp1,72,723.1,40.1
THERMODYNAMIC DATA
  METHOD SYSTEM=SRKS, TRANSPORT=PURE, SET=SRKS01, DEFAULT
STREAM DATA
  PROPERTY STREAM=A, TEMPERATURE=134, PRESSURE=7.2, PHASE=M, &
         COMPOSITION(M,KGM/H)=6,0.0003/7,0.0004/12,0.0001/13,0.1563/ &
        14,38.4839/15,39.2624/16,39.6183/17,22.753/18,13.721/ &
        19,0.0911/25,11.1296/26,30.3597/27,55.3134/28,45.196/ &
        29,42.9597/30,2.9224/31,0.0005/37,0.0114
  PROPERTY STREAM=RF1, TEMPERATURE=45, PRESSURE=10, PHASE=M, &
         COMPOSITION(WT,KG/H)=1,14.2/3,31.1/6,84.2/7,24.82/8,37.6/ &
        9,49.5/12,191.7/13,21.86/23,32.08/24,6.84/34,68.84/38,24.57
UNIT OPERATIONS
  MIXER UID=M1
      FEED RF1,A
      PRODUCT  M=S1
  HX   UID=E1
      COLD FEED=S1, M=C
      OPER CTEMP=180
  COLUMN UID=T1
      PARAMETER TRAY=15,SURE=55
      FEED C,13,SEPARATE
      PRODUCT  OVHD(M)=D,24.9, BTMS(M)=E,327.908, LDRAW(M)=F,1,3.06
      CONDENSER TYPE=MIX, PRESSURE=3.1, TEST=45
      DUTY 1,1,-1.8/2,15,5.5
      PSPEC PTOP=3.2, DPCOLUMN=0.45
      PRINT COMPOSITION=M,WT, PROPTABLE=ALL, DIAGRAM, TLOADING
      ESTIMATE MODEL=REFINING, RRATIO=2, CTEMP=45, TTEMP=165, &
                 BTEMP=248
      TEMPERATURE 1,155/2,165
      SPEC STREAM=D, RATE(KGM/H), VALUE=24.9, RTOLER=0.01
      VARY DUTY=1
      TFLOW NET(V)=SV,15/DD,2, NET(L)=SL,14
      REBOILER TYPE=KETTLE
RECYCLE DATA
  ACCELERATION TYPE=WEGSTEIN
END

 SIMULATION SCIENCES INC.          R                                   PAGE H-1
 PROJECT                     PRO/II  VERSION 4.17 ELEC V12               386/EM
 PROBLEM                              CALCULATION                              
                                        HISTORY                        02/13/98
 ==============================================================================
 
 *** PROBLEM SOLUTION BEGINS
     FEED FLASH    COMPLETE
     UNIT    2     SOLVED   - 'M1          '
     UNIT    3     SOLVED   - 'E1          '
      ITER, ALFA, ALFA MAX, ERROR SUM =   1   .750E-01   .750E-01   .579E+01
      ERROR( H, E, M ) =   -.20E+01   -.58E+00   -.46E+00
      ITER, ALFA, ALFA MAX, ERROR SUM =   2   .119E+00   .119E+00   .448E+01
      ERROR( H, E, M ) =   -.16E+01   -.58E+00   -.38E+00
      ITER, ALFA, ALFA MAX, ERROR SUM =   3   .197E+00   .197E+00   .312E+01
      ERROR( H, E, M ) =   -.12E+01   -.46E+00   -.28E+00
      ITER, ALFA, ALFA MAX, ERROR SUM =   4   .702E+00   .702E+00   .102E+01
      ERROR( H, E, M ) =   -.28E+00   -.74E-01   -.41E-01
      ITER, ALFA, ALFA MAX, ERROR SUM =   5   .875E+00   .875E+00   .572E+00
      ERROR( H, E, M ) =   -.20E+00   -.53E-01    .62E-01
      ITER, ALFA, ALFA MAX, ERROR SUM =   6   .100E+01   .100E+01   .516E+00
      ERROR( H, E, M ) =   -.21E+00    .11E+00    .39E-01
      ITER, ALFA, ALFA MAX, ERROR SUM =   7   .100E+01   .100E+01   .252E+00
      ERROR( H, E, M ) =   -.12E+00    .33E-01   -.29E-01
      ITER, ALFA, ALFA MAX, ERROR SUM =   8   .100E+01   .100E+01   .517E-01
      ERROR( H, E, M ) =   -.22E-01    .55E-02   -.54E-02
      ITER, ALFA, ALFA MAX, ERROR SUM =   9   .100E+01   .100E+01   .248E-02
      ERROR( H, E, M ) =   -.12E-02    .17E-03   -.18E-03
     UNIT    1     SOLVED   - 'T1          '
 *** PROBLEM SOLUTION REACHED
  
 *** PERFORMING OUTPUT TIME CALCULATIONS
     UNIT    3 - 'E1          '
  
 *** SIMSCI ROYALTY FOR THIS PROBLEM IS 164.27 PRO/II CHARGE UNITS
  
 *** RUN STATISTICS
     STARTED    09:26:36 05/08/98          NO ERRORS
     FINISHED   09:34:42 05/08/98          NO WARNINGS
     RUN TIMES                             NO MESSAGES
       INTERACTIVE     0 MIN, 47.30 SEC
       CALCULATIONS    7 MIN, 18.02 SEC
       TOTAL           8 MIN,  5.32 SEC

 SIMULATION SCIENCES INC.          R                                   PAGE C-1
 PROJECT                     PRO/II  VERSION 4.17 ELEC V12               386/EM
 PROBLEM                              CALCULATION                              
                                                                       02/13/98
 ==============================================================================
 
 *** ABORT ***  DISK POINTER SECTOR NUMBER INVALID OR OUT OF RANGE
                SUBSYSTEM SB         FAILED IN SBGP       USER CALL SBGETC
                REQUEST 1            AVAIL 0
  
 *************  RUN TERMINATED  *************
 *************  RUN TERMINATED  *************
 *************  RUN TERMINATED  *************
 *************  RUN TERMINATED  *************
 *************  RUN TERMINATED  *************
 *************  RUN TERMINATED  *************
 *************  RUN TERMINATED  *************
 *************  RUN TERMINATED  *************
 *************  RUN TERMINATED  *************
 *************  RUN TERMINATED  *************

 SIMULATION SCIENCES INC.          R                                   PAGE I-1
 PROJECT                     PRO/II  VERSION 4.17 ELEC V12               386/EM
 PROBLEM                                 OUTPUT                                
                                         INDEX                         02/13/98
 ==============================================================================
 
  PAGE    CONTENTS
 ------  ----------------------------------------------------------------
     1   COMPONENT DATA
     4   CALCULATION SEQUENCE AND RECYCLES
     5   MIXER SUMMARY
         HEAT EXCHANGER SUMMARY
     6     UNIT 3, 'E1'
         COLUMN SUMMARY
     7     UNIT 1, 'T1'
     9       TOWER DIAGRAM
    10       TRAY LOADING
    11       TRAY COMPOSITIONS
    27       TRAY RATES AND DENSITIES
    28       TRAY TRANSPORT PROPERTIES
    29       TRAY ENTHALPIES
    30   STREAM MOLAR COMPONENT RATES
    36   STREAM SUMMARY

 SIMULATION SCIENCES INC.          R                                   PAGE P-1
 PROJECT                     PRO/II  VERSION 4.17 ELEC V12               386/EM
 PROBLEM                                 OUTPUT                                
                                     COMPONENT DATA                    02/13/98
 ==============================================================================
 
         COMPONENT         COMP. TYPE      PHASE     MOL. WEIGHT    DENSITY
                                                                     KG/M3
   ---------------------   -----------  -----------  -----------  -----------
     1  H2O                    LIBRARY      VAP/LIQ       18.015      998.566
     2  NH3                    LIBRARY      VAP/LIQ       17.031      618.262
     3  NC5                    LIBRARY      VAP/LIQ       72.151      630.378
     4  ISOOCTAN               LIBRARY      VAP/LIQ      114.233      695.641
     5  PXYLENE                LIBRARY      VAP/LIQ      106.169      864.707
     6  C1                     LIBRARY      VAP/LIQ       16.043      299.704
     7  C2                     LIBRARY      VAP/LIQ       30.070      356.049
     8  C3                     LIBRARY      VAP/LIQ       44.097      507.199
     9  NC4                    LIBRARY      VAP/LIQ       58.124      583.824
    10  NC6                    LIBRARY      VAP/LIQ       86.178      663.345
    11  NC7                    LIBRARY      VAP/LIQ      100.206      687.521
    12  NC8                    LIBRARY      VAP/LIQ      114.233      706.103
    13  NC9                    LIBRARY      VAP/LIQ      128.260      720.988
    14  NC10                   LIBRARY      VAP/LIQ      142.287      733.476
    15  NC11                   LIBRARY      VAP/LIQ      156.314      743.566
    16  NC12                   LIBRARY      VAP/LIQ      170.341      751.858
    17  NC13                   LIBRARY      VAP/LIQ      184.368      759.351
    18  NC14                   LIBRARY      VAP/LIQ      198.395      765.944
    19  NC15                   LIBRARY      VAP/LIQ      212.422      771.339
    20  NC16                   LIBRARY      VAP/LIQ      226.449      776.534
    21  NC17                   LIBRARY      VAP/LIQ      240.476      780.929
    22  NC18                   LIBRARY      VAP/LIQ      254.504      784.825
    23  H2                     LIBRARY      VAP/LIQ        2.016       69.931
    24  H2S                    LIBRARY      VAP/LIQ       34.079      789.281
    25  hp6                  PETRO CUT      VAP/LIQ      142.300      764.500
    26  hp7                  PETRO CUT      VAP/LIQ      156.700      774.500
    27  hp8                  PETRO CUT      VAP/LIQ      170.000      785.300
    28  hp9                  PETRO CUT      VAP/LIQ      184.200      795.200
    29  hp10                 PETRO CUT      VAP/LIQ      198.200      803.400
    30  hp11                 PETRO CUT      VAP/LIQ      212.000      810.000
    31  hp12                 PETRO CUT      VAP/LIQ      226.500      818.100
    32  hp14                 PETRO CUT      VAP/LIQ      254.200      830.650
    33  hp13                 PETRO CUT      VAP/LIQ      240.800      828.500
    34  hp2                  PETRO CUT      VAP/LIQ       86.000      739.400
    35  hp3                  PETRO CUT      VAP/LIQ      100.000      743.200
    36  hp4                  PETRO CUT      VAP/LIQ      114.000      745.100
    37  hp5                  PETRO CUT      VAP/LIQ      129.300      752.200
    38  hp1                  PETRO CUT      VAP/LIQ       72.000      723.100

 SIMULATION SCIENCES INC.          R                                   PAGE P-2
 PROJECT                     PRO/II  VERSION 4.17 ELEC V12               386/EM
 PROBLEM                                 OUTPUT                                
                                     COMPONENT DATA                    02/13/98
 ==============================================================================
 
         COMPONENT             NBP      CRIT. TEMP.  CRIT. PRES.  CRIT. VOLM.
                                C            C         KG/CM2      M3/KG-MOL
   ---------------------   -----------  -----------  -----------  -----------
     1  H2O                    100.000      374.200      225.553        .0554
     2  NH3                    -33.400      132.400      115.204        .0725
     3  NC5                     36.074      196.500       34.355        .3040
     4  ISOOCTAN                99.238      270.740       26.182        .4680
     5  PXYLENE                138.350      343.000       35.801        .3790
     6  C1                    -161.490      -82.600       46.908        .0990
     7  C2                     -88.630       32.300       49.802        .1480
     8  C3                     -42.070       96.670       43.334        .2030
     9  NC4                      -.500      152.000       38.746        .2550
    10  NC6                     68.740      234.200       30.274        .3700
    11  NC7                     98.430      267.000       27.897        .4320
    12  NC8                    125.670      295.600       25.314        .4920
    13  NC9                    150.800      321.400       23.330        .5480
    14  NC10                   174.100      344.300       21.388        .6020
    15  NC11                   195.890      365.600       20.045        .6570
    16  NC12                   216.300      385.100       18.495        .7180
    17  NC13                   235.434      402.600       17.565        .7700
    18  NC14                   253.515      418.700       16.532        .8200
    19  NC15                   270.614      433.600       15.498        .8800
    20  NC16                   286.793      447.400       14.465        .9300
    21  NC17                   302.150      460.200       13.432        .9800
    22  NC18                   316.710      472.100       12.399       1.0000
    23  H2                    -252.800     -239.900       13.225        .0650
    24  H2S                    -60.340      100.400       91.854        .0977
    25  hp6                    168.000      350.601       23.900        .5564
    26  hp7                    190.000      372.153       22.152        .6120
    27  hp8                    210.000      392.034       20.809        .6631
    28  hp9                    228.000      409.797       19.714        .7105
    29  hp10                   248.000      428.371       18.436        .7693
    30  hp11                   268.000      446.140       17.174        .8336
    31  hp12                   268.000      449.018       17.639        .8186
    32  hp14                   315.400      489.202       14.830        .9864
    33  hp13                   297.000      474.767       16.009        .9131
    34  hp2                     72.700      257.783       36.207        .3385
    35  hp3                     94.000      278.934       32.566        .3828
    36  hp4                    118.700      301.975       28.822        .4405
    37  hp5                    142.000      324.568       26.189        .4951
    38  hp1                     40.100      221.864       42.035        .2824

 SIMULATION SCIENCES INC.          R                                   PAGE P-3
 PROJECT                     PRO/II  VERSION 4.17 ELEC V12               386/EM
 PROBLEM                                 OUTPUT                                
                                     COMPONENT DATA                    02/13/98
 ==============================================================================
 
         COMPONENT         ACEN. FACT.  HEAT FORM.     G FORM.
                                        KCAL/KG-MOL  KCAL/KG-MOL
   ---------------------   -----------  -----------  -----------
     1  H2O                     .34800    -57799.99    -54646.99
     2  NH3                     .25227    -10974.23     -3929.61
     3  NC5                     .25060    -34982.56     -2040.48
     4  ISOOCTAN                .30370    -53502.68      3248.45
     5  PXYLENE                 .32120      4285.54     28930.93
     6  C1                      .01040    -17814.56    -12070.08
     7  C2                      .09860    -20066.78     -7672.47
     8  C3                      .15290    -24805.58     -5633.13
     9  NC4                     .20130    -30040.13     -3982.90
    10  NC6                     .29430    -39872.93       -19.11
    11  NC7                     .34990    -44829.70      1931.67
    12  NC8                     .39770    -49874.13      3793.64
    13  NC9                     .44950    -54651.76      5929.23
    14  NC10                    .48980    -59610.44      7891.04
    15  NC11                    .53160    -64550.49      9849.98
    16  NC12                    .57270    -69449.22     11850.22
    17  NC13                    .62300    -74376.85     13836.01
    18  NC14                    .66700    -79321.92     15818.52
    19  NC15                    .70700    -84221.12     17825.40
    20  NC16                    .74400    -89243.10     19695.54
    21  NC17                    .77000    -94079.01     21772.86
    22  NC18                    .79200    -99142.54     23622.72
    23  H2                     -.22000          .00          .00
    24  H2S                     .10000     -4916.48     -7995.06
    25  hp6                     .41408    -35669.75      MISSING
    26  hp7                     .45506    -40923.04      MISSING
    27  hp8                     .49068    -46836.11      MISSING
    28  hp9                     .52309    -52749.87      MISSING
    29  hp10                    .56392    -58984.13      MISSING
    30  hp11                    .60828    -65289.03      MISSING
    31  hp12                    .59642    -70972.24      MISSING
    32  hp14                    .71068    -76549.27      MISSING
    33  hp13                    .66116    -70930.77      MISSING
    34  hp2                     .23315    -21573.88      MISSING
    35  hp3                     .27126    -24366.09      MISSING
    36  hp4                     .32179    -26706.33      MISSING
    37  hp5                     .36720    -30115.17      MISSING
    38  hp1                     .18590     -6932.93      MISSING

 SIMULATION SCIENCES INC.          R                                   PAGE P-4
 PROJECT                     PRO/II  VERSION 4.17 ELEC V12               386/EM
 PROBLEM                                 OUTPUT                                
                           CALCULATION SEQUENCE AND RECYCLES           02/13/98
 ==============================================================================
 
 CALCULATION SEQUENCE
 
  SEQ    UNIT ID     UNIT TYPE
  ---  ------------  ----------
    1  M1            MIXER
    2  E1            HX
    3  T1            COLUMN

 SIMULATION SCIENCES INC.          R                                   PAGE P-5
 PROJECT                     PRO/II  VERSION 4.17 ELEC V12               386/EM
 PROBLEM                                 OUTPUT                                
                                     MIXER SUMMARY                     02/13/98
 ==============================================================================
 
 MIXER ID                             M1
       NAME
  
       FEEDS                         RF1
                                       A
 
       PRODUCTS MIXED                 S1
 
 TEMPERATURE, C                  133.062
 PRESSURE, KG/CM2                  7.200
 PRESSURE DROP, KG/CM2              .000
 MOLE FRAC VAPOR                  .05124
 MOLE FRAC LIQUID                 .94876

 SIMULATION SCIENCES INC.          R                                   PAGE P-6
 PROJECT                     PRO/II  VERSION 4.17 ELEC V12               386/EM
 PROBLEM                                 OUTPUT                                
                                 HEAT EXCHANGER SUMMARY                02/13/98
 ==============================================================================
 
                                  UNIT 3, 'E1'
 
 OPERATING CONDITIONS
 
      DUTY, M*KCAL/HR                           1.739
 
 
 COLD SIDE CONDITIONS                           INLET       OUTLET
                                          -----------  -----------
      FEED                                         S1
      MIXED PRODUCT                                              C
       VAPOR, KG-MOL/HR                        18.963       20.472
              K*KG/HR                            .185         .410
          CP, KCAL/KG-C                          .983         .752
      LIQUID, KG-MOL/HR                       351.117      349.608
              K*KG/HR                          58.926       58.701
          CP, KCAL/KG-C                          .618         .653
       TOTAL, KG-MOL/HR                       370.081      370.081
              K*KG/HR                          59.111       59.111
      VAPORIZATION, KG-MOL/HR                                1.509
       TEMPERATURE, C                         133.062      180.000
       PRESSURE, KG/CM2                         7.200        7.200

 SIMULATION SCIENCES INC.          R                                   PAGE P-7
 PROJECT                     PRO/II  VERSION 4.17 ELEC V12               386/EM
 PROBLEM                                 OUTPUT                                
                                     COLUMN SUMMARY                    02/13/98
 ==============================================================================
 
                                  UNIT 1, 'T1'
 
 TOTAL NUMBER OF ITERATIONS
 
     SURE   METHOD      9
 
 
 COLUMN SUMMARY
 
                            ---------- NET FLOW RATES -----------     HEATER
   TRAY    TEMP   PRESSURE   LIQUID    VAPOR    FEED     PRODUCT      DUTIES
           DEG C   KG/CM2                KG-MOL/HR                  M*KCAL/HR
  ------  ------- --------  -------- -------- --------- ---------  ------------
       1C     6.1     3.10     130.7                        24.9V       -2.0396
                                                             3.1L
       2    152.2     3.20     203.5    158.6
       3    179.8     3.23     214.8    231.5
       4    194.5     3.27     216.8    242.8
       5    204.7     3.30     219.8    244.8
       6    211.6     3.34     222.6    247.7
       7    216.2     3.37     224.0    250.6
       8    219.6     3.41     223.3    251.9
       9    222.8     3.44     220.6    251.3
      10    226.6     3.48     215.2    248.5
      11    231.8     3.51     207.0    243.2
      12    239.2     3.55     190.7    234.9     26.0V
      13    255.2     3.58     876.1    192.7    344.1L
      14    261.4     3.62     885.7    534.0
      15R   269.1     3.65              543.5              342.1L        5.5000
 
 
 FEED AND PRODUCT STREAMS
 
  TYPE     STREAM    PHASE   FROM  TO   LIQUID        FLOW RATES    HEAT RATES
                             TRAY TRAY   FRAC         KG-MOL/HR     M*KCAL/HR
  ----- ------------ ------  ---- ----  ------       ------------  ------------
  FEED  C            MIXED          13   .9297             370.08        5.7876
  PROD  D            VAPOR      1                           24.90         .0353
  PROD  F            LIQUID     1                            3.06         .0006
  PROD  E            LIQUID    15                          342.12        9.2122
 
 
 PSEUDO PRODUCT STREAMS
 
    TYPE   STREAM  PHASE   FROM   TO    LIQUID        FLOW RATES    HEAT RATES
                             TRAY TRAY   FRAC         KG-MOL/HR     M*KCAL/HR
  ----- ------------ ------  ---- ----  ------       ------------  ------------
  NET   SV           VAPOR     15                          543.54       18.8050
  NET   SL           LIQUID    14                          885.66       22.5173
  NET   DD           VAPOR      2                          158.62        2.0984
 
  OVERALL MOLE BALANCE, (FEEDS - PRODUCTS)             4.9960E-14
  OVERALL HEAT BALANCE, (H(IN) - H(OUT)  )                          -3.6265E-05

 SIMULATION SCIENCES INC.          R                                   PAGE P-8
 PROJECT                     PRO/II  VERSION 4.17 ELEC V12               386/EM
 PROBLEM                                 OUTPUT                                
                                     COLUMN SUMMARY                    02/13/98
 ==============================================================================
 
                              UNIT 1, 'T1'  (CONT)
 
 SPECIFICATIONS
 
      PARAMETER      TRAY   COMP   SPECIFICATION  SPECIFIED   CALCULATED
        TYPE          NO     NO        TYPE         VALUE       VALUE
  -----------------  ----  ------  -------------  ----------  ----------
  STRM D                1          MOL RATE        2.490E+01   2.490E+01
 
 
 REFLUX RATIOS
 
                                     -------- REFLUX RATIOS --------
                                       MOLAR      WEIGHT   STD L VOL
                                     ---------  ---------  ---------
  REFLUX / FEED STREAM C                 .3531      .2168      .2358
  REFLUX / VAPOR DISTILLATE             5.2474    46.5243    17.8008
  REFLUX / LIQUID DISTILLATE           42.6992    42.6992    42.6992
  REFLUX / TOTAL DISTILLATE             4.6731    22.2649    12.5633

 SIMULATION SCIENCES INC.                                R                                                                 PAGE P-9
 PROJECT                                           PRO/II  VERSION 4.17 ELEC V12                                             386/EM
 PROBLEM                                                       OUTPUT                                                              
                                                           COLUMN SUMMARY                                                  02/13/98
 ==================================================================================================================================
 
                                                        UNIT 1, 'T1'  (CONT)
 
  
 TOWER CONFIGURATION AND PROFILES


 +-------------FEED--------------+                                                               +---PRODUCTS/PUMPAROUNDS-+
      RATE      TEMP  HEAT CONTENT      VAPOR     TEMP   TRAY   PRES      LIQUID      HEAT EXCH       RATE     HEAT CONTENT
   KG-MOL/HR    DEG C  M*KCAL/HR      KG-MOL/HR   DEG C  NUMBER KG/CM   KG-MOL/HR     M*KCAL/HR    KG-MOL/HR    M*KCAL/HR 
 -------------  ----- ------------  ------------- -----  ------ ----- -------------   ---------- ------------- ------------
                                   ------------------------------------------------
                                   I                                              I
                                   I                                              I
                                   I                                              +-->               24.90V          .03529
                                   I    24.90                                     I
                                   I-----------     6.1  --1--    3.10  ----------+<--  -2.03965
                                   I                                       133.72 I
                                   I                                              +-->                3.06L          .00056
                                   I                                              I
                                   I   158.62                                     I
                                   I-----------   152.2  --2--    3.20  ----------I
                                   I                                       203.50 I
                                   I                                              I
                                   I   231.46                                     I
                                   I-----------   179.8  --3--    3.23  ----------I
                                   I                                       214.85 I
                                   I                                              I
                                   I   242.81                                     I
                                   I-----------   194.5  --4--    3.27  ----------I
                                   I                                       216.85 I
                                   I                                              I
                                   I   244.81                                     I
                                   I-----------   204.7  --5--    3.30  ----------I
                                   I                                       219.79 I
                                   I                                              I
                                   I   247.75                                     I
                                   I-----------   211.6  --6--    3.34  ----------I
                                   I                                       222.65 I
                                   I                                              I
                                   I   250.61                                     I
                                   I-----------   216.2  --7--    3.37  ----------I
                                   I                                       223.97 I
                                   I                                              I
                                   I   251.93                                     I
                                   I-----------   219.6  --8--    3.41  ----------I
                                   I                                       223.34 I
                                   I                                              I
                                   I   251.30                                     I
                                   I-----------   222.8  --9--    3.44  ----------I
                                   I                                       220.56 I
                                   I                                              I
                                   I   248.52                                     I
                                   I-----------   226.6  -10--    3.48  ----------I
                                   I                                       215.22 I
                                   I                                              I
                                   I   243.18                                     I
                                   I-----------   231.8  -11--    3.51  ----------I
                                   I                                       206.97 I
                                   I                                              I
                                   I   234.93                                     I
                                   I-----------   239.2  -12--    3.55  ----------I
                                   I                                       190.74 I
     26.01V     179.4   .16598  -->+                                              I
                                   I                                              I
    344.07L     179.4  5.62167  -->+                                              I
                                   I   192.69                                     I
                                   I-----------   255.2  -13--    3.58  ----------I
                                   I                                       876.10 I
                                   I                                              I
                                   I   533.98                                     I
                                   I-----------   261.4  -14--    3.62  ----------I
                                   I                                       885.66 I
                                   I                                              I
                                   I   543.54                                     I
                                   I-----------   269.1  -15--    3.65  ----------+<--   5.50000
                                   I                                       342.12 I
                                   I                                              +-->              342.12L         9.21218
                                   I                                              I
                                   I                                              I
                                   ------------------------------------------------

 SIMULATION SCIENCES INC.                                R                                                                PAGE P-10
 PROJECT                                           PRO/II  VERSION 4.17 ELEC V12                                             386/EM
 PROBLEM                                                       OUTPUT                                                              
                                                           COLUMN SUMMARY                                                  02/13/98
 ==================================================================================================================================
 
                                                        UNIT 1, 'T1'  (CONT)
 
 TRAY LOADING REPORT
  
  
 
        --------------------  VAPOR TO TRAY  --------------------      --------------------  LIQUID FROM TRAY  -------------------
                                              DENSITY   VISCOSITY                                  DENSITY   VISCOSITY     SURFACE
  TRAY  TEMP   PRESSURE     MW       RATE     AT COND    AT COND       TEMP      MW       RATE     AT COND    AT COND      TENSION
        DEG C   KG/CM2             K*KG/HR    KG/M3        CP          DEG C            K*KG/HR    KG/M3        CP        DYNE/CM
  ----  -----  --------  -------  ---------   -------   ---------      -----  -------  ---------   -------   ---------    --------
    1   152.2     3.200   84.406    13.388       7.98     .008951        6.1   98.065     13.11      710.6       .5005      22.274
    2   179.8     3.235  104.926    24.286       9.63     .008702      152.2  116.514     23.71      599.7       .1802      10.193
    3   194.5     3.269  113.692    27.605      10.29     .008739      179.8  125.808     27.03      585.0       .1690       8.953
    4   204.7     3.304  119.650    29.292      10.75     .008824      194.5  132.423     28.72      581.4       .1630       8.560
    5   211.6     3.338  123.838    30.680      11.13     .008886      204.7  136.973     30.10      578.9       .1586       8.303
    6   216.2     3.373  126.549    31.714      11.41     .008923      211.6  139.856     31.14      576.7       .1560       8.109
    7   219.6     3.408  128.312    32.326      11.63     .008948      216.2  141.761     31.75      575.0       .1542       7.968
    8   222.8     3.442  129.665    32.585      11.81     .008973      219.6  143.321     32.01      573.9       .1532       7.867
    9   226.6     3.477  131.046    32.567      11.98     .009006      222.8  145.050     31.99      573.3       .1526       7.791
   10   231.8     3.512  132.859    32.308      12.14     .009056      226.6  147.446     31.73      573.4       .1523       7.730
   11   239.2     3.546  135.547    31.844      12.33     .009128      231.8  151.078     31.27      574.1       .1523       7.676
   12   252.4     3.581  139.129    30.427      12.41     .009275      239.2  156.507     29.85      575.3       .1521       7.614
   13   261.4     3.615  158.921    84.860      14.57     .009202      255.2  163.675    143.40      569.7       .1453       7.091
   14   269.1     3.650  163.553    88.898      14.97     .009255      261.4  166.467    147.43      567.5       .1416       6.900
   15   REBOILER                                                       269.1  171.095     58.54      566.5       .1399       6.756
 
        -------------------  VAPOR FROM TRAY  -------------------      ---------------------  LIQUID TO TRAY  --------------------
                                              DENSITY   VISCOSITY                                  DENSITY   VISCOSITY     SURFACE
  TRAY  TEMP   PRESSURE     MW       RATE     AT COND    AT COND       TEMP      MW       RATE     AT COND    AT COND      TENSION
        DEG C   KG/CM2             K*KG/HR    KG/M3        CP          DEG C            K*KG/HR    KG/M3        CP        DYNE/CM
  ----  -----  --------  -------  ---------   -------   ---------      -----  -------  ---------   -------   ---------    --------
    1     6.1     3.100   11.061      .275       1.45     .008890      CONDENSER
    2   152.2     3.200   84.406    13.388       7.98     .008951        6.1   98.065     12.81      710.6       .5005      22.274
    3   179.8     3.235  104.926    24.286       9.63     .008702      152.2  116.514     23.71      599.7       .1802      10.193
    4   194.5     3.269  113.692    27.605      10.29     .008739      179.8  125.808     27.03      585.0       .1690       8.953
    5   204.7     3.304  119.650    29.292      10.75     .008824      194.5  132.423     28.72      581.4       .1630       8.560
    6   211.6     3.338  123.838    30.680      11.13     .008886      204.7  136.973     30.10      578.9       .1586       8.303
    7   216.2     3.373  126.549    31.714      11.41     .008923      211.6  139.856     31.14      576.7       .1560       8.109
    8   219.6     3.408  128.312    32.326      11.63     .008948      216.2  141.761     31.75      575.0       .1542       7.968
    9   222.8     3.442  129.665    32.585      11.81     .008973      219.6  143.321     32.01      573.9       .1532       7.867
   10   226.6     3.477  131.046    32.567      11.98     .009006      222.8  145.050     31.99      573.3       .1526       7.791
   11   231.8     3.512  132.859    32.308      12.14     .009056      226.6  147.446     31.73      573.4       .1523       7.730
   12   239.2     3.546  135.547    31.844      12.33     .009128      231.8  151.078     31.27      574.1       .1523       7.676
   13   255.2     3.581  153.475    29.573      14.00     .009190      200.5  164.747     88.11      628.3       .2178      11.148
   14   261.4     3.615  158.921    84.860      14.57     .009202      255.2  163.675    143.40      569.7       .1453       7.091
   15   269.1     3.650  163.553    88.898      14.97     .009255      261.4  166.467    147.43      567.5       .1416       6.900

 SIMULATION SCIENCES INC.          R                                  PAGE P-11
 PROJECT                     PRO/II  VERSION 4.17 ELEC V12               386/EM
 PROBLEM                                 OUTPUT                                
                                     COLUMN SUMMARY                    02/13/98
 ==============================================================================
 
                              UNIT 1, 'T1'  (CONT)
 
 TRAY MOLAR COMPOSITIONS
 
                               TRAY 1                      TRAY 2
     COMPONENT              X          Y                X          Y
                       ----------  ----------      ----------  ----------
    1 H2O                  .00735      .03075      5.5104E-04      .01102
    2 NH3                  .00000      .00000          .00000      .00000
    3 NC5                  .07354      .00821          .01520      .06327
    4 ISOOCTAN             .00000      .00000          .00000      .00000
    5 PXYLENE              .00000      .00000          .00000      .00000
    6 C1                   .00599      .21008      4.5484E-04      .03802
    7 C2                   .00426      .03264      2.6659E-04      .00871
    8 C3                   .01786      .03205          .00127      .02009
    9 NC4                  .05976      .02683          .00686      .05458
   10 NC6                  .00000      .00000          .00000      .00000
   11 NC7                  .00000      .00000          .00000      .00000
   12 NC8                  .46657  9.7239E-04          .59208      .39341
   13 NC9                  .03490  1.9219E-05          .07900      .02942
   14 NC10                 .02646  3.9317E-06          .10606      .02230
   15 NC11             6.7918E-05  2.7671E-09      5.0047E-04  5.7246E-05
   16 NC12             2.7973E-07  3.8603E-12      3.6796E-06  2.3577E-07
   17 NC13             7.1833E-10  1.6435E-15      1.6577E-08  6.0545E-10
   18 NC14             2.1841E-12  1.2657E-18      8.8663E-11  1.8409E-12
   19 NC15             7.9561E-17  1.1111E-23      5.6831E-15  6.7059E-17
   20 NC16                 .00000      .00000          .00000      .00000
   21 NC17                 .00000      .00000          .00000      .00000
   22 NC18                 .00000      .00000          .00000      .00000
   23 H2                   .00112      .63899      4.6479E-04      .10123
   24 H2S                  .00136      .00789      8.8552E-05      .00239
   25 hp6                  .02533  6.7233E-06          .08775      .02135
   26 hp7              2.6555E-04  2.0330E-08          .00162  2.2383E-04
   27 hp8              2.4739E-06  5.7674E-11      2.5852E-05  2.0852E-06
   28 hp9              1.4939E-08  1.1298E-13      2.5986E-07  1.2591E-08
   29 hp10             4.9066E-11  9.7879E-17      1.5531E-09  4.1356E-11
   30 hp11             8.9249E-15  4.3086E-21      5.3278E-13  7.5225E-15
   31 hp12             1.6931E-18  8.5364E-25      9.9583E-17  1.4270E-18
   32 hp14                 .00000      .00000          .00000      .00000
   33 hp13                 .00000      .00000          .00000      .00000
   34 hp2                  .21119      .00561          .08942      .17889
   35 hp3                  .00000      .00000          .00000      .00000
   36 hp4                  .00000      .00000          .00000      .00000
   37 hp5                  .00223  2.3428E-06          .00414      .00188
   38 hp1                  .06174      .00605          .01425      .05299
 
  RATE, KG-MOL/HR          130.66       24.90          203.50      158.62

 SIMULATION SCIENCES INC.          R                                  PAGE P-12
 PROJECT                     PRO/II  VERSION 4.17 ELEC V12               386/EM
 PROBLEM                                 OUTPUT                                
                                     COLUMN SUMMARY                    02/13/98
 ==============================================================================
 
                              UNIT 1, 'T1'  (CONT)
 
                               TRAY 3                      TRAY 4
     COMPONENT              X          Y                X          Y
                       ----------  ----------      ----------  ----------
    1 H2O              1.7686E-04      .00389      1.4427E-04      .00340
    2 NH3                  .00000      .00000          .00000      .00000
    3 NC5                  .00265      .01522      6.2216E-04      .00412
    4 ISOOCTAN             .00000      .00000          .00000      .00000
    5 PXYLENE              .00000      .00000          .00000      .00000
    6 C1               2.9019E-04      .02307      2.8359E-04      .02187
    7 C2               1.0786E-04      .00380      9.6442E-05      .00350
    8 C3               2.5759E-04      .00480      1.8721E-04      .00374
    9 NC4              9.5716E-04      .00971      3.8561E-04      .00435
   10 NC6                  .00000      .00000          .00000      .00000
   11 NC7                  .00000      .00000          .00000      .00000
   12 NC8                  .46097      .52680          .28356      .41388
   13 NC9                  .10180      .06991          .09996      .09052
   14 NC10                 .22517      .09360          .35278      .19958
   15 NC11                 .00181  4.4089E-04          .00467      .00160
   16 NC12             2.1993E-05  3.2387E-06      9.0518E-05  1.9465E-05
   17 NC13             1.6172E-07  1.4583E-08      1.0539E-06  1.4311E-07
   18 NC14             1.4150E-09  7.7977E-11      1.4601E-08  1.2521E-09
   19 NC15             1.4817E-13  4.9974E-15      2.4156E-12  1.3111E-13
   20 NC16                 .00000      .00000          .00000      .00000
   21 NC17                 .00000      .00000          .00000      .00000
   22 NC18                 .00000      .00000          .00000      .00000
   23 H2               3.8204E-04      .06915      3.9735E-04      .06587
   24 H2S              3.2351E-05  9.4483E-04      2.8455E-05  8.5511E-04
   25 hp6                  .16541      .07748          .23294      .14669
   26 hp7                  .00499      .00143          .01114      .00442
   27 hp8              1.2795E-04  2.2760E-05      4.4491E-04  1.1325E-04
   28 hp9              2.0099E-06  2.2866E-07      1.0616E-05  1.7787E-06
   29 hp10             2.0288E-08  1.3661E-09      1.7497E-07  1.7953E-08
   30 hp11             1.2126E-11  4.6851E-13      1.7573E-10  1.0730E-11
   31 hp12             2.2393E-15  8.7571E-17      3.2114E-14  1.9815E-15
   32 hp14                 .00000      .00000          .00000      .00000
   33 hp13                 .00000      .00000          .00000      .00000
   34 hp2                  .02759      .08201          .00780      .02765
   35 hp3                  .00000      .00000          .00000      .00000
   36 hp4                  .00000      .00000          .00000      .00000
   37 hp5                  .00452      .00367          .00383      .00403
   38 hp1                  .00272      .01399      6.4296E-04      .00381
 
  RATE, KG-MOL/HR          214.85      231.46          216.85      242.81

 SIMULATION SCIENCES INC.          R                                  PAGE P-13
 PROJECT                     PRO/II  VERSION 4.17 ELEC V12               386/EM
 PROBLEM                                 OUTPUT                                
                                     COLUMN SUMMARY                    02/13/98
 ==============================================================================
 
                              UNIT 1, 'T1'  (CONT)
 
                               TRAY 5                      TRAY 6
     COMPONENT              X          Y                X          Y
                       ----------  ----------      ----------  ----------
    1 H2O              1.3534E-04      .00335      1.3026E-04      .00330
    2 NH3                  .00000      .00000          .00000      .00000
    3 NC5              3.1929E-04      .00231      2.6555E-04      .00202
    4 ISOOCTAN             .00000      .00000          .00000      .00000
    5 PXYLENE              .00000      .00000          .00000      .00000
    6 C1               2.8858E-04      .02169      2.9190E-04      .02144
    7 C2               9.4195E-05      .00346      9.2833E-05      .00342
    8 C3               1.7556E-04      .00365      1.6970E-04      .00360
    9 NC4              3.1733E-04      .00382      2.9799E-04      .00372
   10 NC6                  .00000      .00000          .00000      .00000
   11 NC7                  .00000      .00000          .00000      .00000
   12 NC8                  .15109      .25711          .07482      .13990
   13 NC9                  .08256      .08898          .06138      .07367
   14 NC10                 .45517      .31283          .52104      .40414
   15 NC11                 .00969      .00413          .01759      .00860
   16 NC12             2.9321E-04  8.0187E-05      8.1816E-04  2.6014E-04
   17 NC13             5.3020E-06  9.3357E-07      2.2693E-05  4.7038E-06
   18 NC14             1.1389E-07  1.2934E-08      7.4550E-07  1.0104E-07
   19 NC15             2.9139E-11  2.1399E-12      2.9094E-10  2.5851E-11
   20 NC16                 .00000      .00000          .00000      .00000
   21 NC17                 .00000      .00000          .00000      .00000
   22 NC18                 .00000      .00000          .00000      .00000
   23 H2               4.1970E-04      .06535      4.3490E-04      .06460
   24 H2S              2.7766E-05  8.4497E-04      2.7369E-05  8.3470E-04
   25 hp6                  .27228      .20666          .28380      .24187
   26 hp7                  .02024      .00988          .03234      .01796
   27 hp8                  .00123  3.9415E-04          .00297      .00109
   28 hp9              4.3898E-05  9.4044E-06      1.5578E-04  3.8945E-05
   29 hp10             1.1554E-06  1.5499E-07      6.4547E-06  1.0251E-06
   30 hp11             1.9045E-09  1.5566E-10      1.7196E-08  1.6897E-09
   31 hp12             3.4482E-13  2.8448E-14      3.0865E-12  3.0591E-13
   32 hp14                 .00000      .00000          .00000      .00000
   33 hp13                 .00000      .00000          .00000      .00000
   34 hp2                  .00256      .01012          .00129      .00544
   35 hp3                  .00000      .00000          .00000      .00000
   36 hp4                  .00000      .00000          .00000      .00000
   37 hp5                  .00276      .00342          .00180      .00247
   38 hp1              3.0272E-04      .00196      2.4100E-04      .00164
 
  RATE, KG-MOL/HR          219.79      244.81          222.65      247.75

 SIMULATION SCIENCES INC.          R                                  PAGE P-14
 PROJECT                     PRO/II  VERSION 4.17 ELEC V12               386/EM
 PROBLEM                                 OUTPUT                                
                                     COLUMN SUMMARY                    02/13/98
 ==============================================================================
 
                              UNIT 1, 'T1'  (CONT)
 
                               TRAY 7                      TRAY 8
     COMPONENT              X          Y                X          Y
                       ----------  ----------      ----------  ----------
    1 H2O              1.2730E-04      .00326      1.2576E-04      .00324
    2 NH3                  .00000      .00000          .00000      .00000
    3 NC5              2.4954E-04      .00195      2.4218E-04      .00193
    4 ISOOCTAN             .00000      .00000          .00000      .00000
    5 PXYLENE              .00000      .00000          .00000      .00000
    6 C1               2.9443E-04      .02120      2.9805E-04      .02110
    7 C2               9.2052E-05      .00338      9.2023E-05      .00336
    8 C3               1.6623E-04      .00355      1.6467E-04      .00353
    9 NC4              2.8789E-04      .00366      2.8236E-04      .00363
   10 NC6                  .00000      .00000          .00000      .00000
   11 NC7                  .00000      .00000          .00000      .00000
   12 NC8                  .03651      .07227          .01857      .03822
   13 NC9                  .04287      .05496          .02872      .03854
   14 NC10                 .55436      .46324          .56028      .49316
   15 NC11                 .02940      .01563          .04634      .02614
   16 NC12                 .00208  7.2689E-04          .00496      .00185
   17 NC13             8.7830E-05  2.0161E-05      3.1651E-04  7.8083E-05
   18 NC14             4.3740E-06  6.6234E-07      2.3741E-05  3.8886E-06
   19 NC15             2.5804E-09  2.5848E-10      2.1034E-08  2.2941E-09
   20 NC16                 .00000      .00000          .00000      .00000
   21 NC17                 .00000      .00000          .00000      .00000
   22 NC18                 .00000      .00000          .00000      .00000
   23 H2               4.4557E-04      .06388      4.5599E-04      .06356
   24 H2S              2.7146E-05  8.2514E-04      2.7147E-05  8.2075E-04
   25 hp6                  .27583      .25245          .25530      .24553
   26 hp7                  .04776      .02874          .06674      .04246
   27 hp8                  .00656      .00264          .01362      .00583
   28 hp9              5.0271E-04  1.3840E-04          .00152  4.4693E-04
   29 hp10             3.2484E-05  5.7346E-06      1.5180E-04  2.8879E-05
   30 hp11             1.3848E-07  1.5278E-08      1.0280E-06  1.2311E-07
   31 hp12             2.4651E-11  2.7422E-12      1.8154E-10  2.1915E-11
   32 hp14                 .00000      .00000          .00000      .00000
   33 hp13                 .00000      .00000          .00000      .00000
   34 hp2              9.7604E-04      .00428      8.8625E-04      .00399
   35 hp3                  .00000      .00000          .00000      .00000
   36 hp4                  .00000      .00000          .00000      .00000
   37 hp5                  .00112      .00163      6.7094E-04      .00102
   38 hp1              2.2413E-04      .00157      2.1695E-04      .00155
 
  RATE, KG-MOL/HR          223.97      250.61          223.34      251.93

 SIMULATION SCIENCES INC.          R                                  PAGE P-15
 PROJECT                     PRO/II  VERSION 4.17 ELEC V12               386/EM
 PROBLEM                                 OUTPUT                                
                                     COLUMN SUMMARY                    02/13/98
 ==============================================================================
 
                              UNIT 1, 'T1'  (CONT)
 
                               TRAY 9                     TRAY 10
     COMPONENT              X          Y                X          Y
                       ----------  ----------      ----------  ----------
    1 H2O              1.2471E-04      .00325      1.2326E-04      .00328
    2 NH3                  .00000      .00000          .00000      .00000
    3 NC5              2.3796E-04      .00192      2.3477E-04      .00194
    4 ISOOCTAN             .00000      .00000          .00000      .00000
    5 PXYLENE              .00000      .00000          .00000      .00000
    6 C1               3.0360E-04      .02115      3.1170E-04      .02139
    7 C2               9.2684E-05      .00337      9.3964E-05      .00341
    8 C3               1.6443E-04      .00354      1.6502E-04      .00358
    9 NC4              2.7933E-04      .00364      2.7730E-04      .00367
   10 NC6                  .00000      .00000          .00000      .00000
   11 NC7                  .00000      .00000          .00000      .00000
   12 NC8                  .01044      .02228          .00679      .01511
   13 NC9                  .01856      .02595          .01150      .01690
   14 NC10                 .54007      .49827          .49157      .47963
   15 NC11                 .06920      .04118          .09687      .06142
   16 NC12                 .01112      .00441          .02322      .00987
   17 NC13                 .00107  2.8129E-04          .00334  9.4804E-04
   18 NC14             1.1997E-04  2.1099E-05      5.5713E-04  1.0648E-04
   19 NC15             1.5869E-07  1.8694E-08      1.0928E-06  1.4084E-07
   20 NC16                 .00000      .00000          .00000      .00000
   21 NC17                 .00000      .00000          .00000      .00000
   22 NC18                 .00000      .00000          .00000      .00000
   23 H2               4.6867E-04      .06373      4.8569E-04      .06445
   24 H2S              2.7351E-05  8.2276E-04      2.7737E-05  8.3186E-04
   25 hp6                  .22593      .22721          .18935      .20082
   26 hp7                  .08863      .05932          .11072      .07866
   27 hp8                  .02674      .01211          .04905      .02373
   28 hp9                  .00430      .00135          .01134      .00382
   29 hp10             6.6281E-04  1.3491E-04          .00267  5.8824E-04
   30 hp11             7.0827E-06  9.1360E-07      4.4693E-05  6.2858E-06
   31 hp12             1.2414E-09  1.6134E-10      7.7779E-09  1.1017E-09
   32 hp14                 .00000      .00000          .00000      .00000
   33 hp13                 .00000      .00000          .00000      .00000
   34 hp2              8.5054E-04      .00391      8.2718E-04      .00392
   35 hp3                  .00000      .00000          .00000      .00000
   36 hp4                  .00000      .00000          .00000      .00000
   37 hp5              3.9449E-04  6.2372E-04      2.2827E-04  3.7784E-04
   38 hp1              2.1294E-04      .00154      2.0994E-04      .00156
 
  RATE, KG-MOL/HR          220.56      251.30          215.22      248.52

 SIMULATION SCIENCES INC.          R                                  PAGE P-16
 PROJECT                     PRO/II  VERSION 4.17 ELEC V12               386/EM
 PROBLEM                                 OUTPUT                                
                                     COLUMN SUMMARY                    02/13/98
 ==============================================================================
 
                              UNIT 1, 'T1'  (CONT)
 
                              TRAY 11                     TRAY 12
     COMPONENT              X          Y                X          Y
                       ----------  ----------      ----------  ----------
    1 H2O              1.2069E-04      .00335      1.1692E-04      .00346
    2 NH3                  .00000      .00000          .00000      .00000
    3 NC5              2.3136E-04      .00197      2.2698E-04      .00203
    4 ISOOCTAN             .00000      .00000          .00000      .00000
    5 PXYLENE              .00000      .00000          .00000      .00000
    6 C1               3.2340E-04      .02186      3.4019E-04      .02263
    7 C2               9.5915E-05      .00348      9.8687E-05      .00360
    8 C3               1.6621E-04      .00365      1.6797E-04      .00378
    9 NC4              2.7530E-04      .00374      2.7285E-04      .00386
   10 NC6                  .00000      .00000          .00000      .00000
   11 NC7                  .00000      .00000          .00000      .00000
   12 NC8                  .00506      .01198          .00412      .01064
   13 NC9                  .00674      .01062          .00368      .00640
   14 NC10                 .41288      .43538          .30915      .36409
   15 NC11                 .12394      .08574          .13947      .10919
   16 NC12                 .04387      .02055          .07197      .03865
   17 NC13                 .00935      .00295          .02253      .00824
   18 NC14                 .00230  4.9307E-04          .00809      .00203
   19 NC15             6.6418E-06  9.6712E-07      3.3859E-05  5.8513E-06
   20 NC16                 .00000      .00000          .00000      .00000
   21 NC17                 .00000      .00000          .00000      .00000
   22 NC18                 .00000      .00000          .00000      .00000
   23 H2               5.1000E-04      .06587      5.4583E-04      .06818
   24 H2S              2.8316E-05  8.4987E-04      2.9127E-05  8.7924E-04
   25 hp6                  .14705      .16790          .10240      .12988
   26 hp7                  .12702      .09799          .12904      .11191
   27 hp8                  .08196      .04341          .11993      .07221
   28 hp9                  .02703      .01004          .05580      .02381
   29 hp10                 .00964      .00236          .02975      .00849
   30 hp11             2.5008E-04  3.9554E-05          .00118  2.2032E-04
   31 hp12             4.3243E-08  6.8837E-09      2.0311E-07  3.8097E-08
   32 hp14                 .00000      .00000          .00000      .00000
   33 hp13                 .00000      .00000          .00000      .00000
   34 hp2              8.0307E-04      .00396      7.7268E-04      .00405
   35 hp3                  .00000      .00000          .00000      .00000
   36 hp4                  .00000      .00000          .00000      .00000
   37 hp5              1.3051E-04  2.3037E-04      7.4573E-05  1.4432E-04
   38 hp1              2.0676E-04      .00158      2.0268E-04      .00163
 
  RATE, KG-MOL/HR          206.97      243.18          190.74      234.93

 SIMULATION SCIENCES INC.          R                                  PAGE P-17
 PROJECT                     PRO/II  VERSION 4.17 ELEC V12               386/EM
 PROBLEM                                 OUTPUT                                
                                     COLUMN SUMMARY                    02/13/98
 ==============================================================================
 
                              UNIT 1, 'T1'  (CONT)
 
                              TRAY 13                     TRAY 14
     COMPONENT              X          Y                X          Y
                       ----------  ----------      ----------  ----------
    1 H2O              4.2457E-05      .00133      2.1957E-06  6.9590E-05
    2 NH3                  .00000      .00000          .00000      .00000
    3 NC5              1.8599E-04      .00181      3.0294E-05  3.0227E-04
    4 ISOOCTAN             .00000      .00000          .00000      .00000
    5 PXYLENE              .00000      .00000          .00000      .00000
    6 C1               6.6867E-05      .00419      1.8018E-06  1.0968E-04
    7 C2               3.5490E-05      .00128      1.6312E-06  5.8181E-05
    8 C3               8.8057E-05      .00203      6.2476E-06  1.4420E-04
    9 NC4              1.8707E-04      .00282      1.9953E-05  3.0566E-04
   10 NC6                  .00000      .00000          .00000      .00000
   11 NC7                  .00000      .00000          .00000      .00000
   12 NC8                  .00358      .01101          .00168      .00545
   13 NC9                  .00194      .00413          .00122      .00277
   14 NC10                 .20367      .30137          .16418      .26224
   15 NC11                 .13319      .13506          .13101      .14500
   16 NC12                 .09704      .06944          .10778      .08502
   17 NC13                 .04340      .02168          .05146      .02860
   18 NC14                 .02209      .00778          .02667      .01055
   19 NC15             1.3092E-04  3.2613E-05      1.5645E-04  4.4195E-05
   20 NC16                 .00000      .00000          .00000      .00000
   21 NC17                 .00000      .00000          .00000      .00000
   22 NC18                 .00000      .00000          .00000      .00000
   23 H2               5.0531E-05      .00567      7.7283E-07  8.2899E-05
   24 H2S              1.2204E-05  3.6557E-04      6.7350E-07  2.0001E-05
   25 hp6                  .06349      .10013          .04923      .08348
   26 hp7                  .11287      .12503          .10667      .12833
   27 hp8                  .14659      .11568          .15829      .13692
   28 hp9                  .09367      .05368          .10896      .06904
   29 hp10                 .07247      .02859          .08726      .03845
   30 hp11                 .00427      .00114          .00512      .00154
   31 hp12             7.3175E-07  1.9535E-07      8.7668E-07  2.6422E-07
   32 hp14                 .00000      .00000          .00000      .00000
   33 hp13                 .00000      .00000          .00000      .00000
   34 hp2              7.0456E-04      .00415      1.8476E-04      .00113
   35 hp3                  .00000      .00000          .00000      .00000
   36 hp4                  .00000      .00000          .00000      .00000
   37 hp5              4.5684E-05  1.0667E-04      2.6776E-05  6.6512E-05
   38 hp1              1.7127E-04      .00150      3.0928E-05  2.7775E-04
 
  RATE, KG-MOL/HR          876.10      192.69          885.66      533.98

 SIMULATION SCIENCES INC.          R                                  PAGE P-18
 PROJECT                     PRO/II  VERSION 4.17 ELEC V12               386/EM
 PROBLEM                                 OUTPUT                                
                                     COLUMN SUMMARY                    02/13/98
 ==============================================================================
 
                              UNIT 1, 'T1'  (CONT)
 
                              TRAY 15
     COMPONENT              X          Y
                       ----------  ----------
    1 H2O              1.0762E-07  3.5099E-06
    2 NH3                  .00000      .00000
    3 NC5              4.5045E-06  4.6527E-05
    4 ISOOCTAN             .00000      .00000
    5 PXYLENE              .00000      .00000
    6 C1               4.8881E-08  2.9052E-06
    7 C2               7.3523E-08  2.6116E-06
    8 C3               4.2499E-07  9.9125E-06
    9 NC4              1.9881E-06  3.1261E-05
   10 NC6                  .00000      .00000
   11 NC7                  .00000      .00000
   12 NC8              6.6197E-04      .00231
   13 NC9              6.4150E-04      .00158
   14 NC10                 .11225      .19687
   15 NC11                 .11476      .14124
   16 NC12                 .11580      .10273
   17 NC13                 .06651      .04199
   18 NC14                 .04011      .01822
   19 NC15             2.6628E-04  8.7328E-05
   20 NC16                 .00000      .00000
   21 NC17                 .00000      .00000
   22 NC18                 .00000      .00000
   23 H2               1.2179E-08  1.2516E-06
   24 H2S              3.6288E-08  1.0746E-06
   25 hp6                  .03230      .05988
   26 hp7                  .08874      .11796
   27 hp8                  .16168      .15616
   28 hp9                  .13211      .09440
   29 hp10                 .12557      .06314
   30 hp11                 .00854      .00296
   31 hp12             1.4615E-06  5.0859E-07
   32 hp14                 .00000      .00000
   33 hp13                 .00000      .00000
   34 hp2              4.2791E-05  2.7412E-04
   35 hp3                  .00000      .00000
   36 hp4                  .00000      .00000
   37 hp5              1.3175E-05  3.5336E-05
   38 hp1              5.0740E-06  4.7201E-05
 
  RATE, KG-MOL/HR          342.12      543.54

 SIMULATION SCIENCES INC.          R                                  PAGE P-19
 PROJECT                     PRO/II  VERSION 4.17 ELEC V12               386/EM
 PROBLEM                                 OUTPUT                                
                                     COLUMN SUMMARY                    02/13/98
 ==============================================================================
 
                              UNIT 1, 'T1'  (CONT)
 
 TRAY WEIGHT COMPOSITIONS
 
                               TRAY 1                      TRAY 2
     COMPONENT              X          Y                X          Y
                       ----------  ----------      ----------  ----------
    1 H2O                  .00135      .05009      8.5200E-05      .00235
    2 NH3                  .00000      .00000          .00000      .00000
    3 NC5                  .05411      .05358          .00941      .05409
    4 ISOOCTAN             .00000      .00000          .00000      .00000
    5 PXYLENE              .00000      .00000          .00000      .00000
    6 C1               9.8009E-04      .30471      6.2628E-05      .00723
    7 C2                   .00131      .08875      6.8801E-05      .00310
    8 C3                   .00803      .12776      4.7976E-04      .01049
    9 NC4                  .03542      .14102          .00342      .03759
   10 NC6                  .00000      .00000          .00000      .00000
   11 NC7                  .00000      .00000          .00000      .00000
   12 NC8                  .54350      .01004          .58049      .53243
   13 NC9                  .04565  2.2287E-04          .08696      .04471
   14 NC10                 .03839  5.0578E-05          .12952      .03760
   15 NC11             1.0826E-04  3.9107E-08      6.7142E-04  1.0602E-04
   16 NC12             4.8589E-07  5.9452E-11      5.3795E-06  4.7581E-07
   17 NC13             1.3505E-09  2.7396E-14      2.6230E-08  1.3225E-09
   18 NC14             4.4186E-12  2.2704E-17      1.5097E-10  4.3270E-12
   19 NC15             1.7234E-16  2.1340E-22      1.0361E-14  1.6877E-16
   20 NC16                 .00000      .00000          .00000      .00000
   21 NC17                 .00000      .00000          .00000      .00000
   22 NC18                 .00000      .00000          .00000      .00000
   23 H2               2.2929E-05      .11647      8.0421E-06      .00242
   24 H2S              4.7340E-04      .02432      2.5900E-05  9.6379E-04
   25 hp6                  .03675  8.6499E-05          .10717      .03599
   26 hp7              4.2433E-04  2.8803E-07          .00218  4.1554E-04
   27 hp8              4.2886E-06  8.8644E-10      3.7719E-05  4.1997E-06
   28 hp9              2.8060E-08  1.8815E-12      4.1083E-07  2.7478E-08
   29 hp10             9.9168E-11  1.7539E-15      2.6420E-09  9.7112E-11
   30 hp11             1.9294E-14  8.2584E-20      9.6940E-13  1.8894E-14
   31 hp12             3.9105E-18  1.7481E-23      1.9359E-16  3.8294E-18
   32 hp14                 .00000      .00000          .00000      .00000
   33 hp13                 .00000      .00000          .00000      .00000
   34 hp2                  .18521      .04361          .06600      .18226
   35 hp3                  .00000      .00000          .00000      .00000
   36 hp4                  .00000      .00000          .00000      .00000
   37 hp5                  .00295  2.7388E-05          .00459      .00288
   38 hp1                  .04533      .03938          .00880      .04520
 
  RATE, KG/HR           12813.129     275.407       23710.582   13388.403

 SIMULATION SCIENCES INC.          R                                  PAGE P-20
 PROJECT                     PRO/II  VERSION 4.17 ELEC V12               386/EM
 PROBLEM                                 OUTPUT                                
                                     COLUMN SUMMARY                    02/13/98
 ==============================================================================
 
                              UNIT 1, 'T1'  (CONT)
 
                               TRAY 3                      TRAY 4
     COMPONENT              X          Y                X          Y
                       ----------  ----------      ----------  ----------
    1 H2O              2.5326E-05  6.6776E-04      1.9626E-05  5.3911E-04
    2 NH3                  .00000      .00000          .00000      .00000
    3 NC5                  .00152      .01047      3.3898E-04      .00261
    4 ISOOCTAN             .00000      .00000          .00000      .00000
    5 PXYLENE              .00000      .00000          .00000      .00000
    6 C1               3.7005E-05      .00353      3.4356E-05      .00309
    7 C2               2.5780E-05      .00109      2.1900E-05  9.2466E-04
    8 C3               9.0288E-05      .00202      6.2340E-05      .00145
    9 NC4              4.4221E-04      .00538      1.6926E-04      .00222
   10 NC6                  .00000      .00000          .00000      .00000
   11 NC7                  .00000      .00000          .00000      .00000
   12 NC8                  .41856      .57353          .24461      .41585
   13 NC9                  .10378      .08546          .09682      .10212
   14 NC10                 .25466      .12692          .37905      .24978
   15 NC11                 .00225  6.5681E-04          .00551      .00220
   16 NC12             2.9778E-05  5.2577E-06      1.1644E-04  2.9163E-05
   17 NC13             2.3700E-07  2.5624E-08      1.4673E-06  2.3207E-07
   18 NC14             2.2314E-09  1.4744E-10      2.1875E-08  2.1849E-09
   19 NC15             2.5018E-13  1.0117E-14      3.8750E-12  2.4497E-13
   20 NC16                 .00000      .00000          .00000      .00000
   21 NC17                 .00000      .00000          .00000      .00000
   22 NC18                 .00000      .00000          .00000      .00000
   23 H2               6.1220E-06      .00133      6.0492E-06      .00117
   24 H2S              8.7632E-06  3.0687E-04      7.3229E-06  2.5632E-04
   25 hp6                  .18710      .10508          .25031      .18360
   26 hp7                  .00622      .00213          .01319      .00609
   27 hp8              1.7290E-04  3.6876E-05      5.7116E-04  1.6934E-04
   28 hp9              2.9428E-06  4.0141E-07      1.4767E-05  2.8818E-06
   29 hp10             3.1963E-08  2.5805E-09      2.6187E-07  3.1298E-08
   30 hp11             2.0434E-11  9.4661E-13      2.8133E-10  2.0008E-11
   31 hp12             4.0316E-15  1.8904E-16      5.4929E-14  3.9477E-15
   32 hp14                 .00000      .00000          .00000      .00000
   33 hp13                 .00000      .00000          .00000      .00000
   34 hp2                  .01886      .06721          .00506      .02091
   35 hp3                  .00000      .00000          .00000      .00000
   36 hp4                  .00000      .00000          .00000      .00000
   37 hp5                  .00465      .00452          .00374      .00458
   38 hp1                  .00156      .00960      3.4958E-04      .00241
 
  RATE, KG/HR           27029.344   24286.229       28715.802   27605.150

 SIMULATION SCIENCES INC.          R                                  PAGE P-21
 PROJECT                     PRO/II  VERSION 4.17 ELEC V12               386/EM
 PROBLEM                                 OUTPUT                                
                                     COLUMN SUMMARY                    02/13/98
 ==============================================================================
 
                              UNIT 1, 'T1'  (CONT)
 
                               TRAY 5                      TRAY 6
     COMPONENT              X          Y                X          Y
                       ----------  ----------      ----------  ----------
    1 H2O              1.7800E-05  5.0397E-04      1.6779E-05  4.8027E-04
    2 NH3                  .00000      .00000          .00000      .00000
    3 NC5              1.6819E-04      .00139      1.3700E-04      .00118
    4 ISOOCTAN             .00000      .00000          .00000      .00000
    5 PXYLENE              .00000      .00000          .00000      .00000
    6 C1               3.3800E-05      .00291      3.3484E-05      .00278
    7 C2               2.0679E-05  8.6914E-04      1.9960E-05  8.2962E-04
    8 C3               5.6519E-05      .00134      5.3508E-05      .00128
    9 NC4              1.3466E-04      .00185      1.2384E-04      .00174
   10 NC6                  .00000      .00000          .00000      .00000
   11 NC7                  .00000      .00000          .00000      .00000
   12 NC8                  .12601      .24547          .06112      .12905
   13 NC9                  .07731      .09539          .05629      .07631
   14 NC10                 .47283      .37201          .53010      .46435
   15 NC11                 .01106      .00540          .01966      .01085
   16 NC12             3.6464E-04  1.1416E-04      9.9649E-04  3.5782E-04
   17 NC13             7.1366E-06  1.4385E-06      2.9915E-05  7.0030E-06
   18 NC14             1.6496E-07  2.1446E-08      1.0575E-06  1.6187E-07
   19 NC15             4.5190E-11  3.7990E-12      4.4189E-10  4.4343E-11
   20 NC16                 .00000      .00000          .00000      .00000
   21 NC17                 .00000      .00000          .00000      .00000
   22 NC18                 .00000      .00000          .00000      .00000
   23 H2               6.1772E-06      .00110      6.2690E-06      .00105
   24 H2S              6.9083E-06  2.4066E-04      6.6690E-06  2.2970E-04
   25 hp6                  .28287      .24578          .28876      .27793
   26 hp7                  .02315      .01293          .03623      .02272
   27 hp8                  .00153  5.6001E-04          .00361      .00150
   28 hp9              5.9034E-05  1.4478E-05      2.0517E-04  5.7928E-05
   29 hp10             1.6719E-06  2.5674E-07      9.1474E-06  1.6406E-06
   30 hp11             2.9478E-09  2.7581E-10      2.6067E-08  2.8925E-09
   31 hp12             5.7020E-13  5.3852E-14      4.9987E-12  5.5952E-13
   32 hp14                 .00000      .00000          .00000      .00000
   33 hp13                 .00000      .00000          .00000      .00000
   34 hp2                  .00161      .00727      7.9266E-04      .00378
   35 hp3                  .00000      .00000          .00000      .00000
   36 hp4                  .00000      .00000          .00000      .00000
   37 hp5                  .00260      .00369          .00167      .00258
   38 hp1              1.5913E-04      .00118      1.2407E-04  9.5289E-04
 
  RATE, KG/HR           30104.755   29291.565       31138.940   30680.392

 SIMULATION SCIENCES INC.          R                                  PAGE P-22
 PROJECT                     PRO/II  VERSION 4.17 ELEC V12               386/EM
 PROBLEM                                 OUTPUT                                
                                     COLUMN SUMMARY                    02/13/98
 ==============================================================================
 
                              UNIT 1, 'T1'  (CONT)
 
                               TRAY 7                      TRAY 8
     COMPONENT              X          Y                X          Y
                       ----------  ----------      ----------  ----------
    1 H2O              1.6178E-05  4.6419E-04      1.5808E-05  4.5514E-04
    2 NH3                  .00000      .00000          .00000      .00000
    3 NC5              1.2701E-04      .00111      1.2192E-04      .00108
    4 ISOOCTAN             .00000      .00000          .00000      .00000
    5 PXYLENE              .00000      .00000          .00000      .00000
    6 C1               3.3320E-05      .00269      3.3363E-05      .00264
    7 C2               1.9526E-05  8.0255E-04      1.9307E-05  7.8732E-04
    8 C3               5.1709E-05      .00124      5.0666E-05      .00121
    9 NC4              1.1804E-04      .00168      1.1451E-04      .00165
   10 NC6                  .00000      .00000          .00000      .00000
   11 NC7                  .00000      .00000          .00000      .00000
   12 NC8                  .02942      .06524          .01480      .03403
   13 NC9                  .03879      .05570          .02570      .03852
   14 NC10                 .55641      .52085          .55624      .54687
   15 NC11                 .03242      .01931          .05054      .03184
   16 NC12                 .00250  9.7843E-04          .00589      .00246
   17 NC13             1.1423E-04  2.9373E-05      4.0716E-04  1.1219E-04
   18 NC14             6.1214E-06  1.0384E-06      3.2863E-05  6.0125E-06
   19 NC15             3.8666E-09  4.3388E-10      3.1175E-08  3.7978E-09
   20 NC16                 .00000      .00000          .00000      .00000
   21 NC17                 .00000      .00000          .00000      .00000
   22 NC18                 .00000      .00000          .00000      .00000
   23 H2               6.3365E-06      .00102      6.4141E-06  9.9860E-04
   24 H2S              6.5258E-06  2.2221E-04      6.4549E-06  2.1799E-04
   25 hp6                  .27688      .28387          .25349      .27229
   26 hp7                  .05279      .03558          .07297      .05186
   27 hp8                  .00787      .00355          .01616      .00773
   28 hp9              6.5321E-04  2.0145E-04          .00195  6.4159E-04
   29 hp10             4.5417E-05  8.9815E-06      2.0992E-04  4.4609E-05
   30 hp11             2.0710E-07  2.5594E-08      1.5206E-06  2.0341E-07
   31 hp12             3.9387E-11  4.9080E-12      2.8690E-10  3.8686E-11
   32 hp14                 .00000      .00000          .00000      .00000
   33 hp13                 .00000      .00000          .00000      .00000
   34 hp2              5.9212E-04      .00291      5.3180E-04      .00267
   35 hp3                  .00000      .00000          .00000      .00000
   36 hp4                  .00000      .00000          .00000      .00000
   37 hp5                  .00102      .00167      6.0531E-04      .00103
   38 hp1              1.1384E-04  8.9260E-04      1.0899E-04  8.6800E-04
 
  RATE, KG/HR           31750.876   31714.483       32009.257   32326.369

 SIMULATION SCIENCES INC.          R                                  PAGE P-23
 PROJECT                     PRO/II  VERSION 4.17 ELEC V12               386/EM
 PROBLEM                                 OUTPUT                                
                                     COLUMN SUMMARY                    02/13/98
 ==============================================================================
 
                              UNIT 1, 'T1'  (CONT)
 
                               TRAY 9                     TRAY 10
     COMPONENT              X          Y                X          Y
                       ----------  ----------      ----------  ----------
    1 H2O              1.5489E-05  4.5129E-04      1.5059E-05  4.5122E-04
    2 NH3                  .00000      .00000          .00000      .00000
    3 NC5              1.1837E-04      .00107      1.1488E-04      .00107
    4 ISOOCTAN             .00000      .00000          .00000      .00000
    5 PXYLENE              .00000      .00000          .00000      .00000
    6 C1               3.3579E-05      .00262      3.3914E-05      .00262
    7 C2               1.9214E-05  7.8102E-04      1.9163E-05  7.8134E-04
    8 C3               4.9989E-05      .00120      4.9353E-05      .00120
    9 NC4              1.1193E-04      .00163      1.0931E-04      .00163
   10 NC6                  .00000      .00000          .00000      .00000
   11 NC7                  .00000      .00000          .00000      .00000
   12 NC8                  .00822      .01963          .00526      .01317
   13 NC9                  .01641      .02567          .01000      .01654
   14 NC10                 .52978      .54677          .47437      .52077
   15 NC11                 .07457      .04965          .10270      .07326
   16 NC12                 .01306      .00579          .02682      .01283
   17 NC13                 .00136  3.9997E-04          .00417      .00133
   18 NC14             1.6410E-04  3.2283E-05      7.4964E-04  1.6120E-04
   19 NC15             2.3240E-07  3.0625E-08      1.5743E-06  2.2829E-07
   20 NC16                 .00000      .00000          .00000      .00000
   21 NC17                 .00000      .00000          .00000      .00000
   22 NC18                 .00000      .00000          .00000      .00000
   23 H2               6.5139E-06  9.9081E-04      6.6407E-06  9.9144E-04
   24 H2S              6.4261E-06  2.1624E-04      6.4108E-06  2.1633E-04
   25 hp6                  .22164      .24935          .18274      .21806
   26 hp7                  .09575      .07168          .11767      .09406
   27 hp8                  .03134      .01588          .05655      .03078
   28 hp9                  .00546      .00191          .01417      .00537
   29 hp10             9.0568E-04  2.0622E-04          .00359  8.8968E-04
   30 hp11             1.0352E-05  1.4937E-06      6.4260E-05  1.0169E-05
   31 hp12             1.9384E-09  2.8184E-10      1.1948E-08  1.9042E-09
   32 hp14                 .00000      .00000          .00000      .00000
   33 hp13                 .00000      .00000          .00000      .00000
   34 hp2              5.0428E-04      .00260      4.8246E-04      .00257
   35 hp3                  .00000      .00000          .00000      .00000
   36 hp4                  .00000      .00000          .00000      .00000
   37 hp5              3.5166E-04  6.2197E-04      2.0018E-04  3.7281E-04
   38 hp1              1.0570E-04  8.5726E-04      1.0252E-04  8.5444E-04
 
  RATE, KG/HR           31991.571   32584.727       31732.771   32567.030

 SIMULATION SCIENCES INC.          R                                  PAGE P-24
 PROJECT                     PRO/II  VERSION 4.17 ELEC V12               386/EM
 PROBLEM                                 OUTPUT                                
                                     COLUMN SUMMARY                    02/13/98
 ==============================================================================
 
                              UNIT 1, 'T1'  (CONT)
 
                              TRAY 11                     TRAY 12
     COMPONENT              X          Y                X          Y
                       ----------  ----------      ----------  ----------
    1 H2O              1.4391E-05  4.5429E-04      1.3459E-05  4.6004E-04
    2 NH3                  .00000      .00000          .00000      .00000
    3 NC5              1.1049E-04      .00107      1.0464E-04      .00108
    4 ISOOCTAN             .00000      .00000          .00000      .00000
    5 PXYLENE              .00000      .00000          .00000      .00000
    6 C1               3.4342E-05      .00264      3.4872E-05      .00268
    7 C2               1.9091E-05  7.8740E-04      1.8961E-05  7.9853E-04
    8 C3               4.8513E-05      .00121      4.7327E-05      .00123
    9 NC4              1.0592E-04      .00164      1.0133E-04      .00166
   10 NC6                  .00000      .00000          .00000      .00000
   11 NC7                  .00000      .00000          .00000      .00000
   12 NC8                  .00383      .01030          .00301      .00897
   13 NC9                  .00573      .01025          .00302      .00605
   14 NC10                 .38886      .46628          .28106      .38219
   15 NC11                 .12823      .10087          .13930      .12592
   16 NC12                 .04946      .02634          .07834      .04857
   17 NC13                 .01141      .00410          .02654      .01121
   18 NC14                 .00303  7.3629E-04          .01025      .00297
   19 NC15             9.3386E-06  1.5463E-06      4.5956E-05  9.1699E-06
   20 NC16                 .00000      .00000          .00000      .00000
   21 NC17                 .00000      .00000          .00000      .00000
   22 NC18                 .00000      .00000          .00000      .00000
   23 H2               6.8055E-06  9.9946E-04      7.0310E-06      .00101
   24 H2S              6.3873E-06  2.1799E-04      6.3424E-06  2.2106E-04
   25 hp6                  .13851      .17983          .09311      .13635
   26 hp7                  .13175      .11558          .12920      .12937
   27 hp8                  .09223      .05554          .13027      .09056
   28 hp9                  .03295      .01392          .06568      .03236
   29 hp10                 .01264      .00353          .03768      .01241
   30 hp11             3.5093E-04  6.3116E-05          .00160  3.4458E-04
   31 hp12             6.4832E-08  1.1735E-08      2.9394E-07  6.3660E-08
   32 hp14                 .00000      .00000          .00000      .00000
   33 hp13                 .00000      .00000          .00000      .00000
   34 hp2              4.5714E-04      .00257      4.2458E-04      .00257
   35 hp3                  .00000      .00000          .00000      .00000
   36 hp4                  .00000      .00000          .00000      .00000
   37 hp5              1.1170E-04  2.2420E-04      6.1609E-05  1.3767E-04
   38 hp1              9.8539E-05  8.5731E-04      9.3241E-05  8.6441E-04
 
  RATE, KG/HR           31268.477   32308.225       29851.784   31843.930

 SIMULATION SCIENCES INC.          R                                  PAGE P-25
 PROJECT                     PRO/II  VERSION 4.17 ELEC V12               386/EM
 PROBLEM                                 OUTPUT                                
                                     COLUMN SUMMARY                    02/13/98
 ==============================================================================
 
                              UNIT 1, 'T1'  (CONT)
 
                              TRAY 13                     TRAY 14
     COMPONENT              X          Y                X          Y
                       ----------  ----------      ----------  ----------
    1 H2O              4.6730E-06  1.5596E-04      2.3761E-07  7.8886E-06
    2 NH3                  .00000      .00000          .00000      .00000
    3 NC5              8.1989E-05  8.5148E-04      1.3130E-05  1.3723E-04
    4 ISOOCTAN             .00000      .00000          .00000      .00000
    5 PXYLENE              .00000      .00000          .00000      .00000
    6 C1               6.5541E-06  4.3751E-04      1.7365E-07  1.1072E-05
    7 C2               6.5201E-06  2.5058E-04      2.9465E-07  1.1009E-05
    8 C3               2.3724E-05  5.8244E-04      1.6550E-06  4.0013E-05
    9 NC4              6.6433E-05      .00107      6.9669E-06  1.1179E-04
   10 NC6                  .00000      .00000          .00000      .00000
   11 NC7                  .00000      .00000          .00000      .00000
   12 NC8                  .00250      .00820          .00115      .00392
   13 NC9                  .00152      .00345      9.4018E-04      .00224
   14 NC10                 .17706      .27940          .14034      .23479
   15 NC11                 .12720      .13756          .12302      .14262
   16 NC12                 .10100      .07707          .11029      .09113
   17 NC13                 .04889      .02605          .05699      .03318
   18 NC14                 .02678      .01006          .03179      .01317
   19 NC15             1.6991E-04  4.5139E-05      1.9965E-04  5.9073E-05
   20 NC16                 .00000      .00000          .00000      .00000
   21 NC17                 .00000      .00000          .00000      .00000
   22 NC18                 .00000      .00000          .00000      .00000
   23 H2               6.2240E-07  7.4469E-05      9.3594E-09  1.0516E-06
   24 H2S              2.5411E-06  8.1174E-05      1.3788E-07  4.2889E-06
   25 hp6                  .05520      .09284          .04208      .07475
   26 hp7                  .10806      .12766          .10042      .12653
   27 hp8                  .15225      .12814          .16165      .14646
   28 hp9                  .10541      .06442          .12057      .08002
   29 hp10                 .08776      .03692          .10389      .04795
   30 hp11                 .00553      .00157          .00652      .00205
   31 hp12             1.0126E-06  2.8830E-07      1.1928E-06  3.7658E-07
   32 hp14                 .00000      .00000          .00000      .00000
   33 hp13                 .00000      .00000          .00000      .00000
   34 hp2              3.7020E-04      .00233      9.5450E-05  6.1072E-04
   35 hp3                  .00000      .00000          .00000      .00000
   36 hp4                  .00000      .00000          .00000      .00000
   37 hp5              3.6089E-05  8.9872E-05      2.0797E-05  5.4115E-05
   38 hp1              7.5341E-05  7.0357E-04      1.3377E-05  1.2584E-04
 
  RATE, KG/HR          143395.345   29573.496      147433.564   84860.079

 SIMULATION SCIENCES INC.          R                                  PAGE P-26
 PROJECT                     PRO/II  VERSION 4.17 ELEC V12               386/EM
 PROBLEM                                 OUTPUT                                
                                     COLUMN SUMMARY                    02/13/98
 ==============================================================================
 
                              UNIT 1, 'T1'  (CONT)
 
                              TRAY 15
     COMPONENT              X          Y
                       ----------  ----------
    1 H2O              1.1332E-08  3.8661E-07
    2 NH3                  .00000      .00000
    3 NC5              1.8995E-06  2.0525E-05
    4 ISOOCTAN             .00000      .00000
    5 PXYLENE              .00000      .00000
    6 C1               4.5834E-09  2.8497E-07
    7 C2               1.2922E-08  4.8016E-07
    8 C3               1.0953E-07  2.6726E-06
    9 NC4              6.7538E-07  1.1110E-05
   10 NC6                  .00000      .00000
   11 NC7                  .00000      .00000
   12 NC8              4.4197E-04      .00162
   13 NC9              4.8089E-04      .00124
   14 NC10                 .09335      .17128
   15 NC11                 .10485      .13499
   16 NC12                 .11529      .10699
   17 NC13                 .07166      .04733
   18 NC14                 .04650      .02210
   19 NC15             3.3060E-04  1.1342E-04
   20 NC16                 .00000      .00000
   21 NC17                 .00000      .00000
   22 NC18                 .00000      .00000
   23 H2               1.4350E-10  1.5428E-08
   24 H2S              7.2278E-09  2.2391E-07
   25 hp6                  .02687      .05210
   26 hp7                  .08127      .11302
   27 hp8                  .16064      .16232
   28 hp9                  .14222      .10631
   29 hp10                 .14546      .07651
   30 hp11                 .01058      .00384
   31 hp12             1.9347E-06  7.0433E-07
   32 hp14                 .00000      .00000
   33 hp13                 .00000      .00000
   34 hp2              2.1509E-05  1.4414E-04
   35 hp3                  .00000      .00000
   36 hp4                  .00000      .00000
   37 hp5              9.9563E-06  2.7936E-05
   38 hp1              2.1352E-06  2.0779E-05
 
  RATE, KG/HR           58535.266   88898.297

 SIMULATION SCIENCES INC.          R                                  PAGE P-27
 PROJECT                     PRO/II  VERSION 4.17 ELEC V12               386/EM
 PROBLEM                                 OUTPUT                                
                                     COLUMN SUMMARY                    02/13/98
 ==============================================================================
 
                              UNIT 1, 'T1'  (CONT)
 
 TRAY NET VAPOR RATES AND DENSITIES
 
                                          --------------- RATES ---------------
  TRAY     MW     ACTUAL DENS   Z FROM                   NORMAL       ACTUAL
                     KG/M3      DENSITY     K*KG/HR      K*M3/HR      K*M3/HR
  ----  --------  ------------  --------  -----------  -----------  -----------
     1    11.061       1.45135    .99793         .275         .558         .190
     2    84.406       7.98295    .93825       13.388        3.555        1.677
     3   104.926       9.62969    .91783       24.286        5.188        2.522
     4   113.692      10.28628    .91138       27.605        5.442        2.684
     5   119.650      10.75385    .90731       29.292        5.487        2.724
     6   123.838      11.12796    .90398       30.680        5.553        2.757
     7   126.549      11.41338    .90149       31.714        5.617        2.779
     8   128.312      11.63217    .89977       32.326        5.647        2.779
     9   129.665      11.81230    .89863       32.585        5.633        2.759
    10   131.046      11.97575    .89794       32.567        5.570        2.719
    11   132.859      12.13979    .89766       32.308        5.451        2.661
    12   135.547      12.32521    .89770       31.844        5.266        2.584
    13   153.475      14.00101    .87619       29.573        4.319        2.112
    14   158.921      14.56981    .87013       84.860       11.969        5.824
    15   163.553      14.97046    .86742       88.898       12.183        5.938
 
 
 TRAY NET LIQUID RATES AND DENSITIES
 
                                          --------------- RATES ---------------
  TRAY     MW     ACTUAL DENS   Z FROM                   STD LIQ      ACTUAL
                     KG/M3      DENSITY     K*KG/HR       M3/HR        M3/HR
  ----  --------  ------------  --------  -----------  -----------  -----------
     1    98.065       710.605    .01807       12.813       18.230       18.031
     2   116.514       599.695    .01724       23.711       33.033       39.538
     3   125.808       585.008    .01811       27.029       37.232       46.203
     4   132.423       581.356    .01878       28.716       39.162       49.395
     5   136.973       578.874    .01930       30.105       40.773       52.006
     6   139.856       576.680    .01970       31.139       42.000       53.997
     7   141.761       575.004    .02004       31.751       42.720       55.219
     8   143.321       573.893    .02037       32.009       42.984       55.776
     9   145.050       573.331    .02071       31.992       42.865       55.799
    10   147.446       573.368    .02110       31.733       42.379       55.345
    11   151.078       574.080    .02159       31.268       41.548       54.467
    12   156.507       575.348    .02220       29.852       39.375       51.885
    13   163.675       569.720    .02296      143.395      187.451      251.694
    14   166.467       567.495    .02340      147.434      192.100      259.797
    15   171.095       566.517    .02398       58.535       75.868      103.325

 SIMULATION SCIENCES INC.          R                                  PAGE P-28
 PROJECT                     PRO/II  VERSION 4.17 ELEC V12               386/EM
 PROBLEM                                 OUTPUT                                
                                     COLUMN SUMMARY                    02/13/98
 ==============================================================================
 
                              UNIT 1, 'T1'  (CONT)
 
 TRAY STANDARD LIQUID DENSITIES
 
  TRAY  ------ DENSITY -------  -------- API ---------  -------- SPGR --------
               KG/M3                                          WATER 60F
          LIQUID       VAPOR      LIQUID       VAPOR      LIQUID       VAPOR
  ----  ----------  ----------  ----------  ----------  ----------  ----------
     1     702.847     268.918      69.625     394.164       .7035       .2692
     2     717.783     680.265      65.440      76.302       .7185       .6809
     3     725.963     704.268      63.221      69.220       .7267       .7050
     4     733.249     713.609      61.286      66.592       .7340       .7143
     5     738.357     721.222      59.953      64.501       .7391       .7219
     6     741.397     726.612      59.168      63.047       .7421       .7273
     7     743.234     729.883      58.696      62.176       .7440       .7306
     8     744.672     731.847      58.329      61.656       .7454       .7326
     9     746.338     733.305      57.905      61.272       .7471       .7340
    10     748.793     734.886      57.284      60.857       .7495       .7356
    11     752.595     737.133      56.331      60.271       .7533       .7379
    12     758.139     740.581      54.957      59.378       .7589       .7413
    13     764.975     756.018      53.291      55.480       .7657       .7568
    14     767.484     760.508      52.687      54.376       .7682       .7613
    15     771.545     764.834      51.717      53.325       .7723       .7656
 
 
 TRAY TRANSPORT PROPERTIES
 
  TRAY  - THERMAL CONDUCTIVITY -  ------ VISCOSITY -------  -- SURFACE --
              KCAL/HR-M-C                    CP                TENSION
          LIQUID        VAPOR       LIQUID        VAPOR        DYNE/CM
  ----  -----------  -----------  -----------  -----------  -------------
     1   1.1207E-01   7.4827E-02   5.0050E-01   8.8900E-03     2.2274E+01
     2   7.8940E-02   2.6646E-02   1.8021E-01   8.9505E-03     1.0193E+01
     3   7.4909E-02   2.5124E-02   1.6897E-01   8.7022E-03     8.9529E+00
     4   7.3306E-02   2.5476E-02   1.6304E-01   8.7389E-03     8.5603E+00
     5   7.2213E-02   2.5895E-02   1.5859E-01   8.8236E-03     8.3035E+00
     6   7.1448E-02   2.6142E-02   1.5602E-01   8.8856E-03     8.1088E+00
     7   7.0936E-02   2.6286E-02   1.5421E-01   8.9230E-03     7.9685E+00
     8   7.0561E-02   2.6416E-02   1.5315E-01   8.9484E-03     7.8674E+00
     9   7.0207E-02   2.6588E-02   1.5258E-01   8.9732E-03     7.7910E+00
    10   6.9776E-02   2.6852E-02   1.5226E-01   9.0063E-03     7.7297E+00
    11   6.9162E-02   2.7263E-02   1.5225E-01   9.0556E-03     7.6755E+00
    12   6.8257E-02   2.7881E-02   1.5208E-01   9.1278E-03     7.6141E+00
    13   6.5912E-02   2.5391E-02   1.4531E-01   9.1902E-03     7.0911E+00
    14   6.5015E-02   2.5333E-02   1.4164E-01   9.2022E-03     6.8997E+00
    15   6.3985E-02   2.5749E-02   1.3988E-01   9.2553E-03     6.7557E+00

 SIMULATION SCIENCES INC.          R                                  PAGE P-29
 PROJECT                     PRO/II  VERSION 4.17 ELEC V12               386/EM
 PROBLEM                                 OUTPUT                                
                                     COLUMN SUMMARY                    02/13/98
 ==============================================================================
 
                              UNIT 1, 'T1'  (CONT)
 
 TRAY ENTHALPIES
 
  TRAY        M*KCAL/HR             K*KCAL/KG-MOL              KCAL/KG
          LIQUID       VAPOR      LIQUID       VAPOR      LIQUID       VAPOR
  ----  ----------  ----------  ----------  ----------  ----------  ----------
     1   2.405E-02   3.529E-02        .184       1.417       1.877     128.147
     2       2.042       2.098      10.033      13.229      86.114     156.735
     3       2.799       4.116      13.030      17.783     103.569     169.476
     4       3.235       4.873      14.917      20.069     112.645     176.524
     5       3.583       5.308      16.303      21.682     119.024     181.212
     6       3.843       5.657      17.261      22.833     123.417     184.380
     7       4.012       5.917      17.915      23.612     126.371     186.582
     8       4.114       6.087      18.420      24.162     128.522     188.305
     9       4.172       6.189      18.914      24.628     130.400     189.936
    10       4.203       6.247      19.529      25.137     132.452     191.819
    11       4.226       6.278      20.418      25.818     135.149     194.329
    12       4.151       6.301      21.763      26.822     139.054     197.881
    13      21.347       6.060      24.366      31.452     148.870     204.930
    14      22.517      17.635      25.424      33.026     152.728     207.812
    15       9.212      18.805      26.927      34.597     157.378     211.534

 SIMULATION SCIENCES INC.          R                                  PAGE P-30
 PROJECT                     PRO/II  VERSION 4.17 ELEC V12               386/EM
 PROBLEM                                 OUTPUT                                
                              STREAM MOLAR COMPONENT RATES             02/13/98
 ==============================================================================
 
 STREAM ID                             A            C            D           DD
        NAME
        PHASE                     LIQUID        MIXED        VAPOR        VAPOR
  
 FLUID RATES, KG-MOL/HR
    1  H2O                         .0000        .7882        .7657       1.7482
    2  NH3                         .0000        .0000        .0000        .0000
    3  NC5                         .0000        .4310        .2045      10.0378
    4  ISOOCTAN                    .0000        .0000        .0000        .0000
    5  PXYLENE                     .0000        .0000        .0000        .0000
    6  C1                     3.0000E-04       5.2487       5.2303       6.0319
    7  C2                     4.0000E-04        .8258        .8127       1.3825
    8  C3                          .0000        .8527        .7979       3.1865
    9  NC4                         .0000        .8516        .6681       8.6589
   10  NC6                         .0000        .0000        .0000        .0000
   11  NC7                         .0000        .0000        .0000        .0000
   12  NC8                    1.0000E-04       1.6782        .0242      62.4129
   13  NC9                         .1563        .3267   4.7850E-04       4.6674
   14  NC10                      38.4839      38.4839   9.7887E-05       3.5384
   15  NC11                      39.2624      39.2624   6.8894E-08   9.0819E-03
   16  NC12                      39.6183      39.6183   9.6111E-11   3.7404E-05
   17  NC13                      22.7530      22.7530   4.0920E-14   9.6052E-08
   18  NC14                      13.7210      13.7210   3.1513E-17   2.9205E-10
   19  NC15                        .0911        .0911        .0000   1.0639E-14
   20  NC16                        .0000        .0000        .0000        .0000
   21  NC17                        .0000        .0000        .0000        .0000
   22  NC18                        .0000        .0000        .0000        .0000
   23  H2                          .0000      15.9127      15.9091      16.0598
   24  H2S                         .0000        .2007        .1965        .3787
   25  hp6                       11.1296      11.1296   1.6739E-04       3.3868
   26  hp7                       30.3597      30.3597   5.0616E-07        .0355
   27  hp8                       55.3134      55.3134   1.4359E-09   3.3080E-04
   28  hp9                       45.1960      45.1960   2.8127E-12   1.9976E-06
   29  hp10                      42.9597      42.9597   2.4369E-15   6.5610E-09
   30  hp11                       2.9224       2.9224   1.0727E-19   1.1934E-12
   31  hp12                   5.0000E-04   5.0000E-04        .0000   2.2639E-16
   32  hp14                        .0000        .0000        .0000        .0000
   33  hp13                        .0000        .0000        .0000        .0000
   34  hp2                         .0000        .8005        .1396      28.3794
   35  hp3                         .0000        .0000        .0000        .0000
   36  hp4                         .0000        .0000        .0000        .0000
   37  hp5                         .0114        .0114   5.8328E-05        .2987
   38  hp1                         .0000        .3412        .1506       8.4067
 
 TOTAL RATE, KG-MOL/HR          341.9795     370.0806      24.9000     158.6194

 SIMULATION SCIENCES INC.          R                                  PAGE P-31
 PROJECT                     PRO/II  VERSION 4.17 ELEC V12               386/EM
 PROBLEM                                 OUTPUT                                
                              STREAM MOLAR COMPONENT RATES             02/13/98
 ==============================================================================
 
 STREAM ID                             A            C            D           DD
        NAME
        PHASE                     LIQUID        MIXED        VAPOR        VAPOR
  
 TEMPERATURE, C                 134.0000     180.0000       6.0747     152.1812
 PRESSURE, KG/CM2                 7.2000       7.2000       3.1000       3.2000
 ENTHALPY, M*KCAL/HR              3.9961       5.7876        .0353       2.0984
 MOLECULAR WEIGHT               171.1313     159.7239      11.0605      84.4058
 MOLE FRAC VAPOR                   .0000        .0553       1.0000       1.0000
 MOLE FRAC LIQUID                 1.0000        .9447        .0000        .0000

 SIMULATION SCIENCES INC.          R                                  PAGE P-32
 PROJECT                     PRO/II  VERSION 4.17 ELEC V12               386/EM
 PROBLEM                                 OUTPUT                                
                              STREAM MOLAR COMPONENT RATES             02/13/98
 ==============================================================================
 
 STREAM ID                             E            F          RF1           SL
        NAME
        PHASE                     LIQUID       LIQUID        MIXED       LIQUID
  
 FLUID RATES, KG-MOL/HR
    1  H2O                    3.6821E-05        .0225        .7882   1.9446E-03
    2  NH3                         .0000        .0000        .0000        .0000
    3  NC5                    1.5411E-03        .2250        .4310        .0268
    4  ISOOCTAN                    .0000        .0000        .0000        .0000
    5  PXYLENE                     .0000        .0000        .0000        .0000
    6  C1                     1.6723E-05        .0183       5.2484   1.5958E-03
    7  C2                     2.5154E-05        .0130        .8254   1.4447E-03
    8  C3                     1.4540E-04        .0547        .8527   5.5333E-03
    9  NC4                    6.8016E-04        .1829        .8516        .0177
   10  NC6                         .0000        .0000        .0000        .0000
   11  NC7                         .0000        .0000        .0000        .0000
   12  NC8                         .2265       1.4277       1.6781       1.4844
   13  NC9                         .2195        .1068        .1704       1.0807
   14  NC10                      38.4028        .0810        .0000     145.4126
   15  NC11                      39.2622   2.0783E-04        .0000     116.0314
   16  NC12                      39.6183   8.5596E-07        .0000      95.4565
   17  NC13                      22.7530   2.1981E-09        .0000      45.5769
   18  NC14                      13.7210   6.6833E-12        .0000      23.6242
   19  NC15                        .0911   2.4346E-16        .0000        .1386
   20  NC16                        .0000        .0000        .0000        .0000
   21  NC17                        .0000        .0000        .0000        .0000
   22  NC18                        .0000        .0000        .0000        .0000
   23  H2                     4.1666E-06   3.4130E-03      15.9127   6.8447E-04
   24  H2S                    1.2415E-05   4.1685E-03        .2007   5.9650E-04
   25  hp6                       11.0519        .0775        .0000      43.5971
   26  hp7                       30.3589   8.1259E-04        .0000      94.4777
   27  hp8                       55.3134   7.5701E-06        .0000     140.1949
   28  hp9                       45.1960   4.5713E-08        .0000      96.5053
   29  hp10                      42.9597   1.5014E-10        .0000      77.2787
   30  hp11                       2.9224   2.7310E-14        .0000       4.5335
   31  hp12                   5.0000E-04   5.1808E-18        .0000   7.7644E-04
   32  hp14                        .0000        .0000        .0000        .0000
   33  hp13                        .0000        .0000        .0000        .0000
   34  hp2                         .0146        .6462        .8005        .1636
   35  hp3                         .0000        .0000        .0000        .0000
   36  hp4                         .0000        .0000        .0000        .0000
   37  hp5                    4.5073E-03   6.8351E-03        .0000        .0237
   38  hp1                    1.7359E-03        .1889        .3412        .0274
 
 TOTAL RATE, KG-MOL/HR          342.1206       3.0600      28.1011     885.6643

 SIMULATION SCIENCES INC.          R                                  PAGE P-33
 PROJECT                     PRO/II  VERSION 4.17 ELEC V12               386/EM
 PROBLEM                                 OUTPUT                                
                              STREAM MOLAR COMPONENT RATES             02/13/98
 ==============================================================================
 
 STREAM ID                             E            F          RF1           SL
        NAME
        PHASE                     LIQUID       LIQUID        MIXED       LIQUID
  
 TEMPERATURE, C                 269.0688       6.0747      45.0000     261.3959
 PRESSURE, KG/CM2                 3.6500       3.1000      10.0000       3.6154
 ENTHALPY, M*KCAL/HR              9.2122   5.6331E-04        .0522      22.5173
 MOLECULAR WEIGHT               171.0954      98.0651      20.8999     166.4666
 MOLE FRAC VAPOR                   .0000        .0000        .8914        .0000
 MOLE FRAC LIQUID                 1.0000       1.0000        .1086       1.0000

 SIMULATION SCIENCES INC.          R                                  PAGE P-34
 PROJECT                     PRO/II  VERSION 4.17 ELEC V12               386/EM
 PROBLEM                                 OUTPUT                                
                              STREAM MOLAR COMPONENT RATES             02/13/98
 ==============================================================================
 
 STREAM ID                            SV           S1
        NAME
        PHASE                      VAPOR        MIXED
  
 FLUID RATES, KG-MOL/HR
    1  H2O                    1.9078E-03        .7882
    2  NH3                         .0000        .0000
    3  NC5                         .0253        .4310
    4  ISOOCTAN                    .0000        .0000
    5  PXYLENE                     .0000        .0000
    6  C1                     1.5791E-03       5.2487
    7  C2                     1.4195E-03        .8258
    8  C3                     5.3879E-03        .8527
    9  NC4                         .0170        .8516
   10  NC6                         .0000        .0000
   11  NC7                         .0000        .0000
   12  NC8                        1.2579       1.6782
   13  NC9                         .8613        .3267
   14  NC10                     107.0097      38.4839
   15  NC11                      76.7692      39.2624
   16  NC12                      55.8382      39.6183
   17  NC13                      22.8239      22.7530
   18  NC14                       9.9032      13.7210
   19  NC15                        .0475        .0911
   20  NC16                        .0000        .0000
   21  NC17                        .0000        .0000
   22  NC18                        .0000        .0000
   23  H2                     6.8030E-04      15.9127
   24  H2S                    5.8408E-04        .2007
   25  hp6                       32.5451      11.1296
   26  hp7                       64.1189      30.3597
   27  hp8                       84.8815      55.3134
   28  hp9                       51.3093      45.1960
   29  hp10                      34.3190      42.9597
   30  hp11                       1.6111       2.9224
   31  hp12                   2.7644E-04   5.0000E-04
   32  hp14                        .0000        .0000
   33  hp13                        .0000        .0000
   34  hp2                         .1490        .8005
   35  hp3                         .0000        .0000
   36  hp4                         .0000        .0000
   37  hp5                         .0192        .0114
   38  hp1                         .0257        .3412
 
 TOTAL RATE, KG-MOL/HR          543.5437     370.0806

 SIMULATION SCIENCES INC.          R                                  PAGE P-35
 PROJECT                     PRO/II  VERSION 4.17 ELEC V12               386/EM
 PROBLEM                                 OUTPUT                                
                              STREAM MOLAR COMPONENT RATES             02/13/98
 ==============================================================================
 
 STREAM ID                            SV           S1
        NAME
        PHASE                      VAPOR        MIXED
  
 TEMPERATURE, C                 269.0688     133.0619
 PRESSURE, KG/CM2                 3.6500       7.2000
 ENTHALPY, M*KCAL/HR             18.8050       4.0483
 MOLECULAR WEIGHT               163.5532     159.7239
 MOLE FRAC VAPOR                  1.0000        .0512
 MOLE FRAC LIQUID                  .0000        .9488

 SIMULATION SCIENCES INC.          R                                  PAGE P-36
 PROJECT                     PRO/II  VERSION 4.17 ELEC V12               386/EM
 PROBLEM                                 OUTPUT                                
                                     STREAM SUMMARY                    02/13/98
 ==============================================================================
 
 STREAM ID                             A            C            D           DD
        NAME
        PHASE                     LIQUID        MIXED        VAPOR        VAPOR
  
 -----  TOTAL STREAM  -----
 RATE, KG-MOL/HR                 341.980      370.081       24.900      158.619
       K*KG/HR                    58.523       59.111         .275       13.388
 STD LIQ RATE, M3/HR              75.849       77.319        1.024       19.681
 TEMPERATURE, C                  134.000      180.000        6.075      152.181
 PRESSURE, KG/CM2                  7.200        7.200        3.100        3.200
 MOLECULAR WEIGHT                171.131      159.724       11.061       84.406
 ENTHALPY, M*KCAL/HR               3.996        5.788    3.529E-02        2.098
           KCAL/KG                68.282       97.912      128.147      156.735
 MOLE FRACTION LIQUID             1.0000        .9447        .0000        .0000
 REDUCED TEMP (KAYS RULE)          .6150        .7251       2.1857        .9000
         PRES (KAYS RULE)          .3622        .3476        .1007        .1006
 ACENTRIC FACTOR                   .5295        .4848       -.1085        .2548
 WATSON K (UOPK)                  12.399       12.432       19.425       12.597
 STD LIQ DENSITY, KG/M3          771.576      764.508      268.918      680.265
         SPECIFIC GRAVITY          .7723        .7653        .2692        .6809
         API GRAVITY              51.710       53.404      394.164       76.302
 
 --------  VAPOR  ---------
 RATE, KG-MOL/HR                     N/A       20.472       24.900      158.619
       K*KG/HR                       N/A         .410         .275       13.388
       K*M3/HR                       N/A         .109         .190        1.677
 NORM VAP RATE(1), K*M3/HR           N/A         .459         .558        3.555
 SPECIFIC GRAVITY (AIR=1.0)          N/A         .692         .382        2.914
 MOLECULAR WEIGHT                    N/A       20.036       11.062       84.406
 ENTHALPY, KCAL/KG                   N/A      219.368      128.132      156.735
 CP, KCAL/KG-C                       N/A         .752         .776         .529
 DENSITY, KG/K*M3                    N/A     3756.184     1451.517     7982.947
 Z (FROM DENSITY)                    N/A        .9996        .9979        .9382
 TH COND, KCAL/HR-M-C                N/A       .10901       .07483       .02665
 VISCOSITY, CP                       N/A       .02074       .00889       .00895
 
 --------  LIQUID  --------
 RATE, KG-MOL/HR                 341.980      349.608          N/A          N/A
       K*KG/HR                    58.523       58.701          N/A          N/A
       M3/HR                      84.460       90.048          N/A          N/A
       GAL/MIN                   371.866      396.468          N/A          N/A
 STD LIQ RATE, M3/HR              75.849       76.273          N/A          N/A
 SPECIFIC GRAVITY (H2O=1.0)        .7723        .7704          N/A          N/A
 MOLECULAR WEIGHT                171.131      167.904          N/A          N/A
 ENTHALPY, KCAL/KG                68.282       97.063          N/A          N/A
 CP, KCAL/KG-C                      .617         .653          N/A          N/A
 DENSITY, KG/M3                  692.913      651.882          N/A          N/A
 Z (FROM DENSITY)                  .0515        .0483          N/A          N/A
 SURFACE TENSION, DYNE/CM        16.8468      12.9845          N/A          N/A
 THERMAL COND, KCAL/HR-M-C        .08801       .07997          N/A          N/A
 VISCOSITY, CP                    .38574       .25784          N/A          N/A
 
  (1) NORMAL VAPOR VOLUME IS 22.414 M3/KG-MOLE (0 C AND 1 ATM)

 SIMULATION SCIENCES INC.          R                                  PAGE P-37
 PROJECT                     PRO/II  VERSION 4.17 ELEC V12               386/EM
 PROBLEM                                 OUTPUT                                
                                     STREAM SUMMARY                    02/13/98
 ==============================================================================
 
 STREAM ID                             E            F          RF1           SL
        NAME
        PHASE                     LIQUID       LIQUID        MIXED       LIQUID
  
 -----  TOTAL STREAM  -----
 RATE, KG-MOL/HR                 342.121        3.060       28.101      885.664
       K*KG/HR                    58.535         .300         .587      147.434
 STD LIQ RATE, M3/HR              75.868         .427        1.469      192.100
 TEMPERATURE, C                  269.069        6.075       45.000      261.396
 PRESSURE, KG/CM2                  3.650        3.100       10.000        3.615
 MOLECULAR WEIGHT                171.095       98.065       20.900      166.467
 ENTHALPY, M*KCAL/HR               9.212    5.633E-04    5.221E-02       22.517
           KCAL/KG               157.378        1.877       88.896      152.728
 MOLE FRACTION LIQUID             1.0000       1.0000        .1086       1.0000
 REDUCED TEMP (KAYS RULE)          .8192        .5202       1.8260        .8157
         PRES (KAYS RULE)          .1836        .0968        .3236        .1786
 ACENTRIC FACTOR                   .5294        .3225       -.0593        .5190
 WATSON K (UOPK)                  12.399       12.454       15.736       12.410
 STD LIQ DENSITY, KG/M3          771.545      702.847      399.688      767.484
         SPECIFIC GRAVITY          .7723        .7035        .4001        .7682
         API GRAVITY              51.717       69.625      222.177       52.687
 
 --------  VAPOR  ---------
 RATE, KG-MOL/HR                     N/A          N/A       25.050          N/A
       K*KG/HR                       N/A          N/A         .294          N/A
       K*M3/HR                       N/A          N/A    6.736E-02          N/A
 NORM VAP RATE(1), K*M3/HR           N/A          N/A         .561          N/A
 SPECIFIC GRAVITY (AIR=1.0)          N/A          N/A         .405          N/A
 MOLECULAR WEIGHT                    N/A          N/A       11.721          N/A
 ENTHALPY, KCAL/KG                   N/A          N/A      154.098          N/A
 CP, KCAL/KG-C                       N/A          N/A         .791          N/A
 DENSITY, KG/K*M3                    N/A          N/A     4358.931          N/A
 Z (FROM DENSITY)                    N/A          N/A        .9969          N/A
 TH COND, KCAL/HR-M-C                N/A          N/A       .08405          N/A
 VISCOSITY, CP                       N/A          N/A       .01688          N/A
 
 --------  LIQUID  --------
 RATE, KG-MOL/HR                 342.121        3.060        3.051      885.664
       K*KG/HR                    58.535         .300         .294      147.434
       M3/HR                     103.325         .422         .436      259.797
       GAL/MIN                   454.925        1.859        1.918     1143.850
 STD LIQ RATE, M3/HR              75.868         .427         .421      192.100
 SPECIFIC GRAVITY (H2O=1.0)        .7723        .7035        .6985        .7682
 MOLECULAR WEIGHT                171.095       98.065       96.252      166.467
 ENTHALPY, KCAL/KG               157.378        1.877       23.710      152.728
 CP, KCAL/KG-C                      .740         .540         .565         .735
 DENSITY, KG/M3                  566.517      710.605      674.236      567.495
 Z (FROM DENSITY)                  .0240        .0181        .0529        .0234
 SURFACE TENSION, DYNE/CM         6.7557      22.2741      18.2120       6.8997
 THERMAL COND, KCAL/HR-M-C        .06399       .11207       .10174       .06502
 VISCOSITY, CP                    .13988       .50050       .31662       .14164
 
  (1) NORMAL VAPOR VOLUME IS 22.414 M3/KG-MOLE (0 C AND 1 ATM)

 SIMULATION SCIENCES INC.          R                                  PAGE P-38
 PROJECT                     PRO/II  VERSION 4.17 ELEC V12               386/EM
 PROBLEM                                 OUTPUT                                
                                     STREAM SUMMARY                    02/13/98
 ==============================================================================
 
 STREAM ID                            SV           S1
        NAME
        PHASE                      VAPOR        MIXED
  
 -----  TOTAL STREAM  -----
 RATE, KG-MOL/HR                 543.544      370.081
       K*KG/HR                    88.898       59.111
 STD LIQ RATE, M3/HR             116.232       77.319
 TEMPERATURE, C                  269.069      133.062
 PRESSURE, KG/CM2                  3.650        7.200
 MOLECULAR WEIGHT                163.553      159.724
 ENTHALPY, M*KCAL/HR              18.805        4.048
           KCAL/KG               211.534       68.487
 MOLE FRACTION LIQUID              .0000        .9488
 REDUCED TEMP (KAYS RULE)          .8327        .6500
         PRES (KAYS RULE)          .1784        .3476
 ACENTRIC FACTOR                   .5123        .4848
 WATSON K (UOPK)                  12.418       12.432
 STD LIQ DENSITY, KG/M3          764.834      764.508
         SPECIFIC GRAVITY          .7656        .7653
         API GRAVITY              53.325       53.404
 
 --------  VAPOR  ---------
 RATE, KG-MOL/HR                 543.544       18.963
       K*KG/HR                    88.898         .185
       K*M3/HR                     5.938    9.093E-02
 NORM VAP RATE(1), K*M3/HR        12.183         .425
 SPECIFIC GRAVITY (AIR=1.0)        5.647         .337
 MOLECULAR WEIGHT                163.553        9.758
 ENTHALPY, KCAL/KG               211.534      239.541
 CP, KCAL/KG-C                      .624         .983
 DENSITY, KG/K*M3              14970.463     2035.064
 Z (FROM DENSITY)                  .8674       1.0024
 TH COND, KCAL/HR-M-C             .02575       .12001
 VISCOSITY, CP                    .00926       .01583
 
 --------  LIQUID  --------
 RATE, KG-MOL/HR                     N/A      351.117
       K*KG/HR                       N/A       58.926
       M3/HR                         N/A       85.406
       GAL/MIN                       N/A      376.031
 STD LIQ RATE, M3/HR                 N/A       76.572
 SPECIFIC GRAVITY (H2O=1.0)          N/A        .7703
 MOLECULAR WEIGHT                    N/A      167.823
 ENTHALPY, KCAL/KG                   N/A       67.950
 CP, KCAL/KG-C                       N/A         .618
 DENSITY, KG/M3                      N/A      689.947
 Z (FROM DENSITY)                    N/A        .0509
 SURFACE TENSION, DYNE/CM            N/A      16.6341
 THERMAL COND, KCAL/HR-M-C           N/A       .08809
 VISCOSITY, CP                       N/A       .37238
 
  (1) NORMAL VAPOR VOLUME IS 22.414 M3/KG-MOLE (0 C AND 1 ATM)

$ Generated by PRO/II Keyword Generation System <version 2.71 - 02-14-95>
$ Generated on: Wed May 20 10:25:54 1998
TITLE PROJECT=QJIANG, PROBLEM=SWSU, USER=SUN, DATE=JUNE-2-1993
  PRINT INPUT=NONE, RATE=WT, PERCENT=WT, MBALANCE, WIDTH=132
  TOLERANCE PRESSURE=0.001, TEMPERATURE=-0.001, DUTY=0.001, &
         STREAM=0.001,-0.01,0.001,0.001
  DIMENSION METRIC, XDENSITY=SPGR
  SEQUENCE PROCESS
  CALCULATION TRIALS=15, RVPBASIS=APIN, TVP=37.778, RECYCLE=ALL
COMPONENT DATA
  LIBID 1,H2O/2,H2S/3,NH3/4,CO2
THERMODYNAMIC DATA
  METHOD SYSTEM=SOUR, TRANSPORT=PURE, SET=SOUR01, DEFAULT
  METHOD SYSTEM=SRKS, SET=SRKS01
STREAM DATA
  PROPERTY STREAM=F1, TEMPERATURE=40, PRESSURE=5, PHASE=M, &
         RATE(WT)=20000, COMPOSITION(WT)=1,0.999306/2,0.0002424/ &
        3,0.00045151
  PROPERTY STREAM=SF1, TEMPERATURE=200, PRESSURE=8, PHASE=M, &
         COMPOSITION(WT,KG/H)=1,3500
UNIT OPERATIONS
  FLASH UID=V01
      FEED F1
      PRODUCT  V=FG1, L=FL1
      ISO  TEMPERATURE=40, PRESSURE=4.8
  VALVE UID=CV1
      FEED FL1
      PRODUCT  M=FL2
      OPERATION PRESSURE=1
  PUMP UID=P01
      FEED FL2
      PRODUCT  L=FL3
      OPERATION EFF=60, DP=12
  VALVE UID=CV2
      FEED FL3
      PRODUCT  M=FL4
      OPERATION PRESSURE=10
  HX   UID=ER01, NAME=SW-PW EXCH. PLOT
      COLD FEED=FL4, M=FL5, DP=0.4
      OPER CTEMP=100
  FLASH UID=FLA2
      FEED FL5
      PRODUCT  V=FG2, L=SW
      ADIABATIC
  COLUMN UID=T01
      PARAMETER TRAY=12,SURE=40 CAVE=2
      FEED SW,2/SF1,12
      PRODUCT  OVHD(M)=AG,1.8, BTMS(M)=PW
      DUTY 1,1,-1.1
      PSPEC PTOP=2, DPCOLUMN=0.37
      PRINT PROPTABLE=ALL
      TEMPERATURE 1,85/2,113.7/3,116.6/4,118.5/5,119.9/6,121/7,121.9/ &
                8,122.7/9,123.3/10,123.9/11,124.5/12,125
      VAPOR(M) 1,1.8/2,106.1/3,126/4,126.9/5,127.5/6,128.2/7,128.9/ &
                8,129.6/9,130.4/10,131.1/11,131.9/12,132.7
      LIQUID(L,M) 1,104.2/2,817.402/3,818.302/4,818.899/5,819.5/ &
                6,820.199/7,821.002/8,821.801/9,822.499/10,823.1/ &
                11,824.101/12,813.802
      SPEC STREAM=PW,PPM, COMP=3, VALUE=50, ATOLER=10
      SPEC COLUMN=T01, TRAY=1, TEMPERATURE(C), VALUE=85
      VARY DUTY=1
      VARY FEED=SF1
      TOLERANCE COMPONENT=0.005
      TRATE SECTION(1)=1,12,V1, PASSES=1, SF=0.75, &
                 SPACING(TRAY,IN)=17.7165, DIAMETER(TRAY)=900, &
                 DIAMETER(VALVE,IN)=1.875, WEIR=50.8, DCC=38.1
      TFLOW NET(V)=FFV,2
      METHOD SET=SOUR01
  VALVE UID=CV3
      FEED AG
      PRODUCT  M=AG1
      OPERATION PRESSURE=1.7
  HX   UID=E01, NAME=SW-PW EXCH. PLOT
      HOT  FEED=PW, L=PW1, DP=0.2
      DEFINE DUTY(KC/H) AS  HX=ER01, DUTY(KC/H), TIMES,1
  VALVE UID=CV4
      FEED PW1
      PRODUCT  L=PW2
      OPERATION PRESSURE=1.5
  HX   UID=E03, NAME=PW COOLER, PLOT
      HOT  FEED=PW2, L=PW3, DP=0.4
      UTILITY WATER, TIN=30, TEMPERATURE=40
      CONFIGURE COUNTER
      OPER HTEMP=40
  HCURVE UID=HC1
      ISOTHERMAL STREAM=FFV, TEMP=115,80, PRES=2,1.8, POINTS=20
  HCURVE UID=Z001
      ISOTHERMAL HX=ER01,COLD, POINTS=10
  HCURVE UID=Z002
      ISOTHERMAL COLUMN=T01, HEAT=1, POINTS=10
  HCURVE UID=Z003
      ISOTHERMAL HX=E01,HOT, POINTS=10
      ADIABATIC HX=E01,HOT, POINTS=10
  HCURVE UID=Z004
      ISOTHERMAL HX=E03,HOT, POINTS=10
      ADIABATIC HX=E03,HOT, POINTS=10
END

 SIMULATION SCIENCES INC.                                     R                                                            PAGE H-1
 PROJECT  QJIANG                                        PRO/II  VERSION 4.17                                                 386/EM
 PROBLEM  SWSU                                              CALCULATION                                                         SUN
                                                              HISTORY                                                   JUNE-2-1993
 ==================================================================================================================================
 
 *** PROBLEM SOLUTION BEGINS
     FEED FLASH    COMPLETE
     UNIT    1     SOLVED   - 'V01         '
     UNIT    2     SOLVED   - 'CV1         '
     UNIT    3     SOLVED   - 'P01         '
     UNIT    4     SOLVED   - 'CV2         '
     UNIT    5     SOLVED   - 'ER01        '
     UNIT    7     SOLVED   - 'FLA2        '
 ** WARNING **  UNIT 8, 'T01' - STREAM AG - THE GIVEN FIXED STREAM RATE (.7019)
                AND THE PRODUCT RATE ESTIMATE (1.8) WERE DIFFERENT, SO THE RATE
                ESTIMATE HAS BEEN CHANGED TO .7019.
 ** WARNING **  UNIT 8, 'T01' - STREAM AG - THE GIVEN PRODUCT RATE ESTIMATE
                (.7019) AND THE RATE ESTIMATE OF VAPOR LEAVING THE TOP TRAY
                (1.8) ARE DIFFERENT, SO THE LATTER HAS BEEN CHANGED TO .7019.
 ** WARNING **  UNIT 8, 'T01' - STREAM PW - THE GIVEN PRODUCT RATE ESTIMATE
                (1291.8) AND THE RATE ESTIMATE OF LIQUID LEAVING THE BOTTOM
                TRAY (813.8) ARE DIFFERENT, SO THE LATTER HAS BEEN CHANGED TO
                1291.8.
      ITER, ALFA, ALFA MAX, ERROR SUM =   1   .121E+00   .442E+00   .142E+02
      ERROR( H, E, M ) =   -.94E+00   -.36E+01    .22E+02
      ITER, ALFA, ALFA MAX, ERROR SUM =   2   .865E-02   .865E-02   .662E+01
      ERROR( H, E, M ) =   -.87E+00   -.17E+01    .13E+02
      ITER, ALFA, ALFA MAX, ERROR SUM =   3   .734E-02   .734E-02   .267E+01
      ERROR( H, E, M ) =   -.81E+00    .46E+00    .71E+01
      ITER, ALFA, ALFA MAX, ERROR SUM =   4   .109E-01   .109E-01   .200E+01
      ERROR( H, E, M ) =   -.66E+00    .50E+00    .18E+01
      ITER, ALFA, ALFA MAX, ERROR SUM =   5   .170E+00   .170E+00   .153E+01
      ERROR( H, E, M ) =   -.52E+00    .36E+00    .49E+00
      ITER, ALFA, ALFA MAX, ERROR SUM =   6   .294E+00   .294E+00   .103E+01
      ERROR( H, E, M ) =   -.35E+00    .23E+00   -.17E+00
      ITER, ALFA, ALFA MAX, ERROR SUM =   7   .590E+00   .590E+00   .361E+00
      ERROR( H, E, M ) =   -.12E+00    .61E-01   -.26E-01
      ITER, ALFA, ALFA MAX, ERROR SUM =   8   .100E+01   .100E+01   .371E-01
      ERROR( H, E, M ) =   -.98E-02    .62E-02   -.62E-02
      ITER, ALFA, ALFA MAX, ERROR SUM =   9   .100E+01   .100E+01   .698E-02
      ERROR( H, E, M ) =   -.25E-02    .98E-03   -.99E-03
     UNIT    8     SOLVED   - 'T01         '
     UNIT   11     SOLVED   - 'CV3         '
     UNIT   12     SOLVED   - 'E01         '
     UNIT   14     SOLVED   - 'CV4         '
     UNIT   15     SOLVED   - 'E03         '
 *** PROBLEM SOLUTION REACHED
  
 *** PERFORMING OUTPUT TIME CALCULATIONS
     UNIT    5 - 'ER01        '
     UNIT   12 - 'E01         '
     UNIT   15 - 'E03         '
     UNIT    6 - 'Z001        '
     UNIT    9 - 'Z002        '
     UNIT   10 - 'HC1         '
     UNIT   13 - 'Z003        '
     UNIT   16 - 'Z004        '

 SIMULATION SCIENCES INC.                                     R                                                            PAGE H-2
 PROJECT  QJIANG                                        PRO/II  VERSION 4.17                                                 386/EM
 PROBLEM  SWSU                                              CALCULATION                                                         SUN
                                                              HISTORY                                                   JUNE-2-1993
 ==================================================================================================================================
 
 *** SIMSCI ROYALTY FOR THIS PROBLEM IS 110.00 PRO/II CHARGE UNITS
  
 *** RUN STATISTICS
     STARTED    10:25:39 05/20/98          NO ERRORS
     FINISHED   10:25:46 05/20/98           3 WARNINGS
     RUN TIMES                             NO MESSAGES
       INTERACTIVE     0 MIN,  2.86 SEC
       CALCULATIONS    0 MIN,  4.17 SEC
       TOTAL           0 MIN,  7.03 SEC

 SIMULATION SCIENCES INC.                                     R                                                            PAGE I-1
 PROJECT  QJIANG                                        PRO/II  VERSION 4.17                                                 386/EM
 PROBLEM  SWSU                                                 OUTPUT                                                           SUN
                                                               INDEX                                                    JUNE-2-1993
 ==================================================================================================================================
 
  PAGE    CONTENTS
 ------  ----------------------------------------------------------------
     1   PLANT MATERIAL BALANCE
     2   FLASH DRUM SUMMARY
     3   VALVE SUMMARY
         PUMP SUMMARY
     4     UNIT 3, 'P01'
         HEAT EXCHANGER SUMMARY
     5     UNIT 5, 'ER01', 'SW-PW EXCH. PLOT'
     5     UNIT 12, 'E01', 'SW-PW EXCH. PLOT'
     6     UNIT 15, 'E03', 'PW COOLER'
         COLUMN SUMMARY
     7     UNIT 8, 'T01'
     9       TRAY RATES AND DENSITIES
    10       TRAY TRANSPORT PROPERTIES
    11       TRAY ENTHALPIES
    12       TRAY RATING
         HEATING/COOLING CURVE
    14     UNIT 6, 'Z001'
    15     UNIT 9, 'Z002'
    16     UNIT 10, 'HC1'
    18     UNIT 13, 'Z003'
    20     UNIT 16, 'Z004'
    23   STREAM WEIGHT COMPONENT RATES
    24   STREAM WEIGHT COMPONENT PERCENTS
    25   STREAM SUMMARY

 SIMULATION SCIENCES INC.                                     R                                                            PAGE P-1
 PROJECT  QJIANG                                        PRO/II  VERSION 4.17                                                 386/EM
 PROBLEM  SWSU                                                 OUTPUT                                                           SUN
                                                       PLANT MATERIAL BALANCE                                           JUNE-2-1993
 ==================================================================================================================================
 
 FEED STREAMS:     F1                  SF1
 
 PRODUCT STREAMS:  FG1                 FG2                 AG1
                   PW3
 
 
 OVERALL PLANT MOLAR BALANCE
 
                          ---------------- KG-MOL/HR ----------------  PERCENT
        COMPONENT            FEED     +REACTION  -PRODUCT  =DEVIATION    DEV
   ---------------------  ---------- ---------- ---------- ----------  -------
     1  H2O                 1309.155       .000   1309.154       .000      .00
     2  H2S                     .142       .000       .142       .000      .00
     3  NH3                     .530       .000       .530       .000      .00
     4  CO2                     .000       .000       .000       .000      .00
 
        TOTAL               1309.827       .000   1309.827       .000      .00
 
 
 OVERALL PLANT MASS BALANCE
 
                          ------------------ KG/HR ------------------  PERCENT
        COMPONENT            FEED     +REACTION  -PRODUCT  =DEVIATION    DEV
   ---------------------  ---------- ---------- ---------- ----------  -------
     1  H2O                 23584.42        .00   23584.42        .00      .00
     2  H2S                     4.85        .00       4.85        .00      .00
     3  NH3                     9.03        .00       9.03        .00      .00
     4  CO2                      .00        .00        .00        .00      .00
 
        TOTAL               23598.30        .00   23598.30        .00      .00

 SIMULATION SCIENCES INC.                                     R                                                            PAGE P-2
 PROJECT  QJIANG                                        PRO/II  VERSION 4.17                                                 386/EM
 PROBLEM  SWSU                                                 OUTPUT                                                           SUN
                                                         FLASH DRUM SUMMARY                                             JUNE-2-1993
 ==================================================================================================================================
 
 FLASH ID                            V01         FLA2
       NAME
  
       FEEDS                          F1          FL5
 
       PRODUCTS VAPOR                FG1          FG2
                LIQUID               FL1           SW
 
 TEMPERATURE, C                   40.000      100.000
 PRESSURE, KG/CM2                  4.800        9.600
 PRESSURE DROP, KG/CM2              .200         .000
 MOLE FRAC VAPOR                  .00000       .00000
 MOLE FRAC LIQUID                1.00000      1.00000
 DUTY, M*KCAL/HR                  .00000       .00000
 FLASH TYPE                   ISOTHERMAL  ADIABATIC-P

 SIMULATION SCIENCES INC.                                     R                                                            PAGE P-3
 PROJECT  QJIANG                                        PRO/II  VERSION 4.17                                                 386/EM
 PROBLEM  SWSU                                                 OUTPUT                                                           SUN
                                                           VALVE SUMMARY                                                JUNE-2-1993
 ==================================================================================================================================
 
 VALVE ID                            CV1          CV2          CV3          CV4
       NAME
  
       FEEDS                         FL1          FL3           AG          PW1
 
       PRODUCTS VAPOR                                          AG1
                LIQUID               FL2          FL4                       PW2
 
 TEMPERATURE, C                   40.000       40.474       85.007       74.875
 PRESSURE, KG/CM2                  1.000       10.000        1.700        1.500
 PRESSURE DROP, KG/CM2             3.800        3.000         .300         .670
 MOLE FRAC VAPOR                  .00000       .00000      1.00000       .00000
 MOLE FRAC LIQUID                1.00000      1.00000       .00000      1.00000

 SIMULATION SCIENCES INC.                                     R                                                            PAGE P-4
 PROJECT  QJIANG                                        PRO/II  VERSION 4.17                                                 386/EM
 PROBLEM  SWSU                                                 OUTPUT                                                           SUN
                                                            PUMP SUMMARY                                                JUNE-2-1993
 ==================================================================================================================================
 
                                                           UNIT 3, 'P01'
 
 FEEDS                               FL2
 
 PRODUCTS LIQUID                     FL3
 
 
 OPERATING CONDITIONS
 
                                    INLET       OUTLET
                              -----------  -----------
  TEMPERATURE, C                    40.00        40.47
  PRESSURE, KG/CM2                   1.00        13.00
  MOLE FRAC VAPOR                   .0000        .0000
  MOLE FRAC LIQUID                 1.0000       1.0000
  ACT FLOW RATE, M3/HR            20.2009      20.2047
  EFFICIENCY, PERCENT                          60.0000
  HEAD, M                                     121.2879
  WORK, KW                                     11.0058

 SIMULATION SCIENCES INC.                                     R                                                            PAGE P-5
 PROJECT  QJIANG                                        PRO/II  VERSION 4.17                                                 386/EM
 PROBLEM  SWSU                                                 OUTPUT                                                           SUN
                                                       HEAT EXCHANGER SUMMARY                                           JUNE-2-1993
 ==================================================================================================================================
 
                                                 UNIT 5, 'ER01', 'SW-PW EXCH. PLOT'
 
 OPERATING CONDITIONS
 
      DUTY, M*KCAL/HR                           1.192
 
 
 COLD SIDE CONDITIONS                           INLET       OUTLET
                                          -----------  -----------
      FEED                                        FL4
      LIQUID PRODUCT                                           FL5
      LIQUID, KG-MOL/HR                      1110.088     1110.088
              K*KG/HR                          20.000       20.000
          CP, KCAL/KG-C                          .998        1.008
       TOTAL, KG-MOL/HR                      1110.088     1110.088
              K*KG/HR                          20.000       20.000
      CONDENSATION, KG-MOL/HR                                 .000
       TEMPERATURE, C                          40.474      100.000
       PRESSURE, KG/CM2                        10.000        9.600
 
 -  -  -  -  -  -  -  -  -  -  -  -  -  -  -  -  -  -  -  -  -  -  -  -  -  -  -  -  -  -  -  -  -  -  -  -  -  -  -  -  -  -  -  -
 
                                                 UNIT 12, 'E01', 'SW-PW EXCH. PLOT'
 
 OPERATING CONDITIONS
 
      DUTY, M*KCAL/HR                           1.192
 
 
 HOT SIDE CONDITIONS                            INLET       OUTLET
                                          -----------  -----------
      FEED                                         PW
      LIQUID PRODUCT                                           PW1
      LIQUID, KG-MOL/HR                      1309.031     1309.031
              K*KG/HR                          23.582       23.582
          CP, KCAL/KG-C                         1.017        1.001
       TOTAL, KG-MOL/HR                      1309.031     1309.031
              K*KG/HR                          23.582       23.582
      CONDENSATION, KG-MOL/HR                                 .000
       TEMPERATURE, C                         125.017       74.875
       PRESSURE, KG/CM2                         2.370        2.170

 SIMULATION SCIENCES INC.                                     R                                                            PAGE P-6
 PROJECT  QJIANG                                        PRO/II  VERSION 4.17                                                 386/EM
 PROBLEM  SWSU                                                 OUTPUT                                                           SUN
                                                       HEAT EXCHANGER SUMMARY                                           JUNE-2-1993
 ==================================================================================================================================
 
                                                    UNIT 15, 'E03', 'PW COOLER'
 
 OPERATING CONDITIONS
 
      DUTY, M*KCAL/HR                            .821
      LMTD, C                                  19.913
      F FACTOR (FT)                             1.000
      MTD, C                                   19.913
      U*A, KCAL/HR-C                        41249.676
 
 
 HOT SIDE CONDITIONS                            INLET       OUTLET
                                          -----------  -----------
      FEED                                        PW2
      LIQUID PRODUCT                                           PW3
      LIQUID, KG-MOL/HR                      1309.031     1309.031
              K*KG/HR                          23.582       23.582
          CP, KCAL/KG-C                         1.001         .998
       TOTAL, KG-MOL/HR                      1309.031     1309.031
              K*KG/HR                          23.582       23.582
      CONDENSATION, KG-MOL/HR                                 .000
       TEMPERATURE, C                          74.875       40.000
       PRESSURE, KG/CM2                         1.500        1.100
 
 COLD SIDE CONDITIONS                           INLET       OUTLET
                                          -----------  -----------
      COOLING WATER, KG/HR                  82140.723    82140.723
      TEMPERATURE, C                           30.000       40.000

 SIMULATION SCIENCES INC.                                     R                                                            PAGE P-7
 PROJECT  QJIANG                                        PRO/II  VERSION 4.17                                                 386/EM
 PROBLEM  SWSU                                                 OUTPUT                                                           SUN
                                                           COLUMN SUMMARY                                               JUNE-2-1993
 ==================================================================================================================================
 
                                                           UNIT 8, 'T01'
 
 TOTAL NUMBER OF ITERATIONS
 
     SURE   METHOD      9
 
 
 COLUMN SUMMARY
 
                            ---------- NET FLOW RATES -----------     HEATER
   TRAY    TEMP   PRESSURE   LIQUID    VAPOR    FEED     PRODUCT      DUTIES
           DEG C   KG/CM2                KG-MOL/HR                  M*KCAL/HR
  ------  ------- --------  -------- -------- --------- ---------  ------------
       1     85.0     2.00     163.0                          .8V       -1.4869
       2    114.9     2.03    1311.2    163.8   1110.1L
       3    117.2     2.07    1311.7    201.9
       4    119.0     2.10    1312.4    202.4
       5    120.3     2.13    1313.2    203.1
       6    121.3     2.17    1314.2    204.0
       7    122.2     2.20    1315.3    204.9
       8    122.8     2.24    1316.4    206.0
       9    123.5     2.27    1317.5    207.1
      10    124.0     2.30    1318.6    208.2
      11    124.5     2.34    1319.7    209.3
      12    125.0     2.37              210.4    199.7V   1309.0L
 
 
 FEED AND PRODUCT STREAMS
 
  TYPE     STREAM    PHASE   FROM  TO   LIQUID        FLOW RATES    HEAT RATES
                             TRAY TRAY   FRAC         KG-MOL/HR     M*KCAL/HR
  ----- ------------ ------  ---- ----  ------       ------------  ------------
  FEED  SW           LIQUID          2  1.0000            1110.09        2.0003
  FEED  SF1          VAPOR          12   .0000             199.74        2.4477
  PROD  AG           VAPOR      1                             .80         .0056
  PROD  PW           LIQUID    12                         1309.03        2.9555
 
 
 PSEUDO PRODUCT STREAMS
 
    TYPE   STREAM  PHASE   FROM   TO    LIQUID        FLOW RATES    HEAT RATES
                             TRAY TRAY   FRAC         KG-MOL/HR     M*KCAL/HR
  ----- ------------ ------  ---- ----  ------       ------------  ------------
  NET   FFV          VAPOR      2                          163.79        1.7457
 
  OVERALL MOLE BALANCE, (FEEDS - PRODUCTS)                    .00
  OVERALL HEAT BALANCE, (H(IN) - H(OUT)  )                          -6.1385E-06

 SIMULATION SCIENCES INC.                                     R                                                            PAGE P-8
 PROJECT  QJIANG                                        PRO/II  VERSION 4.17                                                 386/EM
 PROBLEM  SWSU                                                 OUTPUT                                                           SUN
                                                           COLUMN SUMMARY                                               JUNE-2-1993
 ==================================================================================================================================
 
                                                       UNIT 8, 'T01'  (CONT)
 
 SPECIFICATIONS
 
      PARAMETER      TRAY   COMP   SPECIFICATION  SPECIFIED   CALCULATED
        TYPE          NO     NO        TYPE         VALUE       VALUE
  -----------------  ----  ------  -------------  ----------  ----------
  STRM PW              12       3  MOL PPM         5.000E+01   5.203E+01
  TRAY LIQ              1          TEMPERATURE     8.500E+01   8.500E+01

 SIMULATION SCIENCES INC.                                     R                                                            PAGE P-9
 PROJECT  QJIANG                                        PRO/II  VERSION 4.17                                                 386/EM
 PROBLEM  SWSU                                                 OUTPUT                                                           SUN
                                                           COLUMN SUMMARY                                               JUNE-2-1993
 ==================================================================================================================================
 
                                                       UNIT 8, 'T01'  (CONT)
 
 TRAY NET VAPOR RATES AND DENSITIES
 
                                          --------------- RATES ---------------
  TRAY     MW     ACTUAL DENS   Z FROM                   NORMAL       ACTUAL
                     KG/M3      DENSITY     K*KG/HR      K*M3/HR      K*M3/HR
  ----  --------  ------------  --------  -----------  -----------  -----------
     1    20.233       1.34851    .98825    1.612E-02    1.785E-02    1.195E-02
     2    18.445       1.15625    .98592        3.021        3.671        2.613
     3    18.184       1.15237    .98558        3.672        4.526        3.187
     4    18.095       1.16051    .98533        3.663        4.537        3.156
     5    18.057       1.17288    .98512        3.667        4.552        3.127
     6    18.038       1.18725    .98493        3.679        4.571        3.099
     7    18.028       1.20270    .98474        3.695        4.593        3.072
     8    18.022       1.21878    .98455        3.713        4.617        3.046
     9    18.019       1.23523    .98436        3.732        4.642        3.021
    10    18.017       1.25190    .98418        3.751        4.667        2.996
    11    18.016       1.26869    .98400        3.771        4.691        2.972
    12    18.015       1.28557    .98382        3.791        4.716        2.949
 
 
 TRAY NET LIQUID RATES AND DENSITIES
 
                                          --------------- RATES ---------------
  TRAY     MW     ACTUAL DENS   Z FROM                   STD LIQ      ACTUAL
                     KG/M3      DENSITY     K*KG/HR       M3/HR        M3/HR
  ----  --------  ------------  --------  -----------  -----------  -----------
     1    18.436       832.633    .00146        3.005        3.283        3.609
     2    18.041       923.406    .00121       23.656       23.925       25.618
     3    18.027       930.004    .00121       23.647       23.835       25.427
     4    18.021       934.308    .00122       23.651       23.783       25.314
     5    18.019       937.040    .00123       23.663       23.758       25.253
     6    18.017       938.683    .00124       23.678       23.750       25.225
     7    18.016       939.591    .00126       23.696       23.753       25.220
     8    18.016       940.020    .00128       23.715       23.763       25.229
     9    18.015       940.142    .00129       23.735       23.776       25.246
    10    18.015       940.072    .00131       23.755       23.793       25.269
    11    18.015       939.882    .00133       23.775       23.811       25.295
    12    18.015       939.620    .00135       23.582       23.617       25.098

 SIMULATION SCIENCES INC.                                     R                                                           PAGE P-10
 PROJECT  QJIANG                                        PRO/II  VERSION 4.17                                                 386/EM
 PROBLEM  SWSU                                                 OUTPUT                                                           SUN
                                                           COLUMN SUMMARY                                               JUNE-2-1993
 ==================================================================================================================================
 
                                                       UNIT 8, 'T01'  (CONT)
 
 TRAY STANDARD LIQUID DENSITIES
 
  TRAY  ------ DENSITY -------  -------- API ---------  -------- SPGR --------
               KG/M3                                          WATER 60F
          LIQUID       VAPOR      LIQUID       VAPOR      LIQUID       VAPOR
  ----  ----------  ----------  ----------  ----------  ----------  ----------
     1     915.245     724.594      22.951      63.589       .9161       .7253
     2     988.775     913.961      11.465      23.168       .9898       .9149
     3     992.106     938.821      10.985      19.072       .9931       .9397
     4     994.438     958.448      10.651      15.989       .9954       .9594
     5     995.994     972.715      10.429      13.826       .9970       .9737
     6     996.995     982.440      10.287      12.387       .9980       .9834
     7     997.625     988.778      10.197      11.465       .9986       .9898
     8     998.014     992.784      10.142      10.888       .9990       .9938
     9     998.252     995.264      10.108      10.533       .9992       .9962
    10     998.396     996.778      10.088      10.317       .9994       .9978
    11     998.483     997.691      10.075      10.188       .9995       .9987
    12     998.535     998.239      10.068      10.110       .9995       .9992
 
 
 TRAY TRANSPORT PROPERTIES
 
  TRAY  - THERMAL CONDUCTIVITY -  ------ VISCOSITY -------  -- SURFACE --
              KCAL/HR-M-C                    CP                TENSION
          LIQUID        VAPOR       LIQUID        VAPOR        DYNE/CM
  ----  -----------  -----------  -----------  -----------  -------------
     1   2.4864E-01   2.3840E-02   2.6748E-01   1.2838E-02     5.2897E+01
     2   4.9573E-01   2.3308E-02   2.3573E-01   1.2994E-02     5.5378E+01
     3   5.2959E-01   2.3210E-02   2.3252E-01   1.2964E-02     5.5243E+01
     4   5.5181E-01   2.3087E-02   2.3009E-01   1.2974E-02     5.5116E+01
     5   5.6632E-01   2.2995E-02   2.2815E-01   1.2993E-02     5.4995E+01
     6   5.7568E-01   2.2940E-02   2.2657E-01   1.3013E-02     5.4878E+01
     7   5.8160E-01   2.2915E-02   2.2524E-01   1.3034E-02     5.4767E+01
     8   5.8534E-01   2.2911E-02   2.2406E-01   1.3055E-02     5.4661E+01
     9   5.8768E-01   2.2920E-02   2.2300E-01   1.3075E-02     5.4557E+01
    10   5.8911E-01   2.2939E-02   2.2200E-01   1.3094E-02     5.4457E+01
    11   5.8996E-01   2.2962E-02   2.2106E-01   1.3114E-02     5.4358E+01
    12   5.9047E-01   2.2989E-02   2.2016E-01   1.3133E-02     5.4261E+01

 SIMULATION SCIENCES INC.                                     R                                                           PAGE P-11
 PROJECT  QJIANG                                        PRO/II  VERSION 4.17                                                 386/EM
 PROBLEM  SWSU                                                 OUTPUT                                                           SUN
                                                           COLUMN SUMMARY                                               JUNE-2-1993
 ==================================================================================================================================
 
                                                       UNIT 8, 'T01'  (CONT)
 
 TRAY ENTHALPIES
 
  TRAY        M*KCAL/HR             K*KCAL/KG-MOL              KCAL/KG
          LIQUID       VAPOR      LIQUID       VAPOR      LIQUID       VAPOR
  ----  ----------  ----------  ----------  ----------  ----------  ----------
     1        .254   5.642E-03       1.559       7.083      84.565     350.083
     2       2.728       1.746       2.081      10.658     115.336     577.821
     3       2.781       2.221       2.120      10.996     117.620     604.687
     4       2.822       2.274       2.150      11.233     119.319     620.800
     5       2.854       2.315       2.173      11.397     120.618     631.179
     6       2.880       2.347       2.191      11.506     121.633     637.866
     7       2.902       2.372       2.206      11.576     122.453     642.129
     8       2.920       2.394       2.219      11.621     123.145     644.834
     9       2.937       2.413       2.229      11.650     123.755     646.565
    10       2.953       2.430       2.239      11.669     124.310     647.688
    11       2.968       2.445       2.249      11.682     124.831     648.435
    12       2.956       2.460       2.258      11.691     125.328     648.950

 SIMULATION SCIENCES INC.                                     R                                                           PAGE P-12
 PROJECT  QJIANG                                        PRO/II  VERSION 4.17                                                 386/EM
 PROBLEM  SWSU                                                 OUTPUT                                                           SUN
                                                           COLUMN SUMMARY                                               JUNE-2-1993
 ==================================================================================================================================
 
                                                       UNIT 8, 'T01'  (CONT)
 
 TRAY RATING MECHANICAL DATA
 
  SECTION    TRAY      DIAM    TRAY   SPACE    SF   ------- TRAY --------
            NUMBERS     MM    PASSES   MM           TYPE   METAL  THK, MM
  -------  ---------   ----   ------  -----   ----  -----  -----  -------
      1      1 -  12    900.     1     450.    .75  V1      SS      1.880
 
  
 
  SECTION  NO VALVES  VALVE    CAP TO   SIEVE  UNIT ++  WEIR HT  DC CLEAR
            OR CAPS   THK,MM   CAP, MM   PCT   DIA, MM    MM        MM
  -------  ---------  ------   -------  -----  -------  -------  --------
      1        N/A     1.520     N/A     N/A    47.625   50.800    38.100
 
  ++ DIAMETER OF VALVES, SIEVE HOLES, OR BUBBLE CAPS
  
 
  SECTION       DOWNCOMER WIDTHS, MM            SLOPED DC WIDTHS, MM
            SIDE  CENTER OFF-CTR OFF-SIDE   SIDE  CENTER OFF-CTR OFF-SIDE
  -------   ----- ------ ------- --------   ----- ------ ------- --------
      1      N/A    N/A     N/A      N/A     N/A    N/A     N/A      N/A
 
 
 TRAY RATING RESULTS
 
                                             PRES              DOWNCOMER
  TRAY  VAPOR  LIQUID  VLOAD   DIAM    FF    DROP  GPM/LWI    BACKUP, PCT
         CFS   HOTGPM   CFS     MM          KG/CM2 GPM/IN     TRAY SPACING
  ----  -----  ------  -----  ------  ----  ------ --------   ------------
    1   25.63    15.9   .956   900.0  57.8    .005     1.0        26.08
    2   31.26   112.8  1.105   900.0  98.2    .009     4.1        40.96
    3   30.96   111.9  1.094   900.0  96.9    .009     4.0        40.69
    4   30.67   111.4  1.087   900.0  96.0    .009     4.0        40.18
    5   30.40   111.2  1.083   900.0  95.3    .009     4.0        40.07
    6   30.13   111.1  1.079   900.0  94.7    .009     4.0        40.00
    7   29.88   111.0  1.077   900.0  94.3    .009     4.0        39.96
    8   29.63   111.1  1.075   900.0  94.0    .009     4.0        39.93
    9   29.39   111.1  1.073   900.0  93.7    .009     4.0        39.90
   10   29.16   111.2  1.072   900.0  93.4    .009     4.0        39.89
   11   28.93   111.4  1.071   900.0  93.1    .008     4.0        39.87
   12   32.27   110.5  1.102   900.0  97.7    .009     4.0        40.38
 
  

 SIMULATION SCIENCES INC.                                     R                                                           PAGE P-13
 PROJECT  QJIANG                                        PRO/II  VERSION 4.17                                                 386/EM
 PROBLEM  SWSU                                                 OUTPUT                                                           SUN
                                                           COLUMN SUMMARY                                               JUNE-2-1993
 ==================================================================================================================================
 
                                                       UNIT 8, 'T01'  (CONT)
 
 ESTIMATED TRAY MECHANICAL DETAILS
 
  SECTION  TRAY  ------ DOWNCOMER WIDTHS, MM ----------  NO VALVES
                   SIDE     CENTER   OFF-CTR   OFF-SIDE   OR CAPS
  -------  ----  ------- ---------- --------- ---------  ---------
      1      1     46.19      N/A       N/A       N/A         78
      1      2    169.81      N/A       N/A       N/A         60
      1      3    168.51      N/A       N/A       N/A         60
      1      4    167.72      N/A       N/A       N/A         61
      1      5    167.27      N/A       N/A       N/A         61
      1      6    167.04      N/A       N/A       N/A         61
      1      7    166.96      N/A       N/A       N/A         61
      1      8    166.97      N/A       N/A       N/A         61
      1      9    167.05      N/A       N/A       N/A         61
      1     10    167.16      N/A       N/A       N/A         61
      1     11    167.29      N/A       N/A       N/A         61
      1     12    166.39      N/A       N/A       N/A         61

 SIMULATION SCIENCES INC.                                     R                                                           PAGE P-14
 PROJECT  QJIANG                                        PRO/II  VERSION 4.17                                                 386/EM
 PROBLEM  SWSU                                                 OUTPUT                                                           SUN
                                                       HEATING/COOLING CURVE                                            JUNE-2-1993
 ==================================================================================================================================
 
                                                           UNIT 6, 'Z001'
 
 ISOTHERMAL HEATING CURVE FOR UNIT 5, 'ER01 ', COLD SIDE
 TOTAL DUTY = 1.19156E+00 M*KCAL/HR
 
                     - MOLAR FLOW RATE --    ------------ ENTHALPY ------------
    TEMP    PRES     VAPOR  LIQUID WATER      VAPOR   LIQUID    WATER    TOTAL
     C     KG/CM2        K*KG-MOL/HR                     M*KCAL/HR
   ------  -------   ------ ------ ------    -------  -------  -------  -------
    40.47   10.000    .0000 1.1101  .0000     .00000   .80878   .00000   .80878
    47.09    9.956    .0000 1.1101  .0000     .00000   .94077   .00000   .94077
    53.70    9.911    .0000 1.1101  .0000     .00000  1.07278   .00000  1.07278
    60.32    9.867    .0000 1.1101  .0000     .00000  1.20486   .00000  1.20486
    66.93    9.822    .0000 1.1101  .0000     .00000  1.33702   .00000  1.33702
    73.54    9.778    .0000 1.1101  .0000     .00000  1.46931   .00000  1.46931
    80.16    9.733    .0000 1.1101  .0000     .00000  1.60175   .00000  1.60175
    86.77    9.689    .0000 1.1101  .0000     .00000  1.73437   .00000  1.73437
    93.39    9.644    .0000 1.1101  .0000     .00000  1.86721   .00000  1.86721
   100.00    9.600    .0000 1.1101  .0000     .00000  2.00033   .00000  2.00033
 
 
                     -- WEIGHT FLOW RATE --  MOLECULAR WEIGHT    DRY STD SPGR
    TEMP    PRES     VAPOR   LIQUID  WATER    VAPOR   LIQUID    VAPOR   LIQUID
     C     KG/CM2            K*KG/HR                          (AIR=1.0)
   ------  -------   ------  ------  ------  -------  -------  -------  -------
    40.47   10.000     .000  20.000    .000      .00    18.02    .0000    .9992
    47.09    9.956     .000  20.000    .000      .00    18.02    .0000    .9992
    53.70    9.911     .000  20.000    .000      .00    18.02    .0000    .9992
    60.32    9.867     .000  20.000    .000      .00    18.02    .0000    .9992
    66.93    9.822     .000  20.000    .000      .00    18.02    .0000    .9992
    73.54    9.778     .000  20.000    .000      .00    18.02    .0000    .9992
    80.16    9.733     .000  20.000    .000      .00    18.02    .0000    .9992
    86.77    9.689     .000  20.000    .000      .00    18.02    .0000    .9992
    93.39    9.644     .000  20.000    .000      .00    18.02    .0000    .9992
   100.00    9.600     .000  20.000    .000      .00    18.02    .0000    .9992
 
 
    TEMP    PRES      MOLE FRACTION      WEIGHT FRACTION     DRY LV FRACTION
     C     KG/CM2    VAPOR     LIQUID    VAPOR     LIQUID    VAPOR     LIQUID
   ------  -------  --------  --------  --------  --------  --------  --------
    40.47   10.000     .0000    1.0000     .0000    1.0000     .0000    1.0000
    47.09    9.956     .0000    1.0000     .0000    1.0000     .0000    1.0000
    53.70    9.911     .0000    1.0000     .0000    1.0000     .0000    1.0000
    60.32    9.867     .0000    1.0000     .0000    1.0000     .0000    1.0000
    66.93    9.822     .0000    1.0000     .0000    1.0000     .0000    1.0000
    73.54    9.778     .0000    1.0000     .0000    1.0000     .0000    1.0000
    80.16    9.733     .0000    1.0000     .0000    1.0000     .0000    1.0000
    86.77    9.689     .0000    1.0000     .0000    1.0000     .0000    1.0000
    93.39    9.644     .0000    1.0000     .0000    1.0000     .0000    1.0000
   100.00    9.600     .0000    1.0000     .0000    1.0000     .0000    1.0000

 SIMULATION SCIENCES INC.                                     R                                                           PAGE P-15
 PROJECT  QJIANG                                        PRO/II  VERSION 4.17                                                 386/EM
 PROBLEM  SWSU                                                 OUTPUT                                                           SUN
                                                       HEATING/COOLING CURVE                                            JUNE-2-1993
 ==================================================================================================================================
 
                                                           UNIT 9, 'Z002'
 
 ISOTHERMAL COOLING CURVE FOR UNIT 8, 'T01 ', HEATER NO. 1, TRAY NO. 1
 TOTAL DUTY = -1.47817E+00 M*KCAL/HR
 
                     - MOLAR FLOW RATE --    ------------ ENTHALPY ------------
    TEMP    PRES     VAPOR  LIQUID WATER      VAPOR   LIQUID    WATER    TOTAL
     C     KG/CM2         KG-MOL/HR                      M*KCAL/HR
   ------  -------   ------ ------ ------    -------  -------  -------  -------
   114.95    2.034   162.81    .98    .00    1.73607   .00205   .00000  1.73812
   111.62    2.030    96.96  66.84    .00     .97939   .13531   .00000  1.11470
   108.29    2.026    66.94  96.85    .00     .64177   .19060   .00000   .83237
   104.97    2.022    49.21 114.59    .00     .44860   .21904   .00000   .66764
   101.64    2.019    37.03 126.76    .00     .32171   .23518   .00000   .55689
    98.31    2.015    27.75 136.04    .00     .23027   .24414   .00000   .47440
    94.98    2.011    20.09 143.70    .00     .15958   .24941   .00000   .40899
    91.66    2.007    13.33 150.46    .00     .10162   .25230   .00000   .35392
    88.33    2.004     7.02 156.77    .00     .05149   .25366   .00000   .30515
    85.00    2.000      .83 162.96    .00     .00590   .25406   .00000   .25996
 
 
                     -- WEIGHT FLOW RATE --  MOLECULAR WEIGHT    DRY STD SPGR
    TEMP    PRES     VAPOR   LIQUID  WATER    VAPOR   LIQUID    VAPOR   LIQUID
     C     KG/CM2             KG/HR                           (AIR=1.0)
   ------  -------   ------  ------  ------  -------  -------  -------  -------
   114.95    2.034   3003.4    17.8      .0    18.45    18.04    .6369    .9897
   111.62    2.030   1813.9  1207.3      .0    18.71    18.06    .6459    .9830
   108.29    2.026   1269.3  1751.9      .0    18.96    18.09    .6546    .9759
   104.97    2.022    945.0  2076.2      .0    19.20    18.12    .6630    .9685
   101.64    2.019    719.8  2301.4      .0    19.44    18.15    .6711    .9607
    98.31    2.015    545.6  2475.6      .0    19.66    18.20    .6787    .9526
    94.98    2.011    399.1  2622.0      .0    19.87    18.25    .6859    .9441
    91.66    2.007    267.3  2753.9      .0    20.05    18.30    .6922    .9352
    88.33    2.004    141.8  2879.4      .0    20.19    18.37    .6972    .9259
    85.00    2.000     16.9  3004.3      .0    20.25    18.44    .6993    .9162
 
 
    TEMP    PRES      MOLE FRACTION      WEIGHT FRACTION     DRY LV FRACTION
     C     KG/CM2    VAPOR     LIQUID    VAPOR     LIQUID    VAPOR     LIQUID
   ------  -------  --------  --------  --------  --------  --------  --------
   114.95    2.034     .9940     .0060     .9941     .0059     .9955     .0045
   111.62    2.030     .5919     .4081     .6004     .3996     .6287     .3713
   108.29    2.026     .4087     .5913     .4201     .5799     .4569     .5431
   104.97    2.022     .3004     .6996     .3128     .6872     .3512     .6488
   101.64    2.019     .2261     .7739     .2382     .7618     .2749     .7251
    98.31    2.015     .1694     .8306     .1806     .8194     .2133     .7867
    94.98    2.011     .1227     .8773     .1321     .8679     .1591     .8409
    91.66    2.007     .0814     .9186     .0885     .9115     .1084     .8916
    88.33    2.004     .0429     .9571     .0469     .9531     .0584     .9416
    85.00    2.000     .0051     .9949     .0056     .9944     .0070     .9930

 SIMULATION SCIENCES INC.                                     R                                                           PAGE P-16
 PROJECT  QJIANG                                        PRO/II  VERSION 4.17                                                 386/EM
 PROBLEM  SWSU                                                 OUTPUT                                                           SUN
                                                       HEATING/COOLING CURVE                                            JUNE-2-1993
 ==================================================================================================================================
 
                                                           UNIT 10, 'HC1'
 
 ISOTHERMAL FLASH CURVE FOR STREAM FFV, TOTAL DUTY = -1.50756E+00 M*KCAL/HR
 
                     - MOLAR FLOW RATE --    ------------ ENTHALPY ------------
    TEMP    PRES     VAPOR  LIQUID WATER      VAPOR   LIQUID    WATER    TOTAL
     C     KG/CM2         KG-MOL/HR                      M*KCAL/HR
   ------  -------   ------ ------ ------    -------  -------  -------  -------
   115.00    2.000   163.79    .00    .00    1.74756   .00000   .00000  1.74756
 D 114.39    1.995   163.79    .00    .00    1.74673   .00000   .00000  1.74673
   113.16    1.989   132.68  31.11    .00    1.38786   .06376   .00000  1.45162
   111.32    1.979   103.06  60.73    .00    1.04831   .12256   .00000  1.17087
   109.47    1.968    83.48  80.31    .00     .82613   .15955   .00000   .98568
   107.63    1.958    69.45  94.35    .00     .66895   .18446   .00000   .85341
   105.79    1.947    58.80 104.99    .00     .55160   .20197   .00000   .75357
   103.95    1.937    50.36 113.43    .00     .46029   .21465   .00000   .67493
   102.11    1.926    43.42 120.37    .00     .38692   .22399   .00000   .61091
   100.26    1.916    37.55 126.24    .00     .32639   .23085   .00000   .55724
    98.42    1.905    32.46 131.33    .00     .27535   .23564   .00000   .51099
    96.58    1.895    27.94 135.85    .00     .23145   .23929   .00000   .47074
    94.74    1.884    23.85 139.95    .00     .19303   .24193   .00000   .43496
    92.89    1.874    20.07 143.72    .00     .15885   .24377   .00000   .40262
    91.05    1.863    16.53 147.26    .00     .12801   .24497   .00000   .37297
    89.21    1.853    13.16 150.64    .00     .09975   .24566   .00000   .34541
    87.37    1.842     9.90 153.90    .00     .07351   .24594   .00000   .31946
    85.53    1.832     6.70 157.09    .00     .04883   .24590   .00000   .29473
    83.68    1.821     3.54 160.25    .00     .02530   .24560   .00000   .27090
    81.84    1.811      .37 163.42    .00     .00263   .24508   .00000   .24771
 B  81.56    1.805      .00 163.79    .00     .00000   .24480   .00000   .24480
    80.00    1.800      .00 163.79    .00     .00000   .24000   .00000   .24000

 SIMULATION SCIENCES INC.                                     R                                                           PAGE P-17
 PROJECT  QJIANG                                        PRO/II  VERSION 4.17                                                 386/EM
 PROBLEM  SWSU                                                 OUTPUT                                                           SUN
                                                       HEATING/COOLING CURVE                                            JUNE-2-1993
 ==================================================================================================================================
 
                                                       UNIT 10, 'HC1'  (CONT)
 
                     -- WEIGHT FLOW RATE --  MOLECULAR WEIGHT    DRY STD SPGR
    TEMP    PRES     VAPOR   LIQUID  WATER    VAPOR   LIQUID    VAPOR   LIQUID
     C     KG/CM2             KG/HR                           (AIR=1.0)
   ------  -------   ------  ------  ------  -------  -------  -------  -------
   115.00    2.000   3021.2      .0      .0    18.44      .00    .6368    .0000
   114.39    1.995   3021.2      .0      .0    18.44      .00    .6368    .0000
   113.16    1.989   2459.7   561.5      .0    18.54    18.05    .6400    .9875
   111.32    1.979   1924.4  1096.8      .0    18.67    18.06    .6447    .9840
   109.47    1.968   1569.8  1451.4      .0    18.80    18.07    .6492    .9805
   107.63    1.958   1314.9  1706.3      .0    18.93    18.09    .6537    .9768
   105.79    1.947   1120.8  1900.4      .0    19.06    18.10    .6581    .9731
   103.95    1.937    966.1  2055.0      .0    19.18    18.12    .6623    .9693
   102.11    1.926    838.3  2182.8      .0    19.31    18.13    .6665    .9653
   100.26    1.916    729.5  2291.7      .0    19.42    18.15    .6706    .9613
    98.42    1.905    634.3  2386.9      .0    19.54    18.17    .6746    .9572
    96.58    1.895    549.0  2472.1      .0    19.65    18.20    .6784    .9530
    94.74    1.884    471.1  2550.1      .0    19.75    18.22    .6821    .9487
    92.89    1.874    398.5  2622.6      .0    19.85    18.25    .6855    .9442
    91.05    1.863    329.7  2691.4      .0    19.95    18.28    .6887    .9397
    89.21    1.853    263.5  2757.6      .0    20.03    18.31    .6915    .9351
    87.37    1.842    198.9  2822.3      .0    20.10    18.34    .6939    .9304
    85.53    1.832    135.1  2886.1      .0    20.15    18.37    .6957    .9255
    83.68    1.821     71.4  2949.8      .0    20.17    18.41    .6965    .9206
    81.84    1.811      7.6  3013.6      .0    20.15    18.44    .6957    .9155
    81.56    1.805       .0  3021.2      .0      .00    18.44    .0000    .9149
    80.00    1.800       .0  3021.2      .0      .00    18.44    .0000    .9149

 SIMULATION SCIENCES INC.                                     R                                                           PAGE P-18
 PROJECT  QJIANG                                        PRO/II  VERSION 4.17                                                 386/EM
 PROBLEM  SWSU                                                 OUTPUT                                                           SUN
                                                       HEATING/COOLING CURVE                                            JUNE-2-1993
 ==================================================================================================================================
 
                                                       UNIT 10, 'HC1'  (CONT)
 
    TEMP    PRES      MOLE FRACTION      WEIGHT FRACTION     DRY LV FRACTION
     C     KG/CM2    VAPOR     LIQUID    VAPOR     LIQUID    VAPOR     LIQUID
   ------  -------  --------  --------  --------  --------  --------  --------
   115.00    2.000    1.0000     .0000    1.0000     .0000    1.0000     .0000
   114.39    1.995    1.0000     .0000    1.0000     .0000    1.0000     .0000
   113.16    1.989     .8101     .1899     .8141     .1859     .8278     .1722
   111.32    1.979     .6292     .3708     .6370     .3630     .6625     .3375
   109.47    1.968     .5097     .4903     .5196     .4804     .5517     .4483
   107.63    1.958     .4240     .5760     .4352     .5648     .4710     .5290
   105.79    1.947     .3590     .6410     .3710     .6290     .4086     .5914
   103.95    1.937     .3075     .6925     .3198     .6802     .3580     .6420
   102.11    1.926     .2651     .7349     .2775     .7225     .3153     .6847
   100.26    1.916     .2293     .7707     .2414     .7586     .2781     .7219
    98.42    1.905     .1982     .8018     .2099     .7901     .2449     .7551
    96.58    1.895     .1706     .8294     .1817     .8183     .2144     .7856
    94.74    1.884     .1456     .8544     .1559     .8441     .1860     .8140
    92.89    1.874     .1225     .8775     .1319     .8681     .1589     .8411
    91.05    1.863     .1009     .8991     .1091     .8909     .1327     .8673
    89.21    1.853     .0803     .9197     .0872     .9128     .1070     .8930
    87.37    1.842     .0604     .9396     .0658     .9342     .0814     .9186
    85.53    1.832     .0409     .9591     .0447     .9553     .0557     .9443
    83.68    1.821     .0216     .9784     .0236     .9764     .0297     .9703
    81.84    1.811     .0023     .9977     .0025     .9975     .0032     .9968
    81.56    1.805     .0000    1.0000     .0000    1.0000     .0000    1.0000
    80.00    1.800     .0000    1.0000     .0000    1.0000     .0000    1.0000
 
 -  -  -  -  -  -  -  -  -  -  -  -  -  -  -  -  -  -  -  -  -  -  -  -  -  -  -  -  -  -  -  -  -  -  -  -  -  -  -  -  -  -  -  -
 
                                                          UNIT 13, 'Z003'
 
 ISOTHERMAL COOLING CURVE FOR UNIT 12, 'E01 ', HOT SIDE
 TOTAL DUTY = -1.19155E+00 M*KCAL/HR
 
                     - MOLAR FLOW RATE --    ------------ ENTHALPY ------------
    TEMP    PRES     VAPOR  LIQUID WATER      VAPOR   LIQUID    WATER    TOTAL
     C     KG/CM2        K*KG-MOL/HR                     M*KCAL/HR
   ------  -------   ------ ------ ------    -------  -------  -------  -------
   125.02    2.370    .0000 1.3090  .0000     .00000  2.95551   .00000  2.95551
   119.45    2.348    .0000 1.3090  .0000     .00000  2.82204   .00000  2.82204
   113.87    2.326    .0000 1.3090  .0000     .00000  2.68890   .00000  2.68890
   108.30    2.303    .0000 1.3090  .0000     .00000  2.55606   .00000  2.55606
   102.73    2.281    .0000 1.3090  .0000     .00000  2.42350   .00000  2.42350
    97.16    2.259    .0000 1.3090  .0000     .00000  2.29119   .00000  2.29119
    91.59    2.237    .0000 1.3090  .0000     .00000  2.15910   .00000  2.15910
    86.02    2.214    .0000 1.3090  .0000     .00000  2.02722   .00000  2.02722
    80.45    2.192    .0000 1.3090  .0000     .00000  1.89551   .00000  1.89551
    74.88    2.170    .0000 1.3090  .0000     .00000  1.76396   .00000  1.76396

 SIMULATION SCIENCES INC.                                     R                                                           PAGE P-19
 PROJECT  QJIANG                                        PRO/II  VERSION 4.17                                                 386/EM
 PROBLEM  SWSU                                                 OUTPUT                                                           SUN
                                                       HEATING/COOLING CURVE                                            JUNE-2-1993
 ==================================================================================================================================
 
                                                      UNIT 13, 'Z003'  (CONT)
 
                     -- WEIGHT FLOW RATE --  MOLECULAR WEIGHT    DRY STD SPGR
    TEMP    PRES     VAPOR   LIQUID  WATER    VAPOR   LIQUID    VAPOR   LIQUID
     C     KG/CM2            K*KG/HR                          (AIR=1.0)
   ------  -------   ------  ------  ------  -------  -------  -------  -------
   125.02    2.370     .000  23.582    .000      .00    18.01    .0000    .9995
   119.45    2.348     .000  23.582    .000      .00    18.01    .0000    .9995
   113.87    2.326     .000  23.582    .000      .00    18.01    .0000    .9995
   108.30    2.303     .000  23.582    .000      .00    18.01    .0000    .9995
   102.73    2.281     .000  23.582    .000      .00    18.01    .0000    .9995
    97.16    2.259     .000  23.582    .000      .00    18.01    .0000    .9995
    91.59    2.237     .000  23.582    .000      .00    18.01    .0000    .9995
    86.02    2.214     .000  23.582    .000      .00    18.01    .0000    .9995
    80.45    2.192     .000  23.582    .000      .00    18.01    .0000    .9995
    74.88    2.170     .000  23.582    .000      .00    18.01    .0000    .9995
 
 
    TEMP    PRES      MOLE FRACTION      WEIGHT FRACTION     DRY LV FRACTION
     C     KG/CM2    VAPOR     LIQUID    VAPOR     LIQUID    VAPOR     LIQUID
   ------  -------  --------  --------  --------  --------  --------  --------
   125.02    2.370     .0000    1.0000     .0000    1.0000     .0000    1.0000
   119.45    2.348     .0000    1.0000     .0000    1.0000     .0000    1.0000
   113.87    2.326     .0000    1.0000     .0000    1.0000     .0000    1.0000
   108.30    2.303     .0000    1.0000     .0000    1.0000     .0000    1.0000
   102.73    2.281     .0000    1.0000     .0000    1.0000     .0000    1.0000
    97.16    2.259     .0000    1.0000     .0000    1.0000     .0000    1.0000
    91.59    2.237     .0000    1.0000     .0000    1.0000     .0000    1.0000
    86.02    2.214     .0000    1.0000     .0000    1.0000     .0000    1.0000
    80.45    2.192     .0000    1.0000     .0000    1.0000     .0000    1.0000
    74.88    2.170     .0000    1.0000     .0000    1.0000     .0000    1.0000
 
 
 ADIABATIC COOLING CURVE FOR UNIT 12, 'E01 ', HOT SIDE
 TOTAL DUTY = -1.19155E+00 M*KCAL/HR
 
                     - MOLAR FLOW RATE --    ------------ ENTHALPY ------------
    TEMP    PRES     VAPOR  LIQUID WATER      VAPOR   LIQUID    WATER    TOTAL
     C     KG/CM2        K*KG-MOL/HR                     M*KCAL/HR
   ------  -------   ------ ------ ------    -------  -------  -------  -------
   125.02    2.370    .0000 1.3090  .0000     .00000  2.95551   .00000  2.95551
   119.49    2.348    .0000 1.3090  .0000     .00000  2.82312   .00000  2.82312
   113.95    2.326    .0000 1.3090  .0000     .00000  2.69072   .00000  2.69072
   108.40    2.303    .0000 1.3090  .0000     .00000  2.55833   .00000  2.55833
   102.83    2.281    .0000 1.3090  .0000     .00000  2.42593   .00000  2.42593
    97.26    2.259    .0000 1.3090  .0000     .00000  2.29354   .00000  2.29354
    91.68    2.237    .0000 1.3090  .0000     .00000  2.16114   .00000  2.16114
    86.08    2.214    .0000 1.3090  .0000     .00000  2.02875   .00000  2.02875
    80.48    2.192    .0000 1.3090  .0000     .00000  1.89635   .00000  1.89635
    74.88    2.170    .0000 1.3090  .0000     .00000  1.76396   .00000  1.76396

 SIMULATION SCIENCES INC.                                     R                                                           PAGE P-20
 PROJECT  QJIANG                                        PRO/II  VERSION 4.17                                                 386/EM
 PROBLEM  SWSU                                                 OUTPUT                                                           SUN
                                                       HEATING/COOLING CURVE                                            JUNE-2-1993
 ==================================================================================================================================
 
                                                      UNIT 13, 'Z003'  (CONT)
 
                     -- WEIGHT FLOW RATE --  MOLECULAR WEIGHT    DRY STD SPGR
    TEMP    PRES     VAPOR   LIQUID  WATER    VAPOR   LIQUID    VAPOR   LIQUID
     C     KG/CM2            K*KG/HR                          (AIR=1.0)
   ------  -------   ------  ------  ------  -------  -------  -------  -------
   125.02    2.370     .000  23.582    .000      .00    18.01    .0000    .9995
   119.49    2.348     .000  23.582    .000      .00    18.01    .0000    .9995
   113.95    2.326     .000  23.582    .000      .00    18.01    .0000    .9995
   108.40    2.303     .000  23.582    .000      .00    18.01    .0000    .9995
   102.83    2.281     .000  23.582    .000      .00    18.01    .0000    .9995
    97.26    2.259     .000  23.582    .000      .00    18.01    .0000    .9995
    91.68    2.237     .000  23.582    .000      .00    18.01    .0000    .9995
    86.08    2.214     .000  23.582    .000      .00    18.01    .0000    .9995
    80.48    2.192     .000  23.582    .000      .00    18.01    .0000    .9995
    74.88    2.170     .000  23.582    .000      .00    18.01    .0000    .9995
 
 
    TEMP    PRES      MOLE FRACTION      WEIGHT FRACTION     DRY LV FRACTION
     C     KG/CM2    VAPOR     LIQUID    VAPOR     LIQUID    VAPOR     LIQUID
   ------  -------  --------  --------  --------  --------  --------  --------
   125.02    2.370     .0000    1.0000     .0000    1.0000     .0000    1.0000
   119.49    2.348     .0000    1.0000     .0000    1.0000     .0000    1.0000
   113.95    2.326     .0000    1.0000     .0000    1.0000     .0000    1.0000
   108.40    2.303     .0000    1.0000     .0000    1.0000     .0000    1.0000
   102.83    2.281     .0000    1.0000     .0000    1.0000     .0000    1.0000
    97.26    2.259     .0000    1.0000     .0000    1.0000     .0000    1.0000
    91.68    2.237     .0000    1.0000     .0000    1.0000     .0000    1.0000
    86.08    2.214     .0000    1.0000     .0000    1.0000     .0000    1.0000
    80.48    2.192     .0000    1.0000     .0000    1.0000     .0000    1.0000
    74.88    2.170     .0000    1.0000     .0000    1.0000     .0000    1.0000
 
 -  -  -  -  -  -  -  -  -  -  -  -  -  -  -  -  -  -  -  -  -  -  -  -  -  -  -  -  -  -  -  -  -  -  -  -  -  -  -  -  -  -  -  -
 
                                                          UNIT 16, 'Z004'
 
 ISOTHERMAL COOLING CURVE FOR UNIT 15, 'E03 ', HOT SIDE
 TOTAL DUTY = -8.21410E-01 M*KCAL/HR
 
                     - MOLAR FLOW RATE --    ------------ ENTHALPY ------------
    TEMP    PRES     VAPOR  LIQUID WATER      VAPOR   LIQUID    WATER    TOTAL
     C     KG/CM2        K*KG-MOL/HR                     M*KCAL/HR
   ------  -------   ------ ------ ------    -------  -------  -------  -------
    74.88    1.500    .0000 1.3090  .0000     .00000  1.76396   .00000  1.76396
    71.00    1.456    .0000 1.3090  .0000     .00000  1.67254   .00000  1.67254
    67.13    1.411    .0000 1.3090  .0000     .00000  1.58117   .00000  1.58117
    63.25    1.367    .0000 1.3090  .0000     .00000  1.48985   .00000  1.48985
    59.38    1.322    .0000 1.3090  .0000     .00000  1.39857   .00000  1.39857
    55.50    1.278    .0000 1.3090  .0000     .00000  1.30733   .00000  1.30733
    51.63    1.233    .0000 1.3090  .0000     .00000  1.21611   .00000  1.21611
    47.75    1.189    .0000 1.3090  .0000     .00000  1.12491   .00000  1.12491
    43.88    1.144    .0000 1.3090  .0000     .00000  1.03373   .00000  1.03373
    40.00    1.100    .0000 1.3090  .0000     .00000   .94255   .00000   .94255

 SIMULATION SCIENCES INC.                                     R                                                           PAGE P-21
 PROJECT  QJIANG                                        PRO/II  VERSION 4.17                                                 386/EM
 PROBLEM  SWSU                                                 OUTPUT                                                           SUN
                                                       HEATING/COOLING CURVE                                            JUNE-2-1993
 ==================================================================================================================================
 
                                                      UNIT 16, 'Z004'  (CONT)
 
                     -- WEIGHT FLOW RATE --  MOLECULAR WEIGHT    DRY STD SPGR
    TEMP    PRES     VAPOR   LIQUID  WATER    VAPOR   LIQUID    VAPOR   LIQUID
     C     KG/CM2            K*KG/HR                          (AIR=1.0)
   ------  -------   ------  ------  ------  -------  -------  -------  -------
    74.88    1.500     .000  23.582    .000      .00    18.01    .0000    .9995
    71.00    1.456     .000  23.582    .000      .00    18.01    .0000    .9995
    67.13    1.411     .000  23.582    .000      .00    18.01    .0000    .9995
    63.25    1.367     .000  23.582    .000      .00    18.01    .0000    .9995
    59.38    1.322     .000  23.582    .000      .00    18.01    .0000    .9995
    55.50    1.278     .000  23.582    .000      .00    18.01    .0000    .9995
    51.63    1.233     .000  23.582    .000      .00    18.01    .0000    .9995
    47.75    1.189     .000  23.582    .000      .00    18.01    .0000    .9995
    43.88    1.144     .000  23.582    .000      .00    18.01    .0000    .9995
    40.00    1.100     .000  23.582    .000      .00    18.01    .0000    .9995
 
 
    TEMP    PRES      MOLE FRACTION      WEIGHT FRACTION     DRY LV FRACTION
     C     KG/CM2    VAPOR     LIQUID    VAPOR     LIQUID    VAPOR     LIQUID
   ------  -------  --------  --------  --------  --------  --------  --------
    74.88    1.500     .0000    1.0000     .0000    1.0000     .0000    1.0000
    71.00    1.456     .0000    1.0000     .0000    1.0000     .0000    1.0000
    67.13    1.411     .0000    1.0000     .0000    1.0000     .0000    1.0000
    63.25    1.367     .0000    1.0000     .0000    1.0000     .0000    1.0000
    59.38    1.322     .0000    1.0000     .0000    1.0000     .0000    1.0000
    55.50    1.278     .0000    1.0000     .0000    1.0000     .0000    1.0000
    51.63    1.233     .0000    1.0000     .0000    1.0000     .0000    1.0000
    47.75    1.189     .0000    1.0000     .0000    1.0000     .0000    1.0000
    43.88    1.144     .0000    1.0000     .0000    1.0000     .0000    1.0000
    40.00    1.100     .0000    1.0000     .0000    1.0000     .0000    1.0000
 
 
 ADIABATIC COOLING CURVE FOR UNIT 15, 'E03 ', HOT SIDE
 TOTAL DUTY = -8.21410E-01 M*KCAL/HR
 
                     - MOLAR FLOW RATE --    ------------ ENTHALPY ------------
    TEMP    PRES     VAPOR  LIQUID WATER      VAPOR   LIQUID    WATER    TOTAL
     C     KG/CM2        K*KG-MOL/HR                     M*KCAL/HR
   ------  -------   ------ ------ ------    -------  -------  -------  -------
    74.88    1.500    .0000 1.3090  .0000     .00000  1.76396   .00000  1.76396
    71.01    1.456    .0000 1.3090  .0000     .00000  1.67269   .00000  1.67269
    67.14    1.411    .0000 1.3090  .0000     .00000  1.58142   .00000  1.58142
    63.26    1.367    .0000 1.3090  .0000     .00000  1.49015   .00000  1.49015
    59.39    1.322    .0000 1.3090  .0000     .00000  1.39889   .00000  1.39889
    55.51    1.278    .0000 1.3090  .0000     .00000  1.30762   .00000  1.30762
    51.64    1.233    .0000 1.3090  .0000     .00000  1.21635   .00000  1.21635
    47.76    1.189    .0000 1.3090  .0000     .00000  1.12509   .00000  1.12509
    43.88    1.144    .0000 1.3090  .0000     .00000  1.03382   .00000  1.03382
    40.00    1.100    .0000 1.3090  .0000     .00000   .94255   .00000   .94255

 SIMULATION SCIENCES INC.                                     R                                                           PAGE P-22
 PROJECT  QJIANG                                        PRO/II  VERSION 4.17                                                 386/EM
 PROBLEM  SWSU                                                 OUTPUT                                                           SUN
                                                       HEATING/COOLING CURVE                                            JUNE-2-1993
 ==================================================================================================================================
 
                                                      UNIT 16, 'Z004'  (CONT)
 
                     -- WEIGHT FLOW RATE --  MOLECULAR WEIGHT    DRY STD SPGR
    TEMP    PRES     VAPOR   LIQUID  WATER    VAPOR   LIQUID    VAPOR   LIQUID
     C     KG/CM2            K*KG/HR                          (AIR=1.0)
   ------  -------   ------  ------  ------  -------  -------  -------  -------
    74.88    1.500     .000  23.582    .000      .00    18.01    .0000    .9995
    71.01    1.456     .000  23.582    .000      .00    18.01    .0000    .9995
    67.14    1.411     .000  23.582    .000      .00    18.01    .0000    .9995
    63.26    1.367     .000  23.582    .000      .00    18.01    .0000    .9995
    59.39    1.322     .000  23.582    .000      .00    18.01    .0000    .9995
    55.51    1.278     .000  23.582    .000      .00    18.01    .0000    .9995
    51.64    1.233     .000  23.582    .000      .00    18.01    .0000    .9995
    47.76    1.189     .000  23.582    .000      .00    18.01    .0000    .9995
    43.88    1.144     .000  23.582    .000      .00    18.01    .0000    .9995
    40.00    1.100     .000  23.582    .000      .00    18.01    .0000    .9995
 
 
    TEMP    PRES      MOLE FRACTION      WEIGHT FRACTION     DRY LV FRACTION
     C     KG/CM2    VAPOR     LIQUID    VAPOR     LIQUID    VAPOR     LIQUID
   ------  -------  --------  --------  --------  --------  --------  --------
    74.88    1.500     .0000    1.0000     .0000    1.0000     .0000    1.0000
    71.01    1.456     .0000    1.0000     .0000    1.0000     .0000    1.0000
    67.14    1.411     .0000    1.0000     .0000    1.0000     .0000    1.0000
    63.26    1.367     .0000    1.0000     .0000    1.0000     .0000    1.0000
    59.39    1.322     .0000    1.0000     .0000    1.0000     .0000    1.0000
    55.51    1.278     .0000    1.0000     .0000    1.0000     .0000    1.0000
    51.64    1.233     .0000    1.0000     .0000    1.0000     .0000    1.0000
    47.76    1.189     .0000    1.0000     .0000    1.0000     .0000    1.0000
    43.88    1.144     .0000    1.0000     .0000    1.0000     .0000    1.0000
    40.00    1.100     .0000    1.0000     .0000    1.0000     .0000    1.0000

 SIMULATION SCIENCES INC.                                     R                                                           PAGE P-23
 PROJECT  QJIANG                                        PRO/II  VERSION 4.17                                                 386/EM
 PROBLEM  SWSU                                                 OUTPUT                                                           SUN
                                                   STREAM WEIGHT COMPONENT RATES                                        JUNE-2-1993
 ==================================================================================================================================
 
 STREAM ID                            AG          AG1          FFV          FL1          FL2          FL3          FL4          FL5
        NAME
        PHASE                      VAPOR        VAPOR        VAPOR       LIQUID       LIQUID       LIQUID       LIQUID       LIQUID
  
 FLUID RATES, KG/HR
    1  H2O                        3.5283       3.5283    2455.6615   19986.1210   19986.1210   19986.1210   19986.1210   19986.1210
    2  H2S                        4.7140       4.7140     194.8289       4.8480       4.8480       4.8480       4.8480       4.8480
    3  NH3                        7.8749       7.8749     370.6742       9.0302       9.0302       9.0302       9.0302       9.0302
    4  CO2                         .0000        .0000        .0000        .0000        .0000        .0000        .0000        .0000
 
 TOTAL RATE, KG/HR               16.1172      16.1172    3021.1646   19999.9992   19999.9992   19999.9992   19999.9992   19999.9992
 
 TEMPERATURE, C                  85.0000      85.0067     114.9495      40.0000      40.0000      40.4740      40.4740     100.0000
 PRESSURE, KG/CM2                 2.0000       1.7000       2.0336       4.8000       1.0000      13.0000      10.0000       9.6000
 ENTHALPY, M*KCAL/HR          5.6424E-03   5.6423E-03       1.7457        .7993        .7993        .8088        .8088       2.0003
 MOLECULAR WEIGHT                20.2334      20.2334      18.4449      18.0166      18.0166      18.0166      18.0166      18.0166
 WEIGHT FRAC VAPOR                1.0000       1.0000       1.0000        .0000        .0000        .0000        .0000        .0000
 WEIGHT FRAC LIQUID                .0000        .0000        .0000       1.0000       1.0000       1.0000       1.0000       1.0000
 
 
 STREAM ID                            F1           PW          PW1          PW2          PW3          SF1           SW
        NAME
        PHASE                     LIQUID       LIQUID       LIQUID       LIQUID       LIQUID        VAPOR       LIQUID
  
 FLUID RATES, KG/HR
    1  H2O                    19986.1210   23580.8879   23580.8879   23580.8879   23580.8879    3598.3016   19986.1210
    2  H2S                        4.8480        .1368        .1368        .1368        .1368        .0000       4.8480
    3  NH3                        9.0302       1.1600       1.1600       1.1600       1.1600        .0000       9.0302
    4  CO2                         .0000        .0000        .0000        .0000        .0000        .0000        .0000
 
 TOTAL RATE, KG/HR            19999.9992   23582.1847   23582.1847   23582.1847   23582.1847    3598.3016   19999.9992
 
 TEMPERATURE, C                  40.0000     125.0167      74.8755      74.8755      40.0000     200.0000     100.0000
 PRESSURE, KG/CM2                 5.0000       2.3700       2.1700       1.5000       1.1000       8.0000       9.6000
 ENTHALPY, M*KCAL/HR               .7993       2.9555       1.7640       1.7640        .9425       2.4477       2.0003
 MOLECULAR WEIGHT                18.0166      18.0150      18.0150      18.0150      18.0150      18.0150      18.0166
 WEIGHT FRAC VAPOR                 .0000        .0000        .0000        .0000        .0000       1.0000        .0000
 WEIGHT FRAC LIQUID               1.0000       1.0000       1.0000       1.0000       1.0000        .0000       1.0000
 
 
 THE FOLLOWING STREAMS WERE NOT PRINTED BECAUSE THEY HAVE ZERO FLOW RATES
 OR THEIR TEMPERATURES OR PRESSURES ARE AT ABSOLUTE ZERO
    FG1            FG2

 SIMULATION SCIENCES INC.                                     R                                                           PAGE P-24
 PROJECT  QJIANG                                        PRO/II  VERSION 4.17                                                 386/EM
 PROBLEM  SWSU                                                 OUTPUT                                                           SUN
                                                  STREAM WEIGHT COMPONENT PERCENTS                                      JUNE-2-1993
 ==================================================================================================================================
 
 STREAM ID                            AG          AG1          FFV          FL1          FL2          FL3          FL4          FL5
        NAME
        PHASE                      VAPOR        VAPOR        VAPOR       LIQUID       LIQUID       LIQUID       LIQUID       LIQUID
  
 FLUID WEIGHT PERCENTS
    1  H2O                       21.8913      21.8913      81.2819      99.9306      99.9306      99.9306      99.9306      99.9306
    2  H2S                       29.2482      29.2482       6.4488        .0242        .0242        .0242        .0242        .0242
    3  NH3                       48.8605      48.8605      12.2693        .0452        .0452        .0452        .0452        .0452
    4  CO2                         .0000        .0000        .0000        .0000        .0000        .0000        .0000        .0000
 
 TOTAL RATE, KG/HR               16.1172      16.1172    3021.1646   19999.9992   19999.9992   19999.9992   19999.9992   19999.9992
 
 TEMPERATURE, C                  85.0000      85.0067     114.9495      40.0000      40.0000      40.4740      40.4740     100.0000
 PRESSURE, KG/CM2                 2.0000       1.7000       2.0336       4.8000       1.0000      13.0000      10.0000       9.6000
 ENTHALPY, M*KCAL/HR          5.6424E-03   5.6423E-03       1.7457        .7993        .7993        .8088        .8088       2.0003
 MOLECULAR WEIGHT                20.2334      20.2334      18.4449      18.0166      18.0166      18.0166      18.0166      18.0166
 WEIGHT FRAC VAPOR                1.0000       1.0000       1.0000        .0000        .0000        .0000        .0000        .0000
 WEIGHT FRAC LIQUID                .0000        .0000        .0000       1.0000       1.0000       1.0000       1.0000       1.0000
 
 
 STREAM ID                            F1           PW          PW1          PW2          PW3          SF1           SW
        NAME
        PHASE                     LIQUID       LIQUID       LIQUID       LIQUID       LIQUID        VAPOR       LIQUID
  
 FLUID WEIGHT PERCENTS
    1  H2O                       99.9306      99.9945      99.9945      99.9945      99.9945     100.0000      99.9306
    2  H2S                         .0242   5.8027E-04   5.8027E-04   5.8027E-04   5.8027E-04        .0000        .0242
    3  NH3                         .0452   4.9190E-03   4.9190E-03   4.9190E-03   4.9190E-03        .0000        .0452
    4  CO2                         .0000        .0000        .0000        .0000        .0000        .0000        .0000
 
 TOTAL RATE, KG/HR            19999.9992   23582.1847   23582.1847   23582.1847   23582.1847    3598.3016   19999.9992
 
 TEMPERATURE, C                  40.0000     125.0167      74.8755      74.8755      40.0000     200.0000     100.0000
 PRESSURE, KG/CM2                 5.0000       2.3700       2.1700       1.5000       1.1000       8.0000       9.6000
 ENTHALPY, M*KCAL/HR               .7993       2.9555       1.7640       1.7640        .9425       2.4477       2.0003
 MOLECULAR WEIGHT                18.0166      18.0150      18.0150      18.0150      18.0150      18.0150      18.0166
 WEIGHT FRAC VAPOR                 .0000        .0000        .0000        .0000        .0000       1.0000        .0000
 WEIGHT FRAC LIQUID               1.0000       1.0000       1.0000       1.0000       1.0000        .0000       1.0000
 
 
 THE FOLLOWING STREAMS WERE NOT PRINTED BECAUSE THEY HAVE ZERO FLOW RATES
 OR THEIR TEMPERATURES OR PRESSURES ARE AT ABSOLUTE ZERO
    FG1            FG2

 SIMULATION SCIENCES INC.                                     R                                                           PAGE P-25
 PROJECT  QJIANG                                        PRO/II  VERSION 4.17                                                 386/EM
 PROBLEM  SWSU                                                 OUTPUT                                                           SUN
                                                           STREAM SUMMARY                                               JUNE-2-1993
 ==================================================================================================================================
 
 STREAM ID                            AG          AG1          FFV          FL1          FL2          FL3          FL4          FL5
        NAME
        PHASE                      VAPOR        VAPOR        VAPOR       LIQUID       LIQUID       LIQUID       LIQUID       LIQUID
  
 -----  TOTAL STREAM  -----
 RATE, KG-MOL/HR                    .797         .797      163.794     1110.088     1110.088     1110.088     1110.088     1110.088
       K*KG/HR                 1.612E-02    1.612E-02        3.021       20.000       20.000       20.000       20.000       20.000
 STD LIQ RATE, M3/HR           2.224E-02    2.224E-02        3.306       20.036       20.036       20.036       20.036       20.036
 TEMPERATURE, C                   85.000       85.007      114.950       40.000       40.000       40.474       40.474      100.000
 PRESSURE, KG/CM2                  2.000        1.700        2.034        4.800        1.000       13.000       10.000        9.600
 MOLECULAR WEIGHT                 20.233       20.233       18.445       18.017       18.017       18.017       18.017       18.017
 ENTHALPY, M*KCAL/HR           5.642E-03    5.642E-03        1.746         .799         .799         .809         .809        2.000
           KCAL/KG               350.083      350.081      577.821       39.966       39.966       40.439       40.439      100.017
 MOLE FRACTION LIQUID              .0000        .0000        .0000       1.0000       1.0000       1.0000       1.0000       1.0000
 REDUCED TEMP (KAYS RULE)          .7795        .7795        .6408        .4839        .4839        .4846        .4846        .5766
         PRES (KAYS RULE)          .0145        .0123   9.8613E-03        .0213   4.4349E-03        .0577        .0443        .0426
 ACENTRIC FACTOR                   .2494        .2494        .3266        .3479        .3479        .3479        .3479        .3479
 WATSON K (UOPK)                  10.573       10.573        9.213        8.763        8.763        8.763        8.763        8.763
 STD LIQ DENSITY, KG/M3          724.594      724.594      913.961      998.225      998.225      998.225      998.225      998.225
         SPECIFIC GRAVITY          .7253        .7253        .9149        .9992        .9992        .9992        .9992        .9992
         API GRAVITY              63.589       63.589       23.168       10.112       10.112       10.112       10.112       10.112
 
 --------  VAPOR  ---------
 RATE, KG-MOL/HR                    .797         .797      163.794          N/A          N/A          N/A          N/A          N/A
       K*KG/HR                 1.613E-02    1.612E-02        3.021          N/A          N/A          N/A          N/A          N/A
       K*M3/HR                 1.195E-02    1.409E-02        2.613          N/A          N/A          N/A          N/A          N/A
 NORM VAP RATE(1), K*M3/HR     1.785E-02    1.785E-02        3.671          N/A          N/A          N/A          N/A          N/A
 SPECIFIC GRAVITY (AIR=1.0)         .699         .699         .637          N/A          N/A          N/A          N/A          N/A
 MOLECULAR WEIGHT                 20.244       20.233       18.445          N/A          N/A          N/A          N/A          N/A
 ENTHALPY, KCAL/KG               349.895      350.081      577.821          N/A          N/A          N/A          N/A          N/A
 CP, KCAL/KG-C                      .431         .430         .456          N/A          N/A          N/A          N/A          N/A
 DENSITY, KG/K*M3               1349.238     1144.154     1156.251          N/A          N/A          N/A          N/A          N/A
 Z (FROM DENSITY)                  .9882        .9900        .9859          N/A          N/A          N/A          N/A          N/A
 TH COND, KCAL/HR-M-C             .02384       .02384       .02331          N/A          N/A          N/A          N/A          N/A
 VISCOSITY, CP                    .01284       .01284       .01299          N/A          N/A          N/A          N/A          N/A
 
 --------  LIQUID  --------
 RATE, KG-MOL/HR                     N/A          N/A          N/A     1110.088     1110.088     1110.088     1110.088     1110.088
       K*KG/HR                       N/A          N/A          N/A       20.000       20.000       20.000       20.000       20.000
       M3/HR                         N/A          N/A          N/A       20.201       20.201       20.205       20.205       20.887
       GAL/MIN                       N/A          N/A          N/A       88.942       88.942       88.959       88.959       91.963
 STD LIQ RATE, M3/HR                 N/A          N/A          N/A       20.036       20.036       20.036       20.036       20.036
 SPECIFIC GRAVITY (H2O=1.0)          N/A          N/A          N/A        .9992        .9992        .9992        .9992        .9992
 MOLECULAR WEIGHT                    N/A          N/A          N/A       18.017       18.017       18.017       18.017       18.017
 ENTHALPY, KCAL/KG                   N/A          N/A          N/A       39.966       39.966       40.439       40.439      100.017
 CP, KCAL/KG-C                       N/A          N/A          N/A         .998         .998         .998         .998        1.008
 DENSITY, KG/M3                      N/A          N/A          N/A      990.053      990.053      989.867      989.867      957.527
 Z (FROM DENSITY)                    N/A          N/A          N/A   3.2899E-03   6.8541E-04   8.8985E-03   6.8450E-03   5.7095E-03
 SURFACE TENSION, DYNE/CM            N/A          N/A          N/A      69.5612      69.5612      69.4913      69.4913      59.2533
 THERMAL COND, KCAL/HR-M-C           N/A          N/A          N/A       .53961       .53961       .54007       .54007       .57858
 VISCOSITY, CP                       N/A          N/A          N/A       .65077       .65077       .64495       .64495       .27886
 
  (1) NORMAL VAPOR VOLUME IS 22.414 M3/KG-MOLE (0 C AND 1 ATM)

 SIMULATION SCIENCES INC.                                     R                                                           PAGE P-26
 PROJECT  QJIANG                                        PRO/II  VERSION 4.17                                                 386/EM
 PROBLEM  SWSU                                                 OUTPUT                                                           SUN
                                                           STREAM SUMMARY                                               JUNE-2-1993
 ==================================================================================================================================
 
 STREAM ID                            F1           PW          PW1          PW2          PW3          SF1           SW
        NAME
        PHASE                     LIQUID       LIQUID       LIQUID       LIQUID       LIQUID        VAPOR       LIQUID
  
 -----  TOTAL STREAM  -----
 RATE, KG-MOL/HR                1110.088     1309.031     1309.031     1309.031     1309.031      199.739     1110.088
       K*KG/HR                    20.000       23.582       23.582       23.582       23.582        3.598       20.000
 STD LIQ RATE, M3/HR              20.036       23.617       23.617       23.617       23.617        3.603       20.036
 TEMPERATURE, C                   40.000      125.017       74.875       74.875       40.000      200.000      100.000
 PRESSURE, KG/CM2                  5.000        2.370        2.170        1.500        1.100        8.000        9.600
 MOLECULAR WEIGHT                 18.017       18.015       18.015       18.015       18.015       18.015       18.017
 ENTHALPY, M*KCAL/HR                .799        2.956        1.764        1.764         .943        2.448        2.000
           KCAL/KG                39.966      125.328       74.800       74.800       39.969      680.237      100.017
 MOLE FRACTION LIQUID             1.0000       1.0000       1.0000       1.0000       1.0000        .0000       1.0000
 REDUCED TEMP (KAYS RULE)          .4839        .6151        .5376        .5376        .4838        .7309        .5766
         PRES (KAYS RULE)          .0222        .0105   9.6211E-03   6.6505E-03   4.8770E-03        .0355        .0426
 ACENTRIC FACTOR                   .3479        .3480        .3480        .3480        .3480        .3480        .3479
 WATSON K (UOPK)                   8.763        8.762        8.762        8.762        8.762        8.762        8.763
 STD LIQ DENSITY, KG/M3          998.225      998.535      998.535      998.535      998.535      998.566      998.225
         SPECIFIC GRAVITY          .9992        .9995        .9995        .9995        .9995        .9996        .9992
         API GRAVITY              10.112       10.068       10.068       10.068       10.068       10.063       10.112
 
 --------  VAPOR  ---------
 RATE, KG-MOL/HR                     N/A          N/A          N/A          N/A          N/A      199.739          N/A
       K*KG/HR                       N/A          N/A          N/A          N/A          N/A        3.598          N/A
       K*M3/HR                       N/A          N/A          N/A          N/A          N/A         .967          N/A
 NORM VAP RATE(1), K*M3/HR           N/A          N/A          N/A          N/A          N/A        4.477          N/A
 SPECIFIC GRAVITY (AIR=1.0)          N/A          N/A          N/A          N/A          N/A         .622          N/A
 MOLECULAR WEIGHT                    N/A          N/A          N/A          N/A          N/A       18.015          N/A
 ENTHALPY, KCAL/KG                   N/A          N/A          N/A          N/A          N/A      680.237          N/A
 CP, KCAL/KG-C                       N/A          N/A          N/A          N/A          N/A         .480          N/A
 DENSITY, KG/K*M3                    N/A          N/A          N/A          N/A          N/A     3719.448          N/A
 Z (FROM DENSITY)                    N/A          N/A          N/A          N/A          N/A        .9659          N/A
 TH COND, KCAL/HR-M-C                N/A          N/A          N/A          N/A          N/A       .02861          N/A
 VISCOSITY, CP                       N/A          N/A          N/A          N/A          N/A       .01621          N/A
 
 --------  LIQUID  --------
 RATE, KG-MOL/HR                1110.088     1309.031     1309.031     1309.031     1309.031          N/A     1110.088
       K*KG/HR                    20.000       23.582       23.582       23.582       23.582          N/A       20.000
       M3/HR                      20.201       25.098       24.215       24.215       23.810          N/A       20.887
       GAL/MIN                    88.942      110.501      106.614      106.614      104.834          N/A       91.963
 STD LIQ RATE, M3/HR              20.036       23.617       23.617       23.617       23.617          N/A       20.036
 SPECIFIC GRAVITY (H2O=1.0)        .9992        .9995        .9995        .9995        .9995          N/A        .9992
 MOLECULAR WEIGHT                 18.017       18.015       18.015       18.015       18.015          N/A       18.017
 ENTHALPY, KCAL/KG                39.966      125.328       74.800       74.800       39.969          N/A      100.017
 CP, KCAL/KG-C                      .998        1.017        1.001        1.001         .998          N/A        1.008
 DENSITY, KG/M3                  990.053      939.620      973.882      973.882      990.418          N/A      957.527
 Z (FROM DENSITY)             3.4270E-03   1.3460E-03   1.3604E-03   9.4036E-04   7.5360E-04          N/A   5.7095E-03
 SURFACE TENSION, DYNE/CM        69.5612      54.2611      63.9337      63.9337      69.5913          N/A      59.2533
 THERMAL COND, KCAL/HR-M-C        .53961       .59047       .57028       .57028       .54124          N/A       .57858
 VISCOSITY, CP                    .65077       .22016       .37495       .37495       .65125          N/A       .27886
 
  (1) NORMAL VAPOR VOLUME IS 22.414 M3/KG-MOLE (0 C AND 1 ATM)

 SIMULATION SCIENCES INC.                                     R                                                           PAGE P-27
 PROJECT  QJIANG                                        PRO/II  VERSION 4.17                                                 386/EM
 PROBLEM  SWSU                                                 OUTPUT                                                           SUN
                                                           STREAM SUMMARY                                               JUNE-2-1993
 ==================================================================================================================================
 
 THE FOLLOWING STREAMS WERE NOT PRINTED BECAUSE THEY HAVE ZERO FLOW RATES
 OR THEIR TEMPERATURES OR PRESSURES ARE AT ABSOLUTE ZERO
    FG1            FG2



Generated by PRO/II Keyword Generation System <version 8.1.3>
$ Generated on: Thu Jan 21 11:29:23 2016
TITLE PROJECT=DC FCC_60, PROBLEM=DESIGN, USER=ZHANG, DATE=03-03-2011
  DBASE DATA = ALL
  PRINT INPUT=NONE, STREAM=COMPONENT, RATE=M,WT, PERCENT=M,WT, TBP
  TOLERANCE STREAM=0.03,-0.1
  DIMENSION METRIC
  OUTDIMENSION ADD, METRIC
  SEQUENCE SIMSCI, EXCLUDE=CN1
  CALCULATION RECYCLE=ALL
COMPONENT DATA
  LIBID 1,H2O/2,H2/3,N2/4,CO2/5,CO/6,O2/7,H2S/8,C1/9,C2/ &
        10,ETHENE,,C2-/11,C3/12,PROPENE,,C3-/13,NC4/14,IC4/ &
        15,BUT1,,NC4-/16,IBTE,,IC4-/17,BTC2,,CC4-/18,BTT2,,TC4-/ &
        19,NC5/20,IC5/21,PNT1,,NC5-/22,PTT2/23,PTC2/24,2BT1/25,2BT2/ &
        26,3BT1, BANK=SIMSCI,PROCESS
  ASSAY CONVERSION=API94, CURVEFIT=IMPROVED, KVRECONCILE=TAILS
  CUTPOINTS TBPCUTS=30,650,23,DEFAULT
THERMODYNAMIC DATA
  METHOD SYSTEM=SRK, TRANSPORT=PETR, SET=1
  METHOD SYSTEM=BK10, TRANSPORT=PETR, SET=2
STREAM DATA
  PROPERTY STREAM=1A, TEMPERATURE=510, PRESSURE=2.8, PHASE=M, &
         COMPOSITION(WT,KG/H)=1,26500
  PROPERTY STREAM=1G, TEMPERATURE=510, PRESSURE=2.8, PHASE=M,  &
        RATE(WT)=3227.7, COMPOSITION(WT)=1,10.32/3,67.39/4,16.63/ &
        6,5.61, NORMALIZE
  PROPERTY STREAM=1DY, TEMPERATURE=510, PRESSURE=2.8, PHASE=M,  &
        RATE(WT)=6125, COMPOSITION(WT)=2,0.08/7,0.84/8,0.93/9,0.66/ &
        10,0.99, NORMALIZE
  PROPERTY STREAM=2DY, TEMPERATURE=510, PRESSURE=2.8, PHASE=M,  &
        RATE(WT)=3500, COMPOSITION(WT)=1,0.6/2,2.1/3,18.9/4,5.5/ &
        7,0.01/8,25/9,16/10,21, NORMALIZE
  PROPERTY STREAM=1S, TEMPERATURE=510, PRESSURE=2.8, PHASE=M, &
         COMPOSITION(WT,KG/H)=7,1E-8
  PROPERTY STREAM=1B, TEMPERATURE=510, PRESSURE=2.8, PHASE=M,  &
        RATE(WT)=29750, COMPOSITION(WT)=11,1.49/12,5.63/13,1.01/ &
        14,3.95/15,1.11/16,1.36/17,1.08/18,1.37, NORMALIZE
  PROPERTY STREAM=1C, TEMPERATURE=510, PRESSURE=2.8, PHASE=M,  &
        RATE(WT)=71750.2, ASSAY=LV
    D86 STREAM=1C, DATA=0,45/10,65/50,115/90,180/100,205, TEMP=C
    API STREAM=1C, AVERAGE=67.8
    LIGHTEND STREAM=1C, COMPOSITION(WT)=19,0.9/20,4.51/21,1.19/ &
        22,2.93/23,1.58/24,2.1/25,3.89/26,0.41, &
         PERCENT(WT)=17.51, NORMALIZE
  PROPERTY STREAM=1D, TEMPERATURE=510, PRESSURE=2.8, PHASE=M,  &
        RATE(WT)=37100.2, ASSAY=LV
    D86 STREAM=1D, DATA=0,205/10,230/50,285/90,350/95,360, TEMP=C
    API STREAM=1D, AVERAGE=26.8
  PROPERTY STREAM=1E, TEMPERATURE=510, PRESSURE=2.8, PHASE=M,  &
        RATE(WT)=35000, ASSAY=LV
    D86 STREAM=1E, DATA=10,365/30,379/50,390/70,404/90,410, TEMP=C
    API STREAM=1E, AVERAGE=15.9
  PROPERTY STREAM=1F, TEMPERATURE=510, PRESSURE=2.8, PHASE=M,  &
        RATE(WT)=11375, ASSAY=LV
    D86 STREAM=1F, DATA=5,345/10,380/30,419/50,448/70,495/90,568, &
         TEMP=C
    API STREAM=1F, AVERAGE=6.2
  PROPERTY STREAM=FO1, TEMPERATURE=90, PRESSURE=6, PHASE=M, &
         RATE(WT)=175000, ASSAY=LV
    TBP STREAM=FO1, DATA=5,322/10,352/20,381/30,402/40,428/50,453/ &
        55,506, TEMP=C
    API STREAM=FO1, AVERAGE=19.8045
  PROPERTY STREAM=12, TEMPERATURE=100, PRESSURE=11, PHASE=M, &
         RATE(WT)=41710, COMPOSITION(WT)=1,14.2/2,1.3/3,16.7/4,46.1/ &
        6,1.2/7,8.3/8,64.2/9,244/10,215.5/11,16.8/12,127.8/13,14.5/ &
        14,43/15,26.6/16,40.2/17,25.2/18,31/19,1.1/20,4.2/21,5.6/ &
        22,0.7/23,8/24,12/25,13.4/26,7.8/27,1397.4/28,629.1/29,570.5/ &
        30,384.5/31,672.6/32,2275.8/33,4767.8/34,9346.9/35,10657.9/ &
        36,8505.7/37,7700/38,5816.2/39,1800/40,114.3/41,1.6, &
         NORMALIZE
  PROPERTY STREAM=13, TEMPERATURE=229, PRESSURE=2.4, PHASE=M,  &
        RATE(WT)=5489.21, COMPOSITION(M)=1,906.5/3,3.1/4,3.2/6,0.1/ &
        7,0.2/8,2.9/9,4.2/10,4/11,9/12,59.9/13,14/14,34.3/15,23.3/ &
        16,39.1/17,26.9/18,34/27,193.9/28,305.3/29,404.3/30,228.7/ &
        31,221.3/32,384.8/33,417.2/34,361.5/35,211.2/36,73/37,28/ &
        38,8.6/39,1.2, NORMALIZE
  PROPERTY STREAM=16A, TEMPERATURE=40, PRESSURE=17, PHASE=M, &
         RATE(WT)=40000, COMPOSITION(M)=31,2.15/32,7.1/33,5.98/ &
        34,8.7/35,16.84/36,15.76/37,7.69/38,0.5, NORMALIZE
  PROPERTY STREAM=37A, TEMPERATURE=45, PRESSURE=16, PHASE=M, &
         RATE(WT)=47999.9, COMPOSITION(WT)=1,86.8/2,10.1/3,112.2/ &
        4,365.9/6,8/7,168.2/8,410.3/9,3663.1/10,2084.6/11,1201.7/ &
        12,10989.2/13,619.9/14,1743.4/15,1099.3/16,1652.5/17,1094.5/ &
        18,1388/19,14.3/20,42.6/21,69.4/22,8.7/23,102.9/24,134.1/ &
        25,185.9/26,70.6/27,25251.5/28,34459.6/29,41720.4/30,21045/ &
        31,17163.7/32,15354.2/33,1358.5/34,20/35,0.5, NORMALIZE
  PROPERTY STREAM=39, TEMPERATURE=55.652, PRESSURE=17, PHASE=M,  &
        RATE(WT)=18455.7, COMPOSITION(WT)=1,107.2/2,14.4/3,160.5/ &
        4,515.8/6,11.5/7,220.8/8,573.5/9,4976.6/10,2888.5/11,972.3/ &
        12,9848.8/13,181.8/14,721.3/15,387.8/16,598.6/17,276.6/ &
        18,378.5/19,0.7/20,2.7/21,3.5/22,0.4/23,4.9/24,7.6/25,8.1/ &
        26,6.8/27,1145.5/28,451.7/29,262.7/30,53.1/31,16/32,5.5/ &
        33,0.2, NORMALIZE
  PROPERTY STREAM=46A, TEMPERATURE=205, PRESSURE=14, PHASE=M,  &
        RATE(WT)=121750, COMPOSITION(WT)=13,11.2/14,2/15,4.4/16,5.1/ &
        17,45.9/18,30.7/19,19.3/20,54.7/21,93.6/22,11.7/23,138.9/ &
        24,176.6/25,247.4/26,69.5/27,32975.7/28,38604.6/29,44110.5/ &
        30,21436.6/31,17085.4/32,15308.2/33,1310.6/34,19/35,0.5, &
         NORMALIZE
  PROPERTY STREAM=47, TEMPERATURE=25, PRESSURE=16.5, PHASE=M,  &
        RATE(WT)=45000, COMPOSITION(WT)=13,5.7/14,1/15,2.2/16,2.6/ &
        17,23.4/18,15.7/19,9.9/20,27.9/21,47.7/22,6/23,70.9/24,90.1/ &
        25,126.2/26,35.4/27,16823.6/28,19695.3/29,22504.3/30,10936.5/ &
        31,8716.6/32,7809.9/33,668.6/34,9.7/35,0.3, NORMALIZE
  PROPERTY STREAM=LS1, TEMPERATURE=200, PRESSURE=8, PHASE=M, &
         COMPOSITION(WT,KG/H)=1,2200
  PROPERTY STREAM=LS3, TEMPERATURE=200, PRESSURE=8, PHASE=M, &
         COMPOSITION(WT,KG/H)=1,1000
  PROPERTY STREAM=DOW, TEMPERATURE=64, PRESSURE=12, PHASE=M, &
         RATE(WT)=699998, COMPOSITION(M)=1,1
  PROPERTY STREAM=DMW, TEMPERATURE=25, PRESSURE=6, PHASE=M, &
         RATE(WT)=100000, COMPOSITION(M)=1,1
  PROPERTY STREAM=5R, REFSTREAM=5
  PROPERTY STREAM=11R, REFSTREAM=11
  PROPERTY STREAM=15AR, REFSTREAM=15A
  PROPERTY STREAM=12AR, REFSTREAM=12A
  PROPERTY STREAM=17R, TEMPERATURE=270, REFSTREAM=17, RATE(M)=1000
  PROPERTY STREAM=T304BL, REFSTREAM=46F
  PROPERTY STREAM=T302BL, REFSTREAM=42F
  PROPERTY STREAM=27R, REFSTREAM=27
  PROPERTY STREAM=28R, REFSTREAM=28
  PROPERTY STREAM=30R, REFSTREAM=30
  PROPERTY STREAM=46AR, TEMPERATURE=190, REFSTREAM=46A, &
         RATE(M)=1057.65
  PROPERTY STREAM=42R, REFSTREAM=42
  PROPERTY STREAM=T302BL02, REFSTREAM=S3
  PROPERTY STREAM=41CR, REFSTREAM=41C
  PROPERTY STREAM=T304TV, REFSTREAM=44
  PROPERTY STREAM=45R, REFSTREAM=45
  PROPERTY STREAM=21R, REFSTREAM=21
  NAME 1G,FLUE/1DY,Dry Gas/1B,LPG
  OUTPUT FORMAT=REFINE
UNIT OPERATIONS
  FLASH UID=M1A, NAME=MIXER
      FEED 1A,1B,1G,1DY,1S,2DY
      PRODUCT  V=1H
      ISO  TEMPERATURE=505, PRESSURE=2.7
      METHOD SET=2
  FLASH UID=M1B, NAME=MIXER
      FEED 1H,1C,1D,1F,1E
      PRODUCT  V=1
      ISO  TEMPERATURE=515, PRESSURE=3.15
      METHOD SET=2
  COLUMN UID=T201, NAME=MAIN FRACTIONATOR
      PARAMETER TRAY=16,SURE=20 FREEWATER, CAVE=0
      FEED 1,15/LS1,16/13,5/12,5
      PRODUCT  OVHD(M)=5,3000, LDRAW(M)=14,7,380.002, LDRAW(M)=25,14, &
                104, BTMS(M)=30,27, SUPERSEDE=ON
      DUTY  1,1,-10.0451,PAROHC1
      DUTY  2,8,-15.9653,PAROHC2
      DUTY  3,15,-18.8777,PAROHC3
      DUTY  4,13,-1.82,PAROHC5
      DUTY  5,16,-1.35,PAROHC4
      PA  NAME=1, FROM=2, TO=1, PHASE=L, DNAME=PAROHC1, TEMP=95
      PA  NAME=2, FROM=9, TO=8, PHASE=L, DNAME=PAROHC2, TEMP=180
      PA  NAME=4, FROM=16, TO=15, PHASE=L, DNAME=PAROHC3, TEMP=280
      PA  NAME=3, FROM=14, TO=13, PHASE=L, DNAME=PAROHC5, TEMP=270
      PA  NAME=5, FROM=16, TO=16, PHASE=L, DNAME=PAROHC4, TEMP=280
      PSPEC PTOP=2.8, DPCOLUMN=0.3
      PRINT PROPTABLE=PART
      ESTIMATE MODEL=REFINING, RRATIO=3, TTEMP=126.02, BTEMP=360, &
                 RTEMP=352.74
      TEMPERATURE 1,126.019/2,148.643/3,170.497/4,179.529/5,189.3/ &
                6,202.533/7,218.442/8,246.539/9,285.86/10,314.295/ &
                11,324.877/12,331.26/13,337.174/14,346.814/15,360/ &
                16,352.738
      VAPOR(M) 1,3569.88/2,3996.25/3,4159.04/4,4133.27/5,4045.28/ &
                6,3994.56/7,3885.84/8,3677.44/9,3969.4/10,4126.14/ &
                11,4138.63/12,4109.33/13,4059.86/14,4060.55/ &
                15,3959.46/16,143.38
      LIQUID(L,M) 1,2390.25/2,589.147/3,563.368/4,475.398/5,699.167/ &
                6,590.454/7,31.1266/8,1167.4/9,479.808/10,492.325/ &
                11,462.992/12,413.532/13,513.212/14,209.302/ &
                15,938.347/16,27.3907
      SPEC ID=COL1SPEC1, TRAY=15, TEMPERATURE(C), VALUE=355
      SPEC ID=COL1SPEC2, STREAM=30, RATE(WT,KG/H),TOTAL,WET, &
                 VALUE=11375, RTOLER=0.01
      SPEC ID=COL1SPEC3, STREAM=25, RATE(WT,KG/H),TOTAL,DRY, &
                 VALUE=35000, RTOLER=0.01
      SPEC ID=COL1SPEC4, TRAY=7, RATE(WT,KG/H), PHASE=L,WET, DIVIDE, &
                 TRAY=6, RATE(WT,KG/H), PHASE=L,WET, VALUE=0.06
      VARY DNAME=PAROHC1,PAROHC2,PAROHC3
      VARY DRAW=25
      TSIZE SECTION(1)=1,15,VALVE, DMIN=381
      TFLOW PA(L)=21,14,13/11,2,1/17,9,8/27,16,15/28,16,16
      METHOD SET=2
  SIDESTRIPPER UID=T202, NAME=LCO STRIPPER
      PARAMETER TRAY=2,SURE
      FEED 14,1/LS3,2
      PRODUCT  OVHD(M)=13, WATER(M)=WD_T202,1, BTMS(M)=15A,360, &
                 SUPERSEDE=ON
      PSPEC PTOP=2.9, DPCOLUMN=0.05
      PRINT PROPTABLE=PART
      ESTIMATE MODEL=REFINING, TTEMP=230.72, BTEMP=227.15
      TEMPERATURE 1,230.717/2,227.149
      VAPOR(M) 1,79.5967/2,70.3217
      LIQUID(L,M) 1,340.786/2,325.973
      SPEC ID=SCOL1SPEC1, STREAM=15A, RATE(WT,KG/H),TOTAL,DRY, MINUS, &
                 STREAM=16A, RATE(WT,KG/H),TOTAL,DRY, VALUE=37100
      VARY FEED=14
      TSIZE SECTION(1)=1,2,VALVE, DMIN=381
  HX   UID=E201A, NAME=T201 TOP VAPOR COOLER
      HOT  FEED=5, M=5A, DP=0.2, METH=1
      OPER HTEMP=80
  HX   UID=E201B, NAME=T201 TOP VAPOR COOLER 2
      HOT  FEED=5A, M=5B, DP=0.15, METH=1
      OPER HTEMP=50
  HX   UID=E201C, NAME=T201 TOP VAPOR COOLER 3
      HOT  FEED=5B, M=5C, DP=0.25, METH=1
      OPER HTEMP=40
  FLASH UID=V202, NAME=T201 TOP VAPOR SEPARATOR DRUM
      FEED 5C
      PRODUCT  V=GASA, L=10, W=3A
      ISO  TEMPERATURE=40
  COMPRESSOR UID=STG1, NAME=WET GAS COMPRESSOR 1ST STAGE
      FEED GASA
      PRODUCT  V=31, L=32A, W=3C
      OPERATION CALCULATION=ASME, PIN=2.2, PRATIO=2.9, POLYTROPIC=76, &
                 TESTIMATE=100
      COOLER ACDP=0.25, ACTEMP=42
  COMPRESSOR UID=STG2, NAME=WET GAS COMPRESSOR 2ST STAGE
      FEED 31
      PRODUCT  V=31A
      OPERATION CALCULATION=ASME, PRES=17, POLYTROPIC=76, &
                 TESTIMATE=100
  PUMP UID=P301, NAME=CONDENSATE PUMP
      FEED 32A,3C
      PRODUCT  L=32
      OPERATION PRESSURE=16.5
  PUMP UID=P202A, NAME=GASOIL PUMP
      FEED 10
      PRODUCT  L=10D
      OPERATION PRESSURE=16.5
  HX   UID=E317
      HOT  FEED=10D, M=S2
      OPER HTEMP=25
  PUMP UID=P202, NAME=WATER PUMP
      FEED 3A
      PRODUCT  L=3B
      OPERATION PRESSURE=18
  PUMP UID=P201, NAME=LIGHT CYCLE OIL PUMP
      FEED 15A
      PRODUCT  L=15B
      OPERATION PRESSURE=17
      METHOD SET=2
  HX   UID=E206, NAME=LCO EXCHANGER
      HOT  FEED=15B, L=15C, METH=2
      OPER HTEMP=40
  SPLITTER UID=FL1, NAME=LCO PROD SPLITTER
      FEED 15C
      PRODUCT  M=16, M=15
      OPERATION OPTION=FILL
      SPEC STREAM=15, RATE(WT,KG/H),TOTAL,DRY, VALUE=37100
      METHOD SET=2
  FLASH UID=ZHA
      FEED 16
      PRODUCT  L=16A
      ISO  TEMPERATURE=40
      METHOD SET=2
  MIXER UID=M3, NAME=WET GAS AND SOUR WATER MIXER
      FEED 31A,3B,39
      PRODUCT  M=33
  HX   UID=E301, NAME=WET GAS COOLER 1
      HOT  FEED=33, M=33A, DP=0.2
      OPER HTEMP=50
  MIXER UID=M4, NAME=WETGAS-STRIPPER GAS-ABSORBER OIL MIXER
      FEED 33A,37A
      PRODUCT  M=34
  HX   UID=E302, NAME=WET GAS COOLER 2
      HOT  FEED=34, M=34A, DP=0.3
      OPER HTEMP=40
  FLASH UID=V302, NAME=HIGH PRESSURE SEPARATOR DRUM
      FEED 34A,32
      PRODUCT  V=35, L=41A, W=3D
      ISO  TEMPERATURE=40, PRESSURE=16.5
  PUMP UID=P304, NAME=T302 FEED PUMP
      FEED 41A
      PRODUCT  L=41B
      OPERATION PRESSURE=18
  SPLITTER UID=FL5
      FEED 41B
      PRODUCT  M=41, M=41C
      OPERATION OPTION=FILL
      SPEC STREAM=41, RATE(KGM/H),TOTAL,WET, DIVIDE, STREAM=41B, &
                 RATE(KGM/H),TOTAL,WET, VALUE=0.5
  HX   UID=E303, NAME=LEAN OIL HX
      COLD FEED=41C, M=41D
      OPER CTEMP=80
  COLUMN UID=T302, NAME=STRIPPER
      PARAMETER TRAY=10,SURE=20 STOP=9
      FEED 41,1/41D,3
      PRODUCT  OVHD(M)=39,1169.88, WATER(M)=WD_T302,1,0, BTMS(M)=42, &
                1554.01, SUPERSEDE=ON
      DUTY  1,10,5.6,PAROHC1
      DUTY  2,5,2.5,PAROHC2
      PA  NAME=1, FROM=10, TO=10, PHASE=L, DNAME=PAROHC1, &
                 LFRAC(WT)=0.8
      PA  NAME=PA1, FROM=5, TO=5, PHASE=L, DNAME=PAROHC2, &
                 LFRAC(M)=0.8
      PSPEC PTOP=17, DPCOLUMN=0.5
      PRINT PROPTABLE=PART
      ESTIMATE MODEL=CONVENTIONAL, TTEMP=61.266, BTEMP=103.95, &
                 RTEMP=132.09
      TEMPERATURE 1,61.266/2,67.259/3,75.143/4,80.229/5,90.724/ &
                6,91.725/7,93.159/8,96.066/9,103.946/10,132.085
      VAPOR(M) 1,1169.88/2,1429.68/3,1446.18/4,1171.31/5,1221.67/ &
                6,795.83/7,815.861/8,835.819/9,855.076/10,835.268
      LIQUID(L,M) 1,1621.74/2,1638.24/3,2725.32/4,2775.68/5,2349.84/ &
                6,2369.87/7,2389.83/8,2409.08/9,2389.28/10,1554.01
      TSIZE SECTION(1)=1,9,VALVE, DMIN=381
      TFLOW PA(L)=S3,5,5/42F,10,10
  HX   UID=E304, NAME=DEBUTANIZER FEED EXCHANGER
      HOT  FEED=46A, L=46C
      COLD FEED=42, M=43, DP=0.5
      CONFIGURE COUNTER
      OPER HOCO=5
  HX   UID=E305, NAME=GASOLINE COOLER
      HOT  FEED=46C, L=46B, DP=0.5
      OPER HTEMP=40
  COLUMN UID=T304, NAME=DEBUTANIZER
      PARAMETER TRAY=28,SURE=20 FREEWATER, STOP=9
      FEED 43,14, SEPARATE
      PRODUCT  OVHD(M)=45,550.217, BTMS(M)=46A,1003.79, SUPERSEDE=ON
      CONDENSER TYPE=TFIX, PRESSURE=13.5, TEMPERATURE=40, TEST=50
      DUTY  1,1,-6.94674,CONDENSER
      DUTY  2,28,7.2,PAROHC1
      PA  NAME=1, FROM=28, TO=28, PHASE=L, DNAME=PAROHC1, &
                 LFRAC(WT)=0.75
      PSPEC PTOP=13.5, DPCOLUMN=0.5
      PRINT PROPTABLE=PART
      ESTIMATE MODEL=CONVENTIONAL, RRATIO=3, CTEMP=50, TTEMP=66.407, &
                 BTEMP=177.13, RTEMP=200.91
      TEMPERATURE 1,50/2,66.407/3,73.949/4,78.518/5,81.973/6,85.266/ &
                7,88.707/8,92.228/9,95.621/10,98.771/11,101.914/ &
                12,106.201/13,115.86/14,138.822/15,141.5/16,143.562/ &
                17,145.173/18,146.527/19,147.796/20,149.119/ &
                21,150.609/22,152.36/23,154.471/24,157.107/ &
                25,160.684/26,166.341/27,177.135/28,200.909
      VAPOR(M) 1,550.217/2,1707.53/3,1721.75/4,1711.27/5,1695.42/ &
                6,1673.24/7,1647.71/8,1622.42/9,1600/10,1580.59/ &
                11,1560.12/12,1525.17/13,1433.61/14,720.493/ &
                15,715.565/16,758.002/17,790.913/18,815.951/ &
                19,835.718/20,852.768/21,869.231/22,886.777/ &
                23,906.577/24,929.12/25,953.626/26,976.547/ &
                27,987.199/28,956.315
      LIQUID(L,M) 1,1157.31/2,1171.53/3,1161.05/4,1145.2/5,1123.02/ &
                6,1097.49/7,1072.2/8,1049.79/9,1030.37/10,1009.9/ &
                11,974.948/12,883.39/13,656.78/14,1719.36/15,1761.79/ &
                16,1794.7/17,1819.74/18,1839.51/19,1856.56/ &
                20,1873.02/21,1890.57/22,1910.37/23,1932.91/ &
                24,1957.42/25,1980.34/26,1990.99/27,1960.11/ &
                28,1003.79
      SPEC ID=COL5SPEC1, STREAM=45,FRACTION, COMP=1,18,WET, &
                 VALUE=0.995, RTOLER=0.01
      SPEC ID=COL3SPEC1, STREAM=46A,FRACTION(WT), COMP=8,18,WET, &
                 VALUE=0.005
      VARY DNAME=CONDENSER,PAROHC1
      TOLERANCE EQUILIBRIUM=0.01
      TSIZE SECTION(1)=2,27,VALVE, DMIN=381
      TFLOW NET(V)=44,2, PA(L)=46F,28,28
  SPLITTER UID=FL6, NAME=GASOLINE SPLITTER
      FEED 46B
      PRODUCT  M=46, M=47A
      OPERATION OPTION=FILL
      SPEC STREAM=47A, RATE(WT,KG/H),TOTAL,WET, DIVIDE, STREAM=47, &
                 RATE(WT,KG/H),TOTAL,WET, VALUE=1
  PUMP UID=P303, NAME=GASOLINE PUMP
      FEED 47A
      PRODUCT  M=S1
      OPERATION PRESSURE=16.5
  HX   UID=E318
      HOT  FEED=S1, M=47
      OPER HTEMP=25
  COLUMN UID=T301, NAME=PRIMARY ABSORBER
      PARAMETER TRAY=10,SURE=20 FREEWATER, STOP=9
      FEED 35,10/47,1/S2,2
      PRODUCT  OVHD(M)=36,685.062, BTMS(M)=37,1740.15, SUPERSEDE=ON
      DUTY  1,4,,PAROHC1
      DUTY  2,8,,PAROHC2
      PA  NAME=1, FROM=3, TO=4, PHASE=L, DNAME=PAROHC1, TEMP=25, &
                 TOTAL
      PA  NAME=2, FROM=7, TO=8, PHASE=L, DNAME=PAROHC2, TEMP=25, &
                 TOTAL
      PSPEC PTOP=16, DPCOLUMN=0.5
      PRINT PROPTABLE=PART
      ESTIMATE MODEL=CONVENTIONAL, TTEMP=36.712, BTEMP=44.507
      TEMPERATURE 1,36.712/2,36.615/3,37.559/4,31.347/5,35.13/ &
                6,37.951/7,39.396/8,35.701/9,41.302/10,44.507
      VAPOR(M) 1,685.062/2,758.286/3,904.082/4,946.163/5,1038.47/ &
                6,1085.66/7,1124.36/8,1166.52/9,1325.67/10,1400.37
      LIQUID(L,M) 1,380.315/2,1161.96/3,1204.04/4,1296.35/5,1343.55/ &
                6,1382.24/7,1424.4/8,1583.55/9,1658.25/10,1740.15
      TSIZE SECTION(1)=1,10,VALVE, DMIN=381
      TFLOW PA(L)=48,3,4/49,7,8
  COLUMN UID=T303, NAME=SEC ABSORBER
      PARAMETER TRAY=8,SURE=20 CAVE=0
      FEED 36,8/16A,1
      PRODUCT  OVHD(M)=38,550.001, WATER(M)=WD_T303,1,1.39957,  &
                BTMS(M)=12A,225.033, SUPERSEDE=ON
      PSPEC PTOP=15.5, DPCOLUMN=0.5
      PRINT PROPTABLE=PART
      ESTIMATE MODEL=CONVENTIONAL, TTEMP=46.576, BTEMP=50.834
      TEMPERATURE 1,46.576/2,47.991/3,48.59/4,49.058/5,49.629/ &
                6,50.444/7,51.412/8,50.834
      VAPOR(M) 1,608.512/2,648.947/3,655.2/4,657.266/5,658.379/ &
                6,659.383/7,660.902/8,664.88
      LIQUID(L,M) 1,189.885/2,196.137/3,198.204/4,199.317/5,200.321/ &
                6,201.842/7,205.818/8,225.033
      TSIZE SECTION(1)=1,8,VALVE, DMIN=381
      METHOD SET=2
  VALVE UID=V1
      FEED 12A
      PRODUCT  L=12AA
      OPERATION DP=4.5
      METHOD SET=2
  HX   UID=E207, NAME=RICH ABSORB OIL HX
      COLD FEED=12AA, L=12, DP=0.5, METH=2
      OPER CTEMP=100
  PUMP UID=P302, NAME=T301 BOTTOM PUMP
      FEED 37
      PRODUCT  L=37A
      OPERATION PRESSURE=18
  MIXER UID=M1
      FEED 27R,28R,30R
      PRODUCT  M=27R1
  SPLITTER UID=FL4, NAME=DRY GAS SP
      FEED 38
      PRODUCT  M=38A, M=38B
      OPERATION OPTION=FILL
      SPEC STREAM=38B, RATE(WT,KG/H),TOTAL,WET, VALUE=3500
      METHOD SET=2
  HX   UID=E1
      HOT  FEED=48, M=S4
      OPER HTEMP=25
  HX   UID=E2
      HOT  FEED=49, M=S5
      OPER HTEMP=25
  HX   UID=E-203
      HOT  FEED=5R, M=5R1
      COLD FEED=DOW, M=DOW1
      CONFIGURE COUNTER
      OPER HTEMP=90
  HX   UID=A-204
      HOT  FEED=5R1, M=5R2
      OPER HTEMP=50
  HX   UID=E-205
      HOT  FEED=5R2, M=5R3
      OPER HTEMP=40
  SPLITTER UID=SP1
      FEED DOW1
      PRODUCT  M=DOW5, M=DOW11, M=S6
      OPERATION OPTION=FILL
      SPEC STREAM=DOW5, RATE(WT,KG/H),TOTAL,WET, VALUE=45000
      SPEC STREAM=DOW11, RATE(WT,KG/H),TOTAL,WET, VALUE=500000
  HX   UID=E-201
      HOT  FEED=11R, M=S12
      COLD FEED=FO1, M=FO2
      CONFIGURE COUNTER
      OPER HOCO=4
  HX   UID=E-206
      HOT  FEED=S12, M=11R1
      COLD FEED=DOW11, M=DOW2
      CONFIGURE COUNTER, TPASS=4, SPASS=2
      OPER HTEMP=95
  HX   UID=E-211
      HOT  FEED=15AR, M=15AR1
      COLD FEED=FO2, M=FO3
      CONFIGURE COUNTER
      OPER HOCO=4
  HX   UID=E-207
      HOT  FEED=15AR1, M=15AR2
      COLD FEED=12AR, M=S11
      CONFIGURE COUNTER
      OPER CTEMP=100
  HX   UID=E-208
      HOT  FEED=15AR2, M=15AR3
      COLD FEED=S6, M=DOW3
      CONFIGURE COUNTER
      OPER HTEMP=90
  HX   UID=A-209
      HOT  FEED=15AR3, M=15AR4
      OPER HTEMP=50
  SPLITTER UID=SP2
      FEED 15AR4
      PRODUCT  M=LCOR, M=LCO
      OPERATION OPTION=FILL
      SPEC STREAM=LCOR, RATE(KGM/H),TOTAL,WET, DIVIDE, STREAM=16, &
                 RATE(KGM/H),TOTAL,WET, VALUE=1
  HX   UID=E-210
      HOT  FEED=LCOR, M=LCOR1
      OPER HTEMP=40
  HX   UID=E-218
      HOT  FEED=27R1, M=27R2
      COLD FEED=17R, M=17R1
      CONFIGURE COUNTER
      OPER DUTY=3
  HX   UID=E-310
      HOT  FEED=17R1, M=17R2
      COLD FEED=T304BL, M=T304BV
      CONFIGURE COUNTER
      DEFINE DUTY(KC/H) AS  COLUMN=T304, DNAME(KC/H)=PAROHC1
  HX   UID=E-306B
      HOT  FEED=17R2, M=17R3
      COLD FEED=T302BL, M=T302BV
      CONFIGURE COUNTER
      DEFINE DUTY(KC/H) AS  COLUMN=T302, DNAME(KC/H)=PAROHC1
  HX   UID=E-212
      HOT  FEED=17R3, M=17R4
      COLD FEED=FO3, M=FO4
      CONFIGURE COUNTER
      OPER HOCO=15
  HX   UID=E-202
      HOT  FEED=27R2, M=27R3
      COLD FEED=FO4, M=FO5
      CONFIGURE COUNTER
      OPER CTEMP=240
  HX   UID=A-308
      HOT  FEED=T304TV, M=T304TL
      OPER HTEMP=40
  HX   UID=E-217
      HOT  FEED=17R4, M=17R5
      COLD FEED=DOW3, M=S7
      CONFIGURE COUNTER
      OPER HTEMP=180
  HX   UID=E-215
      HOT  FEED=27R3, M=27R4
      OPER HTEMP=280
  SPLITTER UID=SP3
      FEED 27R4
      PRODUCT  M=T201BR, M=SLURRY
      OPERATION OPTION=FILL
      SPEC STREAM=SLURRY, RATE(KGM/H),TOTAL,WET, DIVIDE, STREAM=30, &
                 RATE(KGM/H),TOTAL,WET, VALUE=1
  HX   UID=E-216
      HOT  FEED=SLURRY, M=S19
      COLD FEED=DOW5, M=S18
      CONFIGURE COUNTER
      OPER HTEMP=90
  HX   UID=E-307
      HOT  FEED=46AR, M=46AR1
      COLD FEED=42R, M=S14
      CONFIGURE COUNTER
      OPER HOCO=5
  HX   UID=E-306A
      HOT  FEED=46AR1, M=46AR2
      COLD FEED=T302BL02, M=S22
      CONFIGURE COUNTER
      DEFINE DUTY(KC/H) AS  COLUMN=T302, DNAME(KC/H)=PAROHC2
  HX   UID=E-305
      HOT  FEED=46AR2, M=46AR3
      COLD FEED=41CR, M=S13
      CONFIGURE COUNTER
      OPER CTEMP=80
  HX   UID=E-311
      HOT  FEED=46AR3, M=46AR4
      COLD FEED=DMW, M=S15
      CONFIGURE COUNTER
      OPER HTEMP=72
  HX   UID=A-312
      HOT  FEED=46AR4, M=46AR5
      OPER HTEMP=50
  HX   UID=E-313
      HOT  FEED=46AR5, M=46AR6
      OPER HTEMP=40
  HX   UID=E-309
      HOT  FEED=45R, M=45R1
      OPER HTEMP=40
  HX   UID=E-214
      HOT  FEED=21R, M=21R1
      OPER HTEMP=270
  MIXER UID=M2
      FEED S18,DOW2,S7
      PRODUCT  M=DOW7
  CONTROLLER UID=CN1
      SPEC STREAM=46A,FRACTION, COMP=8,10,WET, VALUE=0.05
      VARY COLUMN=T302, DNAME(KC/H)=PAROHC1
      CPARAMETER IPRINT, NOSTOP
END 



PAGE    CONTENTS
 ------  ----------------------------------------------------------------
     1   FLASH DRUM SUMMARY
     2   VALVE SUMMARY
     3   MIXER SUMMARY
         SPLITTER SUMMARY
     4     UNIT 17, 'FL1', 'LCO PROD SPLITTER'
     4     UNIT 25, 'FL5'
     5     UNIT 31, 'FL6', 'GASOLINE SPLITTER'
     5     UNIT 39, 'FL4', 'DRY GAS SP'
     6     UNIT 48, 'SP1'
     6     UNIT 55, 'SP2'
     7     UNIT 65, 'SP3'
         COMPRESSOR SUMMARY
     8     UNIT 9, 'STG1', 'WET GAS COMPRESSOR 1ST STAGE'
     9     UNIT 10, 'STG2', 'WET GAS COMPRESSOR 2ST STAGE'
         PUMP SUMMARY
    10     UNIT 11, 'P301', 'CONDENSATE PUMP'
    11     UNIT 12, 'P202A', 'GASOIL PUMP'
    12     UNIT 14, 'P202', 'WATER PUMP'
    13     UNIT 15, 'P201', 'LIGHT CYCLE OIL PUMP'
    14     UNIT 24, 'P304', 'T302 FEED PUMP'
    15     UNIT 32, 'P303', 'GASOLINE PUMP'
    16     UNIT 38, 'P302', 'T301 BOTTOM PUMP'
         HEAT EXCHANGER SUMMARY
    17     UNIT 5, 'E201A', 'T201 TOP VAPOR COOLER'
    18     UNIT 6, 'E201B', 'T201 TOP VAPOR COOLER 2'
    19     UNIT 7, 'E201C', 'T201 TOP VAPOR COOLER 3'
    19     UNIT 13, 'E317'
    20     UNIT 16, 'E206', 'LCO EXCHANGER'
    20     UNIT 20, 'E301', 'WET GAS COOLER 1'
    21     UNIT 22, 'E302', 'WET GAS COOLER 2'
    21     UNIT 26, 'E303', 'LEAN OIL HX'
    22     UNIT 28, 'E304', 'DEBUTANIZER FEED EXCHANGER'
    23     UNIT 29, 'E305', 'GASOLINE COOLER'
    23     UNIT 33, 'E318'
    24     UNIT 37, 'E207', 'RICH ABSORB OIL HX'
    24     UNIT 40, 'E1'
    25     UNIT 41, 'E2'
    26     UNIT 45, 'E-203'
    27     UNIT 46, 'A-204'
    28     UNIT 47, 'E-205'
    29     UNIT 49, 'E-201'
    30     UNIT 50, 'E-206'
    31     UNIT 51, 'E-211'
    32     UNIT 52, 'E-207'
    33     UNIT 53, 'E-208'
    34     UNIT 54, 'A-209'
    34     UNIT 56, 'E-210'
    35     UNIT 57, 'E-218'
    36     UNIT 58, 'E-310'
    37     UNIT 59, 'E-306B'
    38     UNIT 60, 'E-212'

 SIMULATION SCIENCES INC.          R                                   PAGE I-2
 PROJECT  DC FCC_60          PRO/II  VERSION 8.1.3 ELEC V6.6                   
 PROBLEM  DESIGN                 OUTPUT - PRIMARY UNITS                   ZHANG
                                         INDEX                       03-03-2011
 Your license will expire in -42 days. Please contact your IPASSI sales represe
 ==============================================================================
 
  PAGE    CONTENTS
 ------  ----------------------------------------------------------------
    39     UNIT 61, 'E-202'
    40     UNIT 63, 'E-217'
    41     UNIT 64, 'E-215'
    42     UNIT 66, 'E-216'
    43     UNIT 67, 'E-307'
    44     UNIT 68, 'E-306A'
    45     UNIT 69, 'E-305'
    46     UNIT 70, 'E-311'
    47     UNIT 71, 'A-312'
    47     UNIT 72, 'E-313'
    48     UNIT 73, 'A-308'
    48     UNIT 74, 'E-309'
    49     UNIT 75, 'E-214'
         COLUMN SUMMARY
    50     UNIT 3, 'T201', 'MAIN FRACTIONATOR'
    52       TRAY RATES AND DENSITIES
    53       TRAY TRANSPORT PROPERTIES
    54       TRAY SIZING
    56     UNIT 27, 'T302', 'STRIPPER'
    58       TRAY RATES AND DENSITIES
    59       TRAY TRANSPORT PROPERTIES
    60       TRAY SIZING
    62     UNIT 30, 'T304', 'DEBUTANIZER'
    64       TRAY RATES AND DENSITIES
    66       TRAY TRANSPORT PROPERTIES
    67       TRAY SIZING
    70     UNIT 34, 'T301', 'PRIMARY ABSORBER'
    72       TRAY RATES AND DENSITIES
    73       TRAY TRANSPORT PROPERTIES
    74       TRAY SIZING
    76     UNIT 35, 'T303', 'SEC ABSORBER'
    77       TRAY RATES AND DENSITIES
    77       TRAY TRANSPORT PROPERTIES
    78       TRAY SIZING
    80     UNIT 4, 'T202', 'LCO STRIPPER'
    81       TRAY RATES AND DENSITIES
    81       TRAY TRANSPORT PROPERTIES
    82       TRAY SIZING
    84   REFINERY PROCESSOR PROPERTIES SET
   164   STREAM MOLAR COMPONENT RATES
   244   STREAM MOLAR COMPONENT PERCENTS
   324   STREAM WEIGHT COMPONENT RATES
   404   STREAM WEIGHT COMPONENT PERCENTS
   484   STREAM TBP/ASTM CURVES - DEG C


SIMULATION SCIENCES INC.          R                                   PAGE P-4
 PROJECT  DC FCC_60          PRO/II  VERSION 8.1.3 ELEC V6.6                   
 PROBLEM  DESIGN                 OUTPUT - PRIMARY UNITS                   ZHANG
                                    SPLITTER SUMMARY                 03-03-2011
 Your license will expire in -42 days. Please contact your IPASSI sales represe
 ==============================================================================
 
                      UNIT 17, 'FL1', 'LCO PROD SPLITTER'
 
                   STREAM ID       FRACTION     ------------- RATES ----------
                                                  KG-MOL/HR           KG/HR
                  ------------    ----------    -------------       ----------
  FEED                     15C                        310.975        69072.693
  
  PRODUCTS                  16      0.4621            143.696        31917.217
                            15      0.5379            167.279        37155.476
  
  TEMPERATURE, C                   40.0000
  PRESSURE, KG/CM                  17.0000
  PRESSURE DROP, KG/CM              0.0000
  
  MOLE FRAC VAPOR                   0.0000
  MOLE FRAC TOTAL LIQUID            1.0000
  MOLE FRAC H/C LIQUID              0.9846
  MOLE FRAC FREE WATER              0.0154
  MOLE FRAC MW SOLID                0.0000
 
  -  -  -  -  -  -  -  -  -  -  -  -  -  -  -  -  -  -  -  -  -  -  -  -  -  -
 
                                 UNIT 25, 'FL5'
 
                   STREAM ID       FRACTION     ------------- RATES ----------
                                                  KG-MOL/HR           KG/HR
                  ------------    ----------    -------------       ----------
  FEED                     41B                       2522.523        1.785E+05
  
  PRODUCTS                  41      0.5000           1261.262        89272.745
                           41C      0.5000           1261.262        89272.745
  
  TEMPERATURE, C                   40.0598
  PRESSURE, KG/CM                  18.0000
  PRESSURE DROP, KG/CM              0.0000
  
  MOLE FRAC VAPOR                   0.0000
  MOLE FRAC TOTAL LIQUID            1.0000
  MOLE FRAC H/C LIQUID              1.0000
  MOLE FRAC FREE WATER              0.0000
  MOLE FRAC MW SOLID                0.0000

 SIMULATION SCIENCES INC.          R                                   PAGE P-5
 PROJECT  DC FCC_60          PRO/II  VERSION 8.1.3 ELEC V6.6                   
 PROBLEM  DESIGN                 OUTPUT - PRIMARY UNITS                   ZHANG
                                    SPLITTER SUMMARY                 03-03-2011
 Your license will expire in -42 days. Please contact your IPASSI sales represe
 ==============================================================================
 
                      UNIT 31, 'FL6', 'GASOLINE SPLITTER'
 
                   STREAM ID       FRACTION     ------------- RATES ----------
                                                  KG-MOL/HR           KG/HR
                  ------------    ----------    -------------       ----------
  FEED                     46B                       1111.184        1.170E+05
  
  PRODUCTS                  46      0.6155            683.884        72021.555
                           47A      0.3845            427.300        45000.000
  
  TEMPERATURE, C                   40.0000
  PRESSURE, KG/CM                  13.5000
  PRESSURE DROP, KG/CM              0.0000
  
  MOLE FRAC VAPOR                   0.0000
  MOLE FRAC TOTAL LIQUID            1.0000
  MOLE FRAC H/C LIQUID              1.0000
  MOLE FRAC FREE WATER              0.0000
  MOLE FRAC MW SOLID                0.0000
 
  -  -  -  -  -  -  -  -  -  -  -  -  -  -  -  -  -  -  -  -  -  -  -  -  -  -
 
                          UNIT 39, 'FL4', 'DRY GAS SP'
 
                   STREAM ID       FRACTION     ------------- RATES ----------
                                                  KG-MOL/HR           KG/HR
                  ------------    ----------    -------------       ----------
  FEED                      38                        592.847        12502.070
  
  PRODUCTS                 38A      0.7200            426.877         9002.070
                           38B      0.2800            165.970         3500.000
  
  TEMPERATURE, C                   45.2379
  PRESSURE, KG/CM                  15.5000
  PRESSURE DROP, KG/CM              0.0000
  
  MOLE FRAC VAPOR                   1.0000
  MOLE FRAC TOTAL LIQUID            0.0000
  MOLE FRAC H/C LIQUID              0.0000
  MOLE FRAC FREE WATER              0.0000
  MOLE FRAC MW SOLID                0.0000

 SIMULATION SCIENCES INC.          R                                   PAGE P-6
 PROJECT  DC FCC_60          PRO/II  VERSION 8.1.3 ELEC V6.6                   
 PROBLEM  DESIGN                 OUTPUT - PRIMARY UNITS                   ZHANG
                                    SPLITTER SUMMARY                 03-03-2011
 Your license will expire in -42 days. Please contact your IPASSI sales represe
 ==============================================================================
 
                                 UNIT 48, 'SP1'
 
                   STREAM ID       FRACTION     ------------- RATES ----------
                                                  KG-MOL/HR           KG/HR
                  ------------    ----------    -------------       ----------
  FEED                    DOW1                      38855.905        7.000E+05
  
  PRODUCTS                DOW5      0.0643           2497.880        45000.000
                         DOW11      0.7143          27754.218        5.000E+05
                            S6      0.2214           8603.807        1.550E+05
  
  TEMPERATURE, C                   86.5882
  PRESSURE, KG/CM                  12.0000
  PRESSURE DROP, KG/CM              0.0000
  
  MOLE FRAC VAPOR                   0.0000
  MOLE FRAC TOTAL LIQUID            1.0000
  MOLE FRAC H/C LIQUID              0.0000
  MOLE FRAC FREE WATER              1.0000
  MOLE FRAC MW SOLID                0.0000
 
  -  -  -  -  -  -  -  -  -  -  -  -  -  -  -  -  -  -  -  -  -  -  -  -  -  -
 
                                 UNIT 55, 'SP2'
 
                   STREAM ID       FRACTION     ------------- RATES ----------
                                                  KG-MOL/HR           KG/HR
                  ------------    ----------    -------------       ----------
  FEED                   15AR4                        310.975        69072.693
  
  PRODUCTS                LCOR      0.4621            143.696        31917.217
                           LCO      0.5379            167.279        37155.476
  
  TEMPERATURE, C                   50.0000
  PRESSURE, KG/CM                   2.9500
  PRESSURE DROP, KG/CM              0.0000
  
  MOLE FRAC VAPOR                   0.0000
  MOLE FRAC TOTAL LIQUID            1.0000
  MOLE FRAC H/C LIQUID              0.9857
  MOLE FRAC FREE WATER              0.0143
  MOLE FRAC MW SOLID                0.0000

 SIMULATION SCIENCES INC.          R                                   PAGE P-7
 PROJECT  DC FCC_60          PRO/II  VERSION 8.1.3 ELEC V6.6                   
 PROBLEM  DESIGN                 OUTPUT - PRIMARY UNITS                   ZHANG
                                    SPLITTER SUMMARY                 03-03-2011
 Your license will expire in -42 days. Please contact your IPASSI sales represe
 ==============================================================================
 
                                 UNIT 65, 'SP3'
 
                   STREAM ID       FRACTION     ------------- RATES ----------
                                                  KG-MOL/HR           KG/HR
                  ------------    ----------    -------------       ----------
  FEED                    27R4                       1088.659        4.586E+05
  
  PRODUCTS              T201BR      0.9752           1061.658        4.473E+05
                        SLURRY      0.0248             27.000        11375.006
  
  TEMPERATURE, C                  280.0000
  PRESSURE, KG/CM                   3.1000
  PRESSURE DROP, KG/CM              0.0000
  
  MOLE FRAC VAPOR                   0.0000
  MOLE FRAC TOTAL LIQUID            1.0000
  MOLE FRAC H/C LIQUID              1.0000
  MOLE FRAC FREE WATER              0.0000
  MOLE FRAC MW SOLID                0.0000

 SIMULATION SCIENCES INC.          R                                   PAGE P-8
 PROJECT  DC FCC_60          PRO/II  VERSION 8.1.3 ELEC V6.6                   
 PROBLEM  DESIGN                 OUTPUT - PRIMARY UNITS                   ZHANG
                                   COMPRESSOR SUMMARY                03-03-2011
 Your license will expire in -42 days. Please contact your IPASSI sales represe
 ==============================================================================
 
                 UNIT 9, 'STG1', 'WET GAS COMPRESSOR 1ST STAGE'
 
 Feeds                              GASA
 
 Products Vapor                       31
          Liquid                     32A
          Water                       3C
 
 
 OPERATING CONDITIONS
 
                                    INLET   ISENTROPIC       OUTLET
                              -----------  -----------  -----------
  TEMPERATURE, C                    40.00        85.95        99.63
  PRESSURE, KG/CM2                   2.20         6.38         6.38
  ENTHALPY, M*KCAL/HR              5.4660       6.3975       6.7178
  ENTROPY, KCAL/KG-MOL-C          76.4069      76.4069      77.0570
  CP, KCAL/KG-MOL-C               15.4566                   17.6193
  CV, KCAL/KG-MOL-C               13.3374                   15.3520
  CP/(CP-R)                        1.1474                    1.1270
  CP/CV                            1.1589                    1.1477
  MOLE PERCENT VAPOR             100.0000     100.0000     100.0000
  MOLE PERCENT LIQUID              0.0000       0.0000       0.0000
  MOLE PERCENT H/C LIQUID          0.0000       0.0000       0.0000
  MOLE PERCENT WATER               0.0000       0.0000       0.0000
  MOLE PERCENT MW SOLID            0.0000       0.0000       0.0000
  WEIGHT PERCENT TOTAL SOLID       0.0000       0.0000       0.0000
  ACT VAP RATE, M3/SEC             4.4307
  ADIABATIC EFF, PERCENT                                    74.4113
  POLYTROPIC EFF, PERCENT                                   76.0000
  ISENTROPIC COEFFICIENT, K                                  1.1278
  POLYTROPIC COEFFICIENT, N                                  1.1794
  ASME "F" FACTOR                                            1.0015
  HEAD, M
          ADIABATIC                                         7664.30
          POLYTROPIC                                        7827.93
          ACTUAL                                           10299.91
  WORK, KW
          THEORETICAL                                       1083.31
          POLYTROPIC                                        1106.44
          ACTUAL                                            1455.84
  AFTERCOOLER
       DUTY, M*KCAL/HR                                        -1.98
       TEMPERATURE, C                                         42.00
       PRESSURE, KG/CM2                                        6.13
 
  NOTE: POLYTROPIC AND ISENTROPIC COEFFICIENTS
        CALCULATED FROM ASME EQUATIONS

 SIMULATION SCIENCES INC.          R                                   PAGE P-9
 PROJECT  DC FCC_60          PRO/II  VERSION 8.1.3 ELEC V6.6                   
 PROBLEM  DESIGN                 OUTPUT - PRIMARY UNITS                   ZHANG
                                   COMPRESSOR SUMMARY                03-03-2011
 Your license will expire in -42 days. Please contact your IPASSI sales represe
 ==============================================================================
 
                UNIT 10, 'STG2', 'WET GAS COMPRESSOR 2ST STAGE'
 
 Feeds                                31
 
 Products Vapor                      31A
 
 
 OPERATING CONDITIONS
 
                                    INLET   ISENTROPIC       OUTLET
                              -----------  -----------  -----------
  TEMPERATURE, C                    42.00        90.47       103.15
  PRESSURE, KG/CM2                   6.13        17.00        17.00
  ENTHALPY, M*KCAL/HR              4.6142       5.4211       5.7002
  ENTROPY, KCAL/KG-MOL-C          73.1317      73.1317      73.7335
  CP, KCAL/KG-MOL-C               15.2798                   17.7086
  CV, KCAL/KG-MOL-C               12.8891                   14.9072
  CP/(CP-R)                        1.1494                    1.1263
  CP/CV                            1.1855                    1.1879
  MOLE PERCENT VAPOR             100.0000     100.0000     100.0000
  MOLE PERCENT LIQUID              0.0000       0.0000       0.0000
  MOLE PERCENT H/C LIQUID          0.0000       0.0000       0.0000
  MOLE PERCENT WATER               0.0000       0.0000       0.0000
  MOLE PERCENT MW SOLID            0.0000       0.0000       0.0000
  WEIGHT PERCENT TOTAL SOLID       0.0000       0.0000       0.0000
  ACT VAP RATE, M3/SEC             1.4479
  ADIABATIC EFF, PERCENT                                    74.2997
  POLYTROPIC EFF, PERCENT                                   76.0000
  ISENTROPIC COEFFICIENT, K                                  1.1157
  POLYTROPIC COEFFICIENT, N                                  1.1725
  ASME "F" FACTOR                                            1.0020
  HEAD, M
          ADIABATIC                                         7390.18
          POLYTROPIC                                        7559.31
          ACTUAL                                            9946.46
  WORK, KW
          THEORETICAL                                        938.39
          POLYTROPIC                                         959.87
          ACTUAL                                            1262.99
 
  NOTE: POLYTROPIC AND ISENTROPIC COEFFICIENTS
        CALCULATED FROM ASME EQUATIONS

SIMULATION SCIENCES INC.          R                                  PAGE P-54
 PROJECT  DC FCC_60          PRO/II  VERSION 8.1.3 ELEC V6.6                   
 PROBLEM  DESIGN                 OUTPUT - PRIMARY UNITS                   ZHANG
                                     COLUMN SUMMARY                  03-03-2011
 Your license will expire in -42 days. Please contact your IPASSI sales represe
 ==============================================================================
 
                  UNIT 3, 'T201', 'MAIN FRACTIONATOR'  (Cont)
 
 TRAY SIZING MECHANICAL DATA
 
  SECTION    TRAY      TRAY   TRAY SPACING  SYSTEM  TRAY   MIN DIAMETER
            NUMBERS   PASSES        MM      FACTOR  TYPE        MM
  -------  ---------  ------  ------------  ------  -----  ------------
      1      1 -  15   N/A        609.60      1.00  VALVE     381.00
 
 
 TRAY SIZING RESULTS
 
  TRAY  VAPOR  LIQUID  VLOAD   -- DESIGN --   NEXT SMALLER   NEXT LARGER    NP
         M3/S   M3/S    M3/S   DIA, MM  FF    DIA, MM  FF    DIA, MM  FF
  ----  ----- -------  -----   ------- ----   ------- ----   ------- ----   --
    1   14.05 0.15576  1.068   4204.4  80.6   4115.   83.3   4267.   77.9    4
    2   15.42 0.17417  1.231   4518.3  80.7   4420.   83.3   4572.   78.3    4
    3   15.56 0.03797  1.245   4185.8  80.0   4115.   81.8   4267.   77.0    1
    4   15.46 0.03386  1.211   4099.8  80.0   3962.   84.2   4115.   79.4    1
 ** WARNING **  MIXED PHASE FEED to tray 5. Carefully check the tray sizing
                results.
 ** WARNING **  MIXED PHASE FEED to tray 5. Carefully check the tray sizing
                results.
    5   15.89 0.05023  1.236   4267.6  80.0   4267.   80.0   4420.   74.8    1
    6   15.38 0.04381  1.155   4087.8  80.0   3962.   84.5   4115.   79.0    1
    7   15.27 0.03066  1.052   3811.6  80.0   3810.   79.1   3962.   74.1    1
    8   17.46 0.10936  1.297   4536.6  80.0   4420.   83.4   4572.   78.7    2
    9   18.81 0.13193  1.494   4930.3  80.0   4877.   81.3   5029.   76.9    2
   10   19.03 0.05146  1.538   4726.0  80.0   4724.   79.4   4877.   75.3    1
   11   18.95 0.04974  1.526   4694.7  80.0   4572.   83.3   4724.   79.0    1
   12   18.79 0.04535  1.490   4609.2  80.0   4572.   80.4   4724.   76.2    1
   13   18.97 0.06090  1.504   4653.8  80.0   4572.   78.7   4724.   77.5    2
   14   18.80 0.05084  1.431   4566.1  80.0   4420.   84.5   4572.   79.8    1
 ** WARNING **  MIXED PHASE FEED to tray 15. Carefully check the tray sizing
                results.
   15   22.54 0.16578  1.408   4702.0  80.6   4572.   84.3   4724.   79.4    4
 
 
 TRAY SIZING DOWNCOMER WIDTH CALCULATION
 
        NEXT LARGER    -------  DOWNCOMER WIDTHS  --------
  TRAY    DIAMETER       SIDE        CENTER     OFF-CENTER
             MM           MM           MM           MM
  ----  -----------    -------      -------     ----------
    1      4267.       257.223      165.359      186.194
    2      4572.       271.381      173.170      195.042
    3      4267.       290.432        N/A          N/A
    4      4115.       285.427        N/A          N/A
    5      4420.       296.422        N/A          N/A
    6      4115.       286.299        N/A          N/A
    7      3962.       262.175        N/A          N/A
    8      4572.       316.755      217.734        N/A
    9      5029.       343.598      234.608        N/A
SIMULATION SCIENCES INC.          R                                  PAGE P-84
 PROJECT  DC FCC_60          PRO/II  VERSION 8.1.3 ELEC V6.6                   
 PROBLEM  DESIGN                 OUTPUT - PRIMARY UNITS                   ZHANG
                           REFINERY PROCESSOR PROPERTIES SET         03-03-2011
 Your license will expire in -42 days. Please contact your IPASSI sales represe
 ==============================================================================
 
 STREAM ID                           DMW          DOW         DOW1         DOW2
        NAME
        PHASE                      WATER        WATER        WATER        WATER
    THERMO ID                          1            1            1            1
  
 --- TOTAL STREAM - WET BASIS (INCLUDES ANY FREE AND DISSOLVED WATER) ---
 
 TEMPERATURE, C                    25.00        64.00        86.59        99.70
 PRESSURE, KG/CM2                  6.000       12.000       12.000       12.000
 RATE, KG-MOL/HR               5550.8437   38855.9047   38855.9047   27754.2179
 RATE, KG/HR                 100000.0031  699999.9939  699999.9939  500000.0000
 ENTHALPY, M*KCAL/HR              2.5015      44.7536      60.5871      49.8667
 ENTHALPY, KCAL/KG               25.0153      63.9337      86.5530      99.7334
 MOLECULAR WEIGHT                18.0153      18.0153      18.0153      18.0153
 RVP, PSI                            N/A          N/A          N/A          N/A
 TVP, KG/CM2                         N/A          N/A          N/A          N/A
 
 --- VAPOR PHASE - WET BASIS (INCLUDES WATER VAPOR) ---
 
 RATE, KG/HR                         N/A          N/A          N/A          N/A
 ACT RATE, M3/HR                     N/A          N/A          N/A          N/A
 NORM VAP RATE(1), K*M3/HR           N/A          N/A          N/A          N/A
 CP, KCAL/KG-C                       N/A          N/A          N/A          N/A
 CV, KCAL/KG-C                       N/A          N/A          N/A          N/A
 MOLECULAR WEIGHT                    N/A          N/A          N/A          N/A
 ACT DENS, KG/M3                     N/A          N/A          N/A          N/A
 COMPRESSIBILITY (Z)                 N/A          N/A          N/A          N/A
 STD SP.GR. (AIR, 60F)               N/A          N/A          N/A          N/A
 
 --- LIQUID PHASE - WET BASIS (INCLUDES ANY FREE AND DISSOLVED WATER) ---
 
 RATE, KG/HR                 100000.0031  699999.9939  699999.9939  500000.0000
 ACT RATE, LIT/SEC               27.8666     198.1812     200.9457     144.8840
 STD LV RATE, M3/HR             100.0987     700.6909     700.6909     500.4935
 STD LV RATE, M3/DAY           2402.3669   16816.5674   16816.5674   12011.8340
 CP, KCAL/KG-C                    0.9980       0.9994       1.0039       1.0074
 MOLECULAR WEIGHT                18.0153      18.0153      18.0153      18.0153
 ACT DENSITY, KG/M3             996.8128     981.1448     967.6467     958.6211
 DENSITY, KG/M3                 999.0140     999.0140     999.0140     999.0140
 VISCOSITY, CP                    0.8901       0.4362       0.3240       0.2800
 
  (1) NORMAL VAPOR VOLUME IS 22.414 M3/KG-MOLE (0 C AND 1 ATM)

 SIMULATION SCIENCES INC.          R                                  PAGE P-85
 PROJECT  DC FCC_60          PRO/II  VERSION 8.1.3 ELEC V6.6                   
 PROBLEM  DESIGN                 OUTPUT - PRIMARY UNITS                   ZHANG
                           REFINERY PROCESSOR PROPERTIES SET         03-03-2011
 Your license will expire in -42 days. Please contact your IPASSI sales represe
 ==============================================================================
 
 STREAM ID                           DMW          DOW         DOW1         DOW2
        NAME
        PHASE                      WATER        WATER        WATER        WATER
    THERMO ID                          1            1            1            1
  
 --- TOTAL STREAM - DRY  BASIS (INCLUDES NO WATER) ---
 
 RATE, KG/HR                         N/A          N/A          N/A          N/A
 MOLECULAR WEIGHT                    N/A          N/A          N/A          N/A
 WATSON K                            N/A          N/A          N/A          N/A
 FLASH POINT, C                      N/A          N/A          N/A          N/A
 RVP, PSI                            N/A          N/A          N/A          N/A
 TVP, KG/CM2                         N/A          N/A          N/A          N/A
 DENSITY, KG/M3                      N/A          N/A          N/A          N/A
 
 --- VAPOR PHASE - DRY BASIS (INCLUDES NO WATER) ---
 
 RATE, KG/HR                         N/A          N/A          N/A          N/A
 NORM VAP RATE(1), K*M3/HR           N/A          N/A          N/A          N/A
 MOLECULAR WEIGHT                    N/A          N/A          N/A          N/A
 
 --- LIQUID PHASE - DRY BASIS (INCLUDES NO WATER) ---
 
 RATE, KG/HR                         N/A          N/A          N/A          N/A
 STD LV RATE, M3/DAY                 N/A          N/A          N/A          N/A
 MOLECULAR WEIGHT                    N/A          N/A          N/A          N/A
 DENSITY, KG/M3                      N/A          N/A          N/A          N/A

 SIMULATION SCIENCES INC.          R                                  PAGE P-86
 PROJECT  DC FCC_60          PRO/II  VERSION 8.1.3 ELEC V6.6                   
 PROBLEM  DESIGN                 OUTPUT - PRIMARY UNITS                   ZHANG
                           REFINERY PROCESSOR PROPERTIES SET         03-03-2011
 Your license will expire in -42 days. Please contact your IPASSI sales represe
 ==============================================================================
 
 STREAM ID                          DOW3         DOW5         DOW7        DOW11
        NAME
        PHASE                      WATER        WATER        WATER        WATER
    THERMO ID                          1            1            1            1
  
 --- TOTAL STREAM - WET BASIS (INCLUDES ANY FREE AND DISSOLVED WATER) ---
 
 TEMPERATURE, C                    97.10        86.59       102.64        86.59
 PRESSURE, KG/CM2                 12.000       12.000       12.000       12.000
 RATE, KG-MOL/HR               8603.8072    2497.8796   38855.9047   27754.2179
 RATE, KG/HR                 154999.9939   45000.0000  699999.9939  500000.0000
 ENTHALPY, M*KCAL/HR             15.0537       3.8949      71.8868      43.2765
 ENTHALPY, KCAL/KG               97.1205      86.5530     102.6954      86.5530
 MOLECULAR WEIGHT                18.0153      18.0153      18.0153      18.0153
 RVP, PSI                            N/A          N/A          N/A          N/A
 TVP, KG/CM2                         N/A          N/A          N/A          N/A
 
 --- VAPOR PHASE - WET BASIS (INCLUDES WATER VAPOR) ---
 
 RATE, KG/HR                         N/A          N/A          N/A          N/A
 ACT RATE, M3/HR                     N/A          N/A          N/A          N/A
 NORM VAP RATE(1), K*M3/HR           N/A          N/A          N/A          N/A
 CP, KCAL/KG-C                       N/A          N/A          N/A          N/A
 CV, KCAL/KG-C                       N/A          N/A          N/A          N/A
 MOLECULAR WEIGHT                    N/A          N/A          N/A          N/A
 ACT DENS, KG/M3                     N/A          N/A          N/A          N/A
 COMPRESSIBILITY (Z)                 N/A          N/A          N/A          N/A
 STD SP.GR. (AIR, 60F)               N/A          N/A          N/A          N/A
 
 --- LIQUID PHASE - WET BASIS (INCLUDES ANY FREE AND DISSOLVED WATER) ---
 
 RATE, KG/HR                 154999.9939   45000.0000  699999.9939  500000.0000
 ACT RATE, LIT/SEC               44.8275      12.9179     203.2903     143.5327
 STD LV RATE, M3/HR             155.1530      45.0444     700.6909     500.4935
 STD LV RATE, M3/DAY           3723.6684    1081.0651   16816.5674   12011.8340
 CP, KCAL/KG-C                    1.0067       1.0039       1.0083       1.0039
 MOLECULAR WEIGHT                18.0153      18.0153      18.0153      18.0153
 ACT DENSITY, KG/M3             960.4725     967.6467     956.4866     967.6467
 DENSITY, KG/M3                 999.0140     999.0140     999.0140     999.0140
 VISCOSITY, CP                    0.2878       0.3240       0.2715       0.3240
 
  (1) NORMAL VAPOR VOLUME IS 22.414 M3/KG-MOLE (0 C AND 1 ATM)

 SIMULATION SCIENCES INC.          R                                  PAGE P-87
 PROJECT  DC FCC_60          PRO/II  VERSION 8.1.3 ELEC V6.6                   
 PROBLEM  DESIGN                 OUTPUT - PRIMARY UNITS                   ZHANG
                           REFINERY PROCESSOR PROPERTIES SET         03-03-2011
 Your license will expire in -42 days. Please contact your IPASSI sales represe
 ==============================================================================
 
 STREAM ID                          DOW3         DOW5         DOW7        DOW11
        NAME
        PHASE                      WATER        WATER        WATER        WATER
    THERMO ID                          1            1            1            1
  
 --- TOTAL STREAM - DRY  BASIS (INCLUDES NO WATER) ---
 
 RATE, KG/HR                         N/A          N/A          N/A          N/A
 MOLECULAR WEIGHT                    N/A          N/A          N/A          N/A
 WATSON K                            N/A          N/A          N/A          N/A
 FLASH POINT, C                      N/A          N/A          N/A          N/A
 RVP, PSI                            N/A          N/A          N/A          N/A
 TVP, KG/CM2                         N/A          N/A          N/A          N/A
 DENSITY, KG/M3                      N/A          N/A          N/A          N/A
 
 --- VAPOR PHASE - DRY BASIS (INCLUDES NO WATER) ---
 
 RATE, KG/HR                         N/A          N/A          N/A          N/A
 NORM VAP RATE(1), K*M3/HR           N/A          N/A          N/A          N/A
 MOLECULAR WEIGHT                    N/A          N/A          N/A          N/A
 
 --- LIQUID PHASE - DRY BASIS (INCLUDES NO WATER) ---
 
 RATE, KG/HR                         N/A          N/A          N/A          N/A
 STD LV RATE, M3/DAY                 N/A          N/A          N/A          N/A
 MOLECULAR WEIGHT                    N/A          N/A          N/A          N/A
 DENSITY, KG/M3                      N/A          N/A          N/A          N/A

 SIMULATION SCIENCES INC.          R                                  PAGE P-88
 PROJECT  DC FCC_60          PRO/II  VERSION 8.1.3 ELEC V6.6                   
 PROBLEM  DESIGN                 OUTPUT - PRIMARY UNITS                   ZHANG
                           REFINERY PROCESSOR PROPERTIES SET         03-03-2011
 Your license will expire in -42 days. Please contact your IPASSI sales represe
 ==============================================================================
 
 STREAM ID                           FO1          FO2          FO3          FO4
        NAME
        PHASE                 DRY LIQUID   DRY LIQUID   DRY LIQUID   DRY LIQUID
    THERMO ID                          1            1            1            1
  
 --- TOTAL STREAM - WET BASIS (INCLUDES ANY FREE AND DISSOLVED WATER) ---
 
 TEMPERATURE, C                    90.00       126.47       155.22       176.20
 PRESSURE, KG/CM2                  6.000        6.000        6.000        6.000
 RATE, KG-MOL/HR                338.5426     338.5426     338.5426     338.5426
 RATE, KG/HR                 174999.9985  174999.9985  174999.9985  174999.9985
 ENTHALPY, M*KCAL/HR              5.5105       8.7835      11.5091      13.5783
 ENTHALPY, KCAL/KG               31.4883      50.1912      65.7663      77.5900
 MOLECULAR WEIGHT               516.9217     516.9217     516.9217     516.9217
 RVP, PSI                     2.6144E-05   2.6144E-05   2.6144E-05   2.6144E-05
 TVP, KG/CM2                  3.6762E-06   3.6762E-06   3.6762E-06   3.6762E-06
 
 --- VAPOR PHASE - WET BASIS (INCLUDES WATER VAPOR) ---
 
 RATE, KG/HR                         N/A          N/A          N/A          N/A
 ACT RATE, M3/HR                     N/A          N/A          N/A          N/A
 NORM VAP RATE(1), K*M3/HR           N/A          N/A          N/A          N/A
 CP, KCAL/KG-C                       N/A          N/A          N/A          N/A
 CV, KCAL/KG-C                       N/A          N/A          N/A          N/A
 MOLECULAR WEIGHT                    N/A          N/A          N/A          N/A
 ACT DENS, KG/M3                     N/A          N/A          N/A          N/A
 COMPRESSIBILITY (Z)                 N/A          N/A          N/A          N/A
 STD SP.GR. (AIR, 60F)               N/A          N/A          N/A          N/A
 
 --- LIQUID PHASE - WET BASIS (INCLUDES ANY FREE AND DISSOLVED WATER) ---
 
 RATE, KG/HR                 174999.9985  174999.9985  174999.9985  174999.9985
 ACT RATE, LIT/SEC               53.1483      54.3375      55.3077      56.0424
 STD LV RATE, M3/HR             182.9267     182.9267     182.9267     182.9267
 STD LV RATE, M3/DAY           4390.2370    4390.2370    4390.2370    4390.2370
 CP, KCAL/KG-C                    0.4964       0.5292       0.5544       0.5723
 MOLECULAR WEIGHT               516.9217     516.9217     516.9217     516.9217
 ACT DENSITY, KG/M3             914.6318     894.6139     878.9214     867.3986
 DENSITY, KG/M3                 956.6674     956.6674     956.6674     956.6674
 VISCOSITY, CP                   13.1902       6.2215       3.7659       2.7185
 
  (1) NORMAL VAPOR VOLUME IS 22.414 M3/KG-MOLE (0 C AND 1 ATM)
SIMULATION SCIENCES INC.          R                                 PAGE P-484
 PROJECT  DC FCC_60          PRO/II  VERSION 8.1.3 ELEC V6.6                   
 PROBLEM  DESIGN                 OUTPUT - PRIMARY UNITS                   ZHANG
                             STREAM TBP/ASTM CURVES - DEG C          03-03-2011
 Your license will expire in -42 days. Please contact your IPASSI sales represe
 ==============================================================================
 
 STREAM ID                           FO1          FO2          FO3          FO4
        NAME
        PHASE                 DRY LIQUID   DRY LIQUID   DRY LIQUID   DRY LIQUID
    THERMO ID                          1            1            1            1
  
   TBP AT 760 MM HG
         1 LV PERCENT            262.292      262.292      262.292      262.292
         5                       319.930      319.930      319.930      319.930
        10                       350.153      350.153      350.153      350.153
        30                       404.003      404.003      404.003      404.003
        50                       462.915      462.915      462.915      462.915
        70                       717.837      717.837      717.837      717.837
        90                       989.450      989.450      989.450      989.450
        95                      1049.628     1049.628     1049.628     1049.628
        98                      1085.735     1085.735     1085.735     1085.735
 
   TBP AT  10 MM HG
         1 LV PERCENT            127.862      127.862      127.862      127.862
         5                       175.663      175.663      175.663      175.663
        10                       201.128      201.128      201.128      201.128
        30                       247.202      247.202      247.202      247.202
        50                       298.662      298.662      298.662      298.662
        70                       534.972      534.972      534.972      534.972
        90                       814.053      814.053      814.053      814.053
        95                       880.164      880.164      880.164      880.164
        98                       920.633      920.633      920.633      920.633
 
   ASTM D86 AT 760 MM HG
         1 LV PERCENT            259.660      259.660      259.660      259.660
         5                       327.364      327.364      327.364      327.364
        10                       362.865      362.865      362.865      362.865
        30                       398.673      398.673      398.673      398.673
        50                       445.754      445.754      445.754      445.754
        70                       761.530      761.530      761.530      761.530
        90                      1225.832     1225.832     1225.832     1225.832
        95                      1249.831     1249.831     1249.831     1249.831
        98                      1264.230     1264.230     1264.230     1264.230
 
   ASTM D86 AT 760 MM HG WITH CRACKING
         1 LV PERCENT            256.546      256.546      256.546      256.546
         5                       317.148      317.148      317.148      317.148
        10                       345.168      345.168      345.168      345.168
        30                       369.927      369.927      369.927      369.927
        50                       396.943      396.943      396.943      396.943
        70                       487.608      487.608      487.608      487.608
        90                       512.737      512.737      512.737      512.737
        95                       521.200      521.200      521.200      521.200
        98                       549.497      549.497      549.497      549.497

 SIMULATION SCIENCES INC.          R                                 PAGE P-485
 PROJECT  DC FCC_60          PRO/II  VERSION 8.1.3 ELEC V6.6                   
 PROBLEM  DESIGN                 OUTPUT - PRIMARY UNITS                   ZHANG
                             STREAM TBP/ASTM CURVES - DEG C          03-03-2011
 Your license will expire in -42 days. Please contact your IPASSI sales represe
 ==============================================================================
 
 STREAM ID                           FO1          FO2          FO3          FO4
        NAME
        PHASE                 DRY LIQUID   DRY LIQUID   DRY LIQUID   DRY LIQUID
    THERMO ID                          1            1            1            1
  
   ASTM D1160 AT 760 MM HG
         1 LV PERCENT            265.228      265.228      265.228      265.228
         5                       326.618      326.618      326.618      326.618
        10                       358.775      358.775      358.775      358.775
        30                       408.010      408.010      408.010      408.010
        50                       462.915      462.915      462.915      462.915
        70                       717.837      717.837      717.837      717.837
        90                       989.450      989.450      989.450      989.450
        95                      1049.628     1049.628     1049.628     1049.628
        98                      1085.735     1085.735     1085.735     1085.735
 
   ASTM D1160 AT 10 MM HG
         1 LV PERCENT            130.273      130.273      130.273      130.273
         5                       181.274      181.274      181.274      181.274
        10                       208.444      208.444      208.444      208.444
        30                       250.667      250.667      250.667      250.667
        50                       298.662      298.662      298.662      298.662
        70                       534.972      534.972      534.972      534.972
        90                       814.053      814.053      814.053      814.053
        95                       880.164      880.164      880.164      880.164
        98                       920.633      920.633      920.633      920.633
 
   ASTM D2887 AT 760 MM HG
         1 WT PERCENT            270.798      270.798      270.798      270.798
         5                       333.907      333.907      333.907      333.907
        10                       366.998      366.998      366.998      366.998
        30                       414.390      414.390      414.390      414.390
        50                       462.915      462.915      462.915      462.915
        70                       604.707      604.707      604.707      604.707
        90                       767.153      767.153      767.153      767.153
        95                       890.191      890.191      890.191      890.191
        98                       911.572      911.572      911.572      911.572
 
   TBP AT 760 MM HG
         1 WT PERCENT            264.234      264.234      264.234      264.234
         5                       324.015      324.015      324.015      324.015
        10                       353.633      353.633      353.633      353.633
        30                       409.401      409.401      409.401      409.401
        50                       495.112      495.112      495.112      495.112
        70                       753.993      753.993      753.993      753.993
        90                       997.639      997.639      997.639      997.639
        95                      1051.768     1051.768     1051.768     1051.768
        98                      1084.245     1084.245     1084.245     1084.245

 SIMULATION SCIENCES INC.          R                                 PAGE P-486
 PROJECT  DC FCC_60          PRO/II  VERSION 8.1.3 ELEC V6.6                   
 PROBLEM  DESIGN                 OUTPUT - PRIMARY UNITS                   ZHANG
                             STREAM TBP/ASTM CURVES - DEG C          03-03-2011
 Your license will expire in -42 days. Please contact your IPASSI sales represe
 ==============================================================================
 
 STREAM ID                           FO5         GASA          LCO         LCOR
        NAME
        PHASE                 DRY LIQUID    WET VAPOR   WET LIQUID   WET LIQUID
    THERMO ID                          1            1            1            1
  
   TBP AT 760 MM HG
         1 LV PERCENT            262.292     -252.760      150.120      150.120
         5                       319.930     -195.461      199.279      199.279
        10                       350.153     -167.821      216.327      216.327
        30                       404.003      -88.929      262.670      262.670
        50                       462.915      -45.382      297.126      297.126
        70                       717.837       -7.703      329.629      329.629
        90                       989.450       36.171      363.167      363.167
        95                      1049.628       66.073      376.347      376.347
        98                      1085.735      117.507      387.509      387.509
 
   TBP AT  10 MM HG
         1 LV PERCENT            127.862     -259.169       37.609       37.609
         5                       175.663     -219.375       76.720       76.720
        10                       201.128     -199.908       90.444       90.444
        30                       247.202     -143.346      128.172      128.172
        50                       298.662     -111.475      156.632      156.632
        70                       534.972      -83.517      183.804      183.804
        90                       814.053      -50.505      212.180      212.180
        95                       880.164      -27.719      223.426      223.426
        98                       920.633       12.032      232.993      232.993
 
   ASTM D86 AT 760 MM HG
         1 LV PERCENT            259.660     -221.408      170.392      170.392
         5                       327.364     -164.302      219.103      219.103
        10                       362.865     -136.755      235.997      235.997
        30                       398.673      -75.734      265.035      265.035
        50                       445.754      -43.453      289.132      289.132
        70                       761.530      -12.774      314.751      314.751
        90                      1225.832       28.730      343.829      343.829
        95                      1249.831       40.504      352.664      352.664
        98                      1264.230       60.757      360.146      360.146
 
   ASTM D86 AT 760 MM HG WITH CRACKING
         1 LV PERCENT            256.546     -221.408      170.392      170.392
         5                       317.148     -164.302      219.103      219.103
        10                       345.168     -136.755      235.997      235.997
        30                       369.927      -75.734      261.597      261.597
        50                       396.943      -43.453      283.817      283.817
        70                       487.608      -12.774      306.464      306.464
        90                       512.737       28.730      330.546      330.546
        95                       521.200       40.504      337.455      337.455
        98                       549.497       60.757      343.145      343.145

 SIMULATION SCIENCES INC.          R                                 PAGE P-487
 PROJECT  DC FCC_60          PRO/II  VERSION 8.1.3 ELEC V6.6                   
 PROBLEM  DESIGN                 OUTPUT - PRIMARY UNITS                   ZHANG
                             STREAM TBP/ASTM CURVES - DEG C          03-03-2011
 Your license will expire in -42 days. Please contact your IPASSI sales represe
 ==============================================================================
 
 STREAM ID                           FO5         GASA          LCO         LCOR
        NAME
        PHASE                 DRY LIQUID    WET VAPOR   WET LIQUID   WET LIQUID
    THERMO ID                          1            1            1            1
  
   ASTM D1160 AT 760 MM HG
         1 LV PERCENT            265.228     -218.135      173.558      173.558
         5                       326.618     -177.187      213.138      213.138
        10                       358.775     -157.356      226.895      226.895
        30                       408.010      -82.994      267.757      267.757
        50                       462.915      -45.382      297.126      297.126
        70                       717.837       -7.703      329.629      329.629
        90                       989.450       36.171      363.167      363.167
        95                      1049.628       66.073      376.347      376.347
        98                      1085.735      117.507      387.509      387.509
 
   ASTM D1160 AT 10 MM HG
         1 LV PERCENT            130.273     -235.212       56.172       56.172
         5                       181.274     -206.524       87.870       87.870
        10                       208.444     -192.490       98.993       98.993
        30                       250.667     -139.029      132.352      132.352
        50                       298.662     -111.475      156.632      156.632
        70                       534.972      -83.517      183.804      183.804
        90                       814.053      -50.505      212.180      212.180
        95                       880.164      -27.719      223.426      223.426
        98                       920.633       12.032      232.993      232.993
 
   ASTM D2887 AT 760 MM HG
         1 WT PERCENT            270.798     -238.756      131.632      131.632
         5                       333.907     -174.312      195.562      195.562
        10                       366.998     -143.224      217.734      217.734
        30                       414.390      -85.999      261.739      261.739
        50                       462.915      -45.382      297.126      297.126
        70                       604.707       -9.281      329.604      329.604
        90                       767.153       30.415      361.858      361.858
        95                       890.191       85.603      383.433      383.433
        98                       911.572      111.183      395.227      395.227
 
   TBP AT 760 MM HG
         1 WT PERCENT            264.234     -238.569      154.749      154.749
         5                       324.015     -188.994      204.189      204.189
        10                       353.633     -153.094      218.698      218.698
        30                       409.401      -54.505      265.075      265.075
        50                       495.112      -32.101      299.209      299.209
        70                       753.993       -0.259      330.923      330.923
        90                       997.639       38.317      363.700      363.700
        95                      1051.768       82.867      376.951      376.951
        98                      1084.245      126.451      387.767      387.767


 SIMULATION SCIENCES INC.               R                            PAGE P-287
 PROJECT  DMC                     PRO/II  VERSION 5.01                   386/EM
 PROBLEM  Reactor Dist                   OUTPUT                    TIANXIAOLING
                                     STREAM SUMMARY                    02/18/99
 ==============================================================================
 
 STREAM ID                           S41          S42          S50          S55
        NAME
        PHASE                     LIQUID       LIQUID       LIQUID       LIQUID
  
 -----  TOTAL STREAM  -----
 RATE, KG-MOL/HR                 100.338      100.338        2.893      186.758
       K*KG/HR                    10.243       10.243        0.225        6.423
 STD LIQ RATE, M3/HR               8.476        8.476        0.215        7.851
 TEMPERATURE, C                  169.306       40.000      130.226       47.163
 PRESSURE, KG/CM2                  0.136        0.136        3.600        3.000
 MOLECULAR WEIGHT                102.088      102.088       77.767       34.392
 ENTHALPY, M*KCAL/HR               0.735        0.152    1.889E-02        0.177
           KCAL/KG                71.793       14.823       83.960       27.564
 MOLE FRACTION LIQUID             1.0000       1.0000       1.0000       1.0000
 REDUCED TEMP (KAYS RULE)         0.5687       0.4025       0.6404       0.6232
         PRES (KAYS RULE)     2.4644E-03   2.4644E-03       0.0586       0.0370
 ACENTRIC FACTOR                  0.4419       0.4419       0.9088       0.5612
 WATSON K (UOPK)                   8.059        8.059        8.998       10.366
 STD LIQ DENSITY, KG/M3         1208.497     1208.497     1044.955      818.160
         SPECIFIC GRAVITY         1.2097       1.2097       1.0460       0.8190
         API GRAVITY             -14.528      -14.528        3.779       41.279
 
 --------  VAPOR  ---------
 RATE, KG-MOL/HR                     N/A          N/A          N/A          N/A
       K*KG/HR                       N/A          N/A          N/A          N/A
       K*M3/HR                       N/A          N/A          N/A          N/A
 NORM VAP RATE(1), K*M3/HR           N/A          N/A          N/A          N/A
 SPECIFIC GRAVITY (AIR=1.0)          N/A          N/A          N/A          N/A
 MOLECULAR WEIGHT                    N/A          N/A          N/A          N/A
 ENTHALPY, KCAL/KG                   N/A          N/A          N/A          N/A
 CP, KCAL/KG-C                       N/A          N/A          N/A          N/A
 DENSITY, KG/K*M3                    N/A          N/A          N/A          N/A
 Z (FROM DENSITY)                    N/A          N/A          N/A          N/A
 TH COND, KCAL/HR-M-C                N/A          N/A          N/A          N/A
 VISCOSITY, CP                       N/A          N/A          N/A          N/A
 
 --------  LIQUID  --------
 RATE, KG-MOL/HR                 100.338      100.338        2.893      186.758
       K*KG/HR                    10.243       10.243        0.225        6.423
       M3/HR                       9.502        8.625        0.242        8.186
       GAL/MIN                    41.835       37.977        1.064       36.042
 STD LIQ RATE, M3/HR               8.476        8.476        0.215        7.851
 SPECIFIC GRAVITY (H2O=1.0)       1.2097       1.2097       1.0460       0.8190
 MOLECULAR WEIGHT                102.088      102.088       77.767       34.392
 ENTHALPY, KCAL/KG                71.793       14.823       83.960       27.564
 CP, KCAL/KG-C                     0.481        0.387        0.735        0.621
 DENSITY, KG/M3                 1078.044     1187.557      930.645      784.625
 Z (FROM DENSITY)             3.4319E-04   4.4018E-04   8.7958E-03   4.8420E-03
 SURFACE TENSION, DYNE/CM        23.4434      39.3120      23.1122      20.7080
 THERMAL COND, KCAL/HR-M-C       0.15037      0.17925      0.16226      0.16118
 VISCOSITY, CP                   0.67482      1.85448      1.76100      0.41147
 
  (1) NORMAL VAPOR VOLUME IS 22.414 M3/KG-MOLE (0 C AND 1 ATM)


SIMULATION SCIENCES INC.               R                             PAGE P-24
 PROJECT  DMC                     PRO/II  VERSION 5.01                   386/EM
 PROBLEM  Reactor Dist                   OUTPUT                    TIANXIAOLING
                               STREAM CALCULATOR SUMMARY               02/09/99
 ==============================================================================
 
                                  UNIT 8, 'S1'
 
 NET DUTY, M*KCAL/HR        -8.18710E-05                                       
  
 FEEDS                         STREAM ID       FACTOR                          
  
                                    S15A        1.000                          
 
   TOTAL RATE, KG-MOL/HR          15.455                                       
   TEMPERATURE, C                 40.000                                       
   PRESSURE, KG/CM2               60.200                                       
   MOLECULAR WEIGHT              43.6006                                       
   MOL FRAC VAPOR                1.00000                                       
   MOL FRAC TOTAL LIQUID         0.00000                                       
   MOL FRAC MW SOLID             0.00000                                       
   ENTHALPY, M*KCAL/HR           0.02201                                       
  
  
 PRODUCTS                       OVERHEAD      BOTTOMS      ALTERNATE           
                                                            PRODUCT            
  
 VAPOR                                            CO2                          
 LIQUID                              S20                                       
 
   TOTAL RATE, KG-MOL/HR       7.902E-03       15.447          N/A             
   TEMPERATURE, C                 40.000       40.000          N/A             
   PRESSURE, KG/CM2               60.000       60.000          N/A             
   PRESSURE DROP, KG/CM2           0.200        0.200          N/A             
   ENTHALPY, M*KCAL/HR       5.68969E-06      0.02192          N/A             

 SIMULATION SCIENCES INC.               R                             PAGE P-25
 PROJECT  DMC                     PRO/II  VERSION 5.01                   386/EM
 PROBLEM  Reactor Dist                   OUTPUT                    TIANXIAOLING
                               STREAM CALCULATOR SUMMARY               02/09/99
 ==============================================================================
 
                                 UNIT 30, 'S2'
 
 NET DUTY, M*KCAL/HR             0.00000                                       
  
 FEEDS                         STREAM ID       FACTOR                          
  
                                     S34        1.000                          
 
   TOTAL RATE, KG-MOL/HR         111.575                                       
   TEMPERATURE, C                 74.087                                       
   PRESSURE, KG/CM2                2.500                                       
   MOLECULAR WEIGHT              44.6438                                       
   MOL FRAC VAPOR                0.00000                                       
   MOL FRAC TOTAL LIQUID         1.00000                                       
   MOL FRAC MW SOLID             0.00000                                       
   ENTHALPY, M*KCAL/HR           0.20638                                       
  
  
 PRODUCTS                       OVERHEAD      BOTTOMS      ALTERNATE           
                                                            PRODUCT            
  
 MIXED                              S34A                                       
 LIQUID                                          S34B                          
 
   TOTAL RATE, KG-MOL/HR           0.305      111.270          N/A             
   TEMPERATURE, C                 74.006       74.006          N/A             
   PRESSURE, KG/CM2                2.500        2.500          N/A             
   PRESSURE DROP, KG/CM2           0.000        0.000          N/A             
   ENTHALPY, M*KCAL/HR       7.53828E-04      0.20563          N/A             

 SIMULATION SCIENCES INC.               R                             PAGE P-26
 PROJECT  DMC                     PRO/II  VERSION 5.01                   386/EM
 PROBLEM  Reactor Dist                   OUTPUT                    TIANXIAOLING
                                   CALCULATOR SUMMARY                  02/09/99
 ==============================================================================
 
                                 UNIT 1, 'CA2'
 
     RESULT      NAME        VALUE          RESULT      NAME        VALUE
   --------- ------------ ------------    --------- ------------ ------------
           1               1.98295E+01       3- 200                 UNDEFINED
           2               2.96159E+00
 
  -  -  -  -  -  -  -  -  -  -  -  -  -  -  -  -  -  -  -  -  -  -  -  -  -  -
 
                                 UNIT 9, 'CA3'
 
     RESULT      NAME        VALUE          RESULT      NAME        VALUE
   --------- ------------ ------------    --------- ------------ ------------
           1               2.11146E+04       2- 200                 UNDEFINED
 
  -  -  -  -  -  -  -  -  -  -  -  -  -  -  -  -  -  -  -  -  -  -  -  -  -  -
 
                        UNIT 13, 'CA1', 'SET SP1 VALUE'
 
     RESULT      NAME        VALUE          RESULT      NAME        VALUE
   --------- ------------ ------------    --------- ------------ ------------
           1               1.83605E+03       2- 200                 UNDEFINED
 
  -  -  -  -  -  -  -  -  -  -  -  -  -  -  -  -  -  -  -  -  -  -  -  -  -  -
 
                        UNIT 32, 'CA5', 'SET SP1 VALUE'
 
     RESULT      NAME        VALUE          RESULT      NAME        VALUE
   --------- ------------ ------------    --------- ------------ ------------
           1               1.12347E+02       2- 200                 UNDEFINED

SIMULATION SCIENCES INC.               R                             PAGE P-11
 PROJECT  DMC                     PRO/II  VERSION 5.01                   386/EM
 PROBLEM  Reactor Dist                   OUTPUT                    TIANXIAOLING
                                    REACTOR SUMMARY                    02/09/99
 ==============================================================================
 
                                UNIT 11, 'R101'
 
 OPERATING CONDITIONS
 
  REACTOR TYPE                                                ADIABATIC REACTOR
  DUTY, M*KCAL/HR                                                  -2.57361E-08
  TOTAL HEAT OF REACTION AT 25.00 C, M*KCAL/HR                          -0.3499
 
                                 INLET                    OUTLET
                              -----------               -----------
  FEED                                 S5
  LIQUID PRODUCT                                                 S4
  TEMPERATURE, C                   127.24                    169.94
  PRESSURE, KG/CM2                36.7000                   36.2000
 
 
 REACTION DATA
 
                              --------- RATES, KG-MOL/HR ----------    FRACTION
       COMPONENT                  FEED        CHANGE      PRODUCT     CONVERTED
  ------------------          -----------  -----------  ----------- -----------
    1 H2O                     1.56061E-03 -1.56061E-03       0.0000      1.0000
    2 PO                          14.9021     -14.7836       0.1184      0.9921
    3 PROPCARB                   206.5366      14.7664     221.3030
    6 12PG                         0.0176  1.56061E-03       0.0192
    9 AA                           0.1151       0.0157       0.1308
   11 CO2                         22.2566     -14.7664       7.4902      0.6635
   13 H2                           1.8151       0.0000       1.8151
   14 PROPALD                      0.1480       0.0000       0.1480
 
      TOTAL                      245.7926     -14.7679     231.0247
 
                                            KG-MOL/HR               FRACTION
    BASE COMPONENT              REACTION    CONVERTED              CONVERTED(1)
  ------------------          -----------  -----------             ------------
    2 PO                           1           14.7829                   0.9920
    3 PROPCARB                     2            0.0157              7.60000E-05
    1 H2O                          3       7.80305E-04                   0.5000
    1 H2O                          4       7.80305E-04                   0.5000
 
  (1) FRACTION CONVERTED BASED ON AMOUNT IN FEED
 
 
 REACTOR MASS BALANCE
 
                              ----------- RATES, KG/HR ------------    FRACTION
     COMPONENT                    FEED        CHANGE      PRODUCT     CONVERTED
  ------------------          -----------  -----------  ----------- -----------
    1 H2O                          0.0281      -0.0281       0.0000      1.0000
    2 PO                         865.5279    -858.6490       6.8789      0.9921
    3 PROPCARB                 21085.2930    1507.4983   22592.7913
    6 12PG                         1.3389       0.1188       1.4576
    9 AA                           6.6851       0.9117       7.5968

 SIMULATION SCIENCES INC.               R                             PAGE P-12
 PROJECT  DMC                     PRO/II  VERSION 5.01                   386/EM
 PROBLEM  Reactor Dist                   OUTPUT                    TIANXIAOLING
                                    REACTOR SUMMARY                    02/09/99
 ==============================================================================
 
                            UNIT 11, 'R101'  (CONT)
 
                              ----------- RATES, KG/HR ------------    FRACTION
     COMPONENT                    FEED        CHANGE      PRODUCT     CONVERTED
  ------------------          -----------  -----------  ----------- -----------
   11 CO2                        979.5111    -649.8687     329.6424      0.6635
   13 H2                           3.6593       0.0000       3.6593
   14 PROPALD                      8.5939       0.0000       8.5939
 
      TOTAL                    22950.6372      -0.0171   22950.6201
SIMULATION SCIENCES INC.               R                             PAGE P-15
 PROJECT  DMC                     PRO/II  VERSION 5.01                   386/EM
 PROBLEM  Reactor Dist                   OUTPUT                    TIANXIAOLING
                                    REACTOR SUMMARY                    02/09/99
 ==============================================================================
 
                                 UNIT 29, 'R3'
 
 OPERATING CONDITIONS
 
  REACTOR TYPE                                                ADIABATIC REACTOR
  DUTY, M*KCAL/HR                                                   4.64158E-10
  TOTAL HEAT OF REACTION AT 25.00 C, M*KCAL/HR                      2.28160E-04
 
                                 INLET                    OUTLET
                              -----------               -----------
  FEED                                S33
  LIQUID PRODUCT                                                S34
  TEMPERATURE, C                    74.57                     74.09
  PRESSURE, KG/CM2                 2.5000                    2.5000
 
 
 REACTION DATA
 
                              --------- RATES, KG-MOL/HR ----------    FRACTION
       COMPONENT                  FEED        CHANGE      PRODUCT     CONVERTED
  ------------------          -----------  -----------  ----------- -----------
    1 H2O                          0.3536      -0.1414       0.2122      0.4000
    2 PO                      2.41258E-05       0.0000  2.41258E-05
    3 PROPCARB                     9.0051      -0.1414       8.8636      0.0157
    4 METHANOL                    86.9876       0.0000      86.9876
    5 DMCARB                       6.7571       0.0000       6.7571
    6 12PG                         8.0488       0.1414       8.1902
    7 DIPRPGLY                     0.2031       0.0000       0.2031
    9 AA                      9.20973E-05       0.0000  9.20973E-05
   11 CO2                     1.04148E-04       0.1414       0.1415
   12 MOXYPROH                     0.2190       0.0000       0.2190
   13 H2                      1.08312E-05       0.0000  1.08312E-05
   14 PROPALD                 5.21245E-05       0.0000  5.21245E-05
 
      TOTAL                      111.5746       0.0000     111.5746
 
                                            KG-MOL/HR               FRACTION
    BASE COMPONENT              REACTION    CONVERTED              CONVERTED(1)
  ------------------          -----------  -----------             ------------
    1 H2O                          1            0.1414                   0.4000
 
  (1) FRACTION CONVERTED BASED ON AMOUNT IN FEED

 SIMULATION SCIENCES INC.               R                             PAGE P-16
 PROJECT  DMC                     PRO/II  VERSION 5.01                   386/EM
 PROBLEM  Reactor Dist                   OUTPUT                    TIANXIAOLING
                                    REACTOR SUMMARY                    02/09/99
 ==============================================================================
 
                             UNIT 29, 'R3'  (CONT)
 
 REACTOR MASS BALANCE
 
                              ----------- RATES, KG/HR ------------    FRACTION
     COMPONENT                    FEED        CHANGE      PRODUCT     CONVERTED
  ------------------          -----------  -----------  ----------- -----------
    1 H2O                          6.3699      -2.5480       3.8220      0.4000
    2 PO                      1.40125E-03       0.0000  1.40125E-03
    3 PROPCARB                   919.3270     -14.4392     904.8878      0.0157
    4 METHANOL                  2787.2580       0.0000    2787.2580
    5 DMCARB                     608.6755       0.0000     608.6755
    6 12PG                       612.4784      10.7627     623.2411
    7 DIPRPGLY                    27.2474       0.0000      27.2474
    9 AA                      5.34910E-03       0.0000  5.34910E-03
   11 CO2                     4.58356E-03       6.2246       6.2292
   12 MOXYPROH                    19.7385       0.0000      19.7385
   13 H2                      2.18357E-05       0.0000  2.18357E-05
   14 PROPALD                 3.02744E-03       0.0000  3.02744E-03
 
      TOTAL                     4981.1090       0.0000    4981.1091

 SIMULATION SCIENCES INC.               R                             PAGE P-17
 PROJECT  DMC                     PRO/II  VERSION 5.01                   386/EM
 PROBLEM  Reactor Dist                   OUTPUT                    TIANXIAOLING
                                      CSTR SUMMARY                     02/09/99
 ==============================================================================
 
                                 UNIT 26, 'R1'
 
 OPERATING CONDITIONS
 
  REACTOR TYPE                                                        ADIABATIC
  DUTY, M*KCAL/HR                                                        0.0000
  TOTAL HEAT OF REACTION AT 25.00 C, M*KCAL/HR                          -0.0127
  VOLUME, M3                                                             1.4000
  SPACE-TIME, HR         AT OUTLET CONDITIONS                            0.2382
  SPACE-VELOCITY, /HR    AT OUTLET CONDITIONS                            4.1986
 
                                 INLET                    OUTLET
                              -----------               -----------
  FEED                               S31A
  LIQUID PRODUCT                                                S32
  TEMPERATURE, C                    70.00                     73.56
  PRESSURE, KG/CM2                 2.7000                    2.5000
 
 
 REACTION DATA
 
                              --------- RATES, KG-MOL/HR ----------    FRACTION
       COMPONENT                  FEED        CHANGE      PRODUCT     CONVERTED
  ------------------          -----------  -----------  ----------- -----------
    1 H2O                          0.0305       0.0000       0.0305
    2 PO                        2.413E-05       0.0000    2.413E-05
    3 PROPCARB                    14.7643      -5.7593       9.0051      0.3901
    4 METHANOL                    98.7215     -11.5185      87.2030      0.1167
    5 DMCARB                       0.9979       5.7593       6.7571
    6 12PG                         2.7203       5.7593       8.4795
    7 DIPRPGLY                     0.0954       0.0000       0.0954
    9 AA                        9.210E-05       0.0000    9.210E-05
   11 CO2                       1.041E-04       0.0000    1.041E-04
   12 MOXYPROH                  3.639E-03       0.0000    3.639E-03
   13 H2                        1.083E-05       0.0000    1.083E-05
   14 PROPALD                   5.212E-05       0.0000    5.212E-05
 
      TOTAL                      117.3338      -5.7593     111.5746
 
                                           KG-MOL/HR /
                                              M3                      FRACTION
    BASE COMPONENT             REACTION     CONVERTED                 CONVERTED
  ------------------          -----------  -----------              -----------
    3 PROPCARB                     1          -11.4939                   1.0899
    3 PROPCARB                     2            7.3801                  -0.6998
 
                               REACTION                                 -E/RT
                              -----------                           -----------
                                   1                                   -13.9647
                                   2                                   -17.0961

 SIMULATION SCIENCES INC.               R                             PAGE P-18
 PROJECT  DMC                     PRO/II  VERSION 5.01                   386/EM
 PROBLEM  Reactor Dist                   OUTPUT                    TIANXIAOLING
                                      CSTR SUMMARY                     02/09/99
 ==============================================================================
 
                             UNIT 26, 'R1'  (CONT)
 
 REACTOR MASS BALANCE
 
                              ----------- RATES, KG/HR ------------    FRACTION
     COMPONENT                    FEED        CHANGE      PRODUCT     CONVERTED
  ------------------          -----------  -----------  ----------- -----------
    1 H2O                          0.5498       0.0000       0.5498
    2 PO                      1.40125E-03       0.0000  1.40125E-03
    3 PROPCARB                  1507.2879    -587.9610     919.3270      0.3901
    4 METHANOL                  3163.2350    -369.0758    2794.1592      0.1167
    5 DMCARB                      89.8889     518.7866     608.6755
    6 12PG                       207.0015     438.2559     645.2575
    7 DIPRPGLY                    12.7981       0.0000      12.7981
    9 AA                      5.34910E-03       0.0000  5.34910E-03
   11 CO2                     4.58356E-03       0.0000  4.58356E-03
   12 MOXYPROH                     0.3280       0.0000       0.3280
   13 H2                      2.18357E-05       0.0000  2.18357E-05
   14 PROPALD                 3.02744E-03       0.0000  3.02744E-03
 
      TOTAL                     4981.1036  5.71215E-03    4981.1093
 
 
 CSTR HEAT BALANCE
 
                                REACTANTS                  PRODUCTS
                              -----------               -----------
   AT OPERATING CONDITIONS
     ENTHALPY, M*KCAL/HR            0.190                     0.204
     TEMPERATURE, C                 70.00                     73.56
     PRESSURE, KG/CM2                2.70                      2.50
 
   AT REFERENCE CONDITIONS
     ENTHALPY, M*KCAL/HR       6.4008E-02                6.5515E-02
     TEMPERATURE, C                 25.00                     25.00
     PRESSURE, KG/CM2                2.50                      2.50
 
   TOTAL HEAT OF REACTION, M*KCAL/HR           -0.0127

 SIMULATION SCIENCES INC.               R                             PAGE P-19
 PROJECT  DMC                     PRO/II  VERSION 5.01                   386/EM
 PROBLEM  Reactor Dist                   OUTPUT                    TIANXIAOLING
                                 HEAT EXCHANGER SUMMARY                02/09/99
 ==============================================================================
 
                                  UNIT 2, 'E0'
 
 OPERATING CONDITIONS
 
      DUTY, M*KCAL/HR                       3.761E-02
 
 
 HOT SIDE CONDITIONS                            INLET       OUTLET
                                          -----------  -----------
      FEED                                         S8
      MIXED PRODUCT                                             S6
       VAPOR, KG-MOL/HR                        19.830       16.938
              K*KG/HR                           0.759        0.706
          CP, KCAL/KG-C                         0.414        0.415
      LIQUID, KG-MOL/HR                                      2.891
              K*KG/HR                                    5.267E-02
          CP, KCAL/KG-C                                      0.987
       TOTAL, KG-MOL/HR                        19.830       19.830
              K*KG/HR                           0.759        0.759
      CONDENSATION, KG-MOL/HR                                2.891
       TEMPERATURE, C                          65.000       40.000
       PRESSURE, KG/CM2                         1.100        1.000
 
  -  -  -  -  -  -  -  -  -  -  -  -  -  -  -  -  -  -  -  -  -  -  -  -  -  -
 
                                 UNIT 7, 'EC3'
 
 OPERATING CONDITIONS
 
      DUTY, M*KCAL/HR                       3.997E-02
 
 
 HOT SIDE CONDITIONS                            INLET       OUTLET
                                          -----------  -----------
      FEED                                        S14
      LIQUID PRODUCT                                           S15
      VAPOR PRODUCT                                           S15A
       VAPOR, KG-MOL/HR                        15.708       15.455
              K*KG/HR                           0.683        0.674
          CP, KCAL/KG-C                         0.414        0.414
      LIQUID, KG-MOL/HR                                      0.253
              K*KG/HR                                    8.917E-03
          CP, KCAL/KG-C                                      0.513
       TOTAL, KG-MOL/HR                        15.708       15.708
              K*KG/HR                           0.683        0.683
      CONDENSATION, KG-MOL/HR                                0.253
       TEMPERATURE, C                         178.327       40.000
       PRESSURE, KG/CM2                        60.400       60.200
RECYCLE LOOPS
 
  --------------- LOOPS ---------------- ------------ TEAR STREAMS ------------
       ID       FIRST UNIT   LAST UNIT        ID       FROM UNIT     TO UNIT
  ------------ ------------ ------------ ------------ ------------ ------------
  LOOP1        CA3          P1           S18          P1           M2

 SIMULATION SCIENCES INC.               R                              PAGE P-3
 PROJECT  DMC                     PRO/II  VERSION 5.01                   386/EM
 PROBLEM  Reactor Dist                   OUTPUT                    TIANXIAOLING
                                   FLASH DRUM SUMMARY                  02/09/99
 ==============================================================================
 
 FLASH ID                             F1           F2
       NAME
  
       FEEDS                          S6          S17
 
       PRODUCTS VAPOR                 S7          S22
                LIQUID               S13          S23
 
 TEMPERATURE, C                   40.000      153.329
 PRESSURE, KG/CM2                  1.000        2.300
 PRESSURE DROP, KG/CM2             0.000       33.400
 MOLE FRAC VAPOR                 0.85420      0.02941
 MOLE FRAC LIQUID                0.14580      0.97059
 MOLE FRAC MW SOLID              0.00000      0.00000
 DUTY, M*KCAL/HR                 0.00000      0.00000
 FLASH TYPE                  ADIABATIC-P  ADIABATIC-P

 SIMULATION SCIENCES INC.               R                              PAGE P-4
 PROJECT  DMC                     PRO/II  VERSION 5.01                   386/EM
 PROBLEM  Reactor Dist                   OUTPUT                    TIANXIAOLING
                                     MIXER SUMMARY                     02/09/99
 ==============================================================================
 
 MIXER ID                             M2           M3
       NAME
  
       FEEDS                         S18          S30
                                     CAT           ME
                                      S3          ME1
                                     CO2          S50
 
       PRODUCTS LIQUID                S5          S31
 
 TEMPERATURE, C                  127.244       55.420
 PRESSURE, KG/CM2                 36.700        3.000
 PRESSURE DROP, KG/CM2             0.000        0.000
 MOLE FRAC VAPOR                 0.00000      0.00000
 MOLE FRAC LIQUID                1.00000      1.00000
 MOLE FRAC MW SOLID              0.00000      0.00000

 SIMULATION SCIENCES INC.               R                              PAGE P-5
 PROJECT  DMC                     PRO/II  VERSION 5.01                   386/EM
 PROBLEM  Reactor Dist                   OUTPUT                    TIANXIAOLING
                                    SPLITTER SUMMARY                   02/09/99
 ==============================================================================
 
                                 UNIT 14, 'SP1'
 
                   STREAM ID       FRACTION     ------------- RATES ----------
                                                  KG-MOL/HR           KG/HR
                  ------------    ----------    -------------       ----------
  FEED                      S1                        231.025        22950.620
  
  PRODUCTS                 S16      0.9200            212.543        21114.569
                           S17      0.0800             18.482         1836.051
  
  TEMPERATURE, C                  153.6313
  PRESSURE, KG/CM                  35.7000
  PRESSURE DROP, KG/CM              0.0000
  
  MOLE FRAC VAPOR                   0.0000
  MOLE FRAC TOTAL LIQUID            1.0000
  MOLE FRAC MW SOLID                0.0000

 SIMULATION SCIENCES INC.               R                              PAGE P-6
 PROJECT  DMC                     PRO/II  VERSION 5.01                   386/EM
 PROBLEM  Reactor Dist                   OUTPUT                    TIANXIAOLING
                                   COMPRESSOR SUMMARY                  02/09/99
 ==============================================================================
 
                                  UNIT 4, 'C1'
 
 FEEDS                                S7
 
 PRODUCTS VAPOR                       S9
          LIQUID                     S10
 
 
 OPERATING CONDITIONS
 
                                    INLET   ISENTROPIC       OUTLET
                              -----------  -----------  -----------
  TEMPERATURE, C                    40.00       139.02       139.02
  PRESSURE, KG/CM2                   1.00         3.61         3.61
  ENTHALPY, M*KCAL/HR              0.0363       0.0652       0.0652
  ENTROPY, KCAL/KG-MOL-C          46.9302      46.9302      46.9302
  CP, KCAL/KG-MOL-C               17.3180                   17.1075
  CV, KCAL/KG-MOL-C               15.3312                   15.1203
  CP/(CP-R)                        1.1295                    1.1313
  CP/CV                            1.1296                    1.1314
  MOLE PERCENT VAPOR             100.0000     100.0000     100.0000
  MOLE PERCENT LIQUID              0.0000       0.0000       0.0000
  MOLE PERCENT MW SOLID            0.0000       0.0000       0.0000
  WEIGHT PERCENT TOTAL SOLID       0.0000       0.0000       0.0000
  ACT VAP RATE, M3/SEC             0.1249
  ADIABATIC EFF, PERCENT                                   100.0000
  POLYTROPIC EFF, PERCENT                                  100.0000
  ISENTROPIC COEFFICIENT, K                                  1.2723
  POLYTROPIC COEFFICIENT, N                                  1.2723
  ASME "F" FACTOR                                            1.8559
  HEAD, M
          ADIABATIC                                        17449.82
          POLYTROPIC                                       17449.82
          ACTUAL                                           17449.82
  WORK, KW
          THEORETICAL                                         33.59
          POLYTROPIC                                          33.59
          ACTUAL                                              33.59
  AFTERCOOLER
       DUTY, M*KCAL/HR                                        -0.04
       TEMPERATURE, C                                         40.00
       PRESSURE, KG/CM2                                        3.41
 
  NOTE: POLYTROPIC AND ISENTROPIC COEFFICIENTS
        CALCULATED FROM ASME EQUATIONS

 SIMULATION SCIENCES INC.               R                              PAGE P-7
 PROJECT  DMC                     PRO/II  VERSION 5.01                   386/EM
 PROBLEM  Reactor Dist                   OUTPUT                    TIANXIAOLING
                                   COMPRESSOR SUMMARY                  02/09/99
 ==============================================================================
 
                                  UNIT 5, 'C2'
 
 FEEDS                                S9
 
 PRODUCTS VAPOR                      S11
          LIQUID                     S12
 
 
 OPERATING CONDITIONS
 
                                    INLET   ISENTROPIC       OUTLET
                              -----------  -----------  -----------
  TEMPERATURE, C                    40.00       136.39       136.39
  PRESSURE, KG/CM2                   3.41        11.83        11.83
  ENTHALPY, M*KCAL/HR              0.0260       0.0535       0.0535
  ENTROPY, KCAL/KG-MOL-C          43.8967      43.8967      43.8967
  CP, KCAL/KG-MOL-C               17.8484                   17.7898
  CV, KCAL/KG-MOL-C               15.8623                   15.8036
  CP/(CP-R)                        1.1252                    1.1257
  CP/CV                            1.1252                    1.1257
  MOLE PERCENT VAPOR             100.0000     100.0000     100.0000
  MOLE PERCENT LIQUID              0.0000       0.0000       0.0000
  MOLE PERCENT MW SOLID            0.0000       0.0000       0.0000
  WEIGHT PERCENT TOTAL SOLID       0.0000       0.0000       0.0000
  ACT VAP RATE, M3/SEC             0.0346
  ADIABATIC EFF, PERCENT                                   100.0000
  POLYTROPIC EFF, PERCENT                                  100.0000
  ISENTROPIC COEFFICIENT, K                                  1.2751
  POLYTROPIC COEFFICIENT, N                                  1.2751
  ASME "F" FACTOR                                            1.9360
  HEAD, M
          ADIABATIC                                        17023.45
          POLYTROPIC                                       17023.45
          ACTUAL                                           17023.45
  WORK, KW
          THEORETICAL                                         31.94
          POLYTROPIC                                          31.94
          ACTUAL                                              31.94
  AFTERCOOLER
       DUTY, M*KCAL/HR                                        -0.03
       TEMPERATURE, C                                         40.00
       PRESSURE, KG/CM2                                       11.63
 
  NOTE: POLYTROPIC AND ISENTROPIC COEFFICIENTS
        CALCULATED FROM ASME EQUATIONS

 SIMULATION SCIENCES INC.               R                              PAGE P-8
 PROJECT  DMC                     PRO/II  VERSION 5.01                   386/EM
 PROBLEM  Reactor Dist                   OUTPUT                    TIANXIAOLING
                                   COMPRESSOR SUMMARY                  02/09/99
 ==============================================================================
 
                                  UNIT 6, 'C3'
 
 FEEDS                               S11
 
 PRODUCTS VAPOR                      S14
 
 
 OPERATING CONDITIONS
 
                                    INLET   ISENTROPIC       OUTLET
                              -----------  -----------  -----------
  TEMPERATURE, C                    40.00       178.33       178.33
  PRESSURE, KG/CM2                  11.63        60.40        60.40
  ENTHALPY, M*KCAL/HR              0.0232       0.0623       0.0623
  ENTROPY, KCAL/KG-MOL-C          41.0919      41.0919      41.0919
  CP, KCAL/KG-MOL-C               18.0040                   17.9782
  CV, KCAL/KG-MOL-C               16.0181                   15.9922
  CP/(CP-R)                        1.1240                    1.1242
  CP/CV                            1.1240                    1.1242
  MOLE PERCENT VAPOR             100.0000     100.0000     100.0000
  MOLE PERCENT LIQUID              0.0000       0.0000       0.0000
  MOLE PERCENT MW SOLID            0.0000       0.0000       0.0000
  WEIGHT PERCENT TOTAL SOLID       0.0000       0.0000       0.0000
  ACT VAP RATE, M3/SEC             0.0100
  ADIABATIC EFF, PERCENT                                   100.0000
  POLYTROPIC EFF, PERCENT                                  100.0000
  ISENTROPIC COEFFICIENT, K                                  1.2855
  POLYTROPIC COEFFICIENT, N                                  1.2855
  ASME "F" FACTOR                                            2.0120
  HEAD, M
          ADIABATIC                                        24437.80
          POLYTROPIC                                       24437.80
          ACTUAL                                           24437.80
  WORK, KW
          THEORETICAL                                         45.47
          POLYTROPIC                                          45.47
          ACTUAL                                              45.47
 
  NOTE: POLYTROPIC AND ISENTROPIC COEFFICIENTS
        CALCULATED FROM ASME EQUATIONS


PPPP   RRRR    OOO       /  III  III  R
                      P   P  R   R  O   O     /    I    I
                      P   P  R   R  O   O     /    I    I
                      PPPP   RRRR   O   O    /     I    I
                      P      R R    O   O   /      I    I
                      P      R  R   O   O   /      I    I
                      P      R   R   OOO   /      III  III
 
                                  VERSION 5.01
 
   **************************************************************************
   *                                                                        *
   *                        SIMULATION SCIENCES INC.                        *
   *                        ------------------------                        *
   *                                                                        *
   *  CORPORATE HEADQUARTERS                EUROPE/AFRICA/CIS               *
   *  ----------------------                -----------------               *
   *    BREA, CALIF, USA                      STOCKPORT, CHESHIRE, UK       *
   *    PHONE   (714) 579-0412                PHONE  44-161-429-6744        *
   *            (800) 827-7999                FAX    44-161-480-9063        *
   *            (888) 4SIMSCI                 TELEX  66-6127                *
   *    FAX     (714) 579-7927                                              *
   *                                        SIMSCI GERMANY                  *
   *  MID-USA/VIRGIN ISLANDS                --------------                  *
   *  ----------------------                  MANNHEIM, GERMANY             *
   *    HOUSTON, TEXAS, USA                   PHONE  49-621-12065-0         *
   *    PHONE   (713) 683-1710                FAX    49-621-12065-20        *
   *            (800) 231-2754                                              *
   *    HOTLINE (800) SIMSCI1               SIMSCI JAPAN                    *
   *                  (746-7241)            ------------                    *
   *    FAX     (713) 683-6613                TOKYO, JAPAN                  *
   *                                          PHONE  81-3-3432-4631         *
   *                                          FAX    81-3-3432-4633         *
   *  EAST USA/EAST CANADA                                                  *
   *  --------------------                  SOUTH LATINOAMERICA             *
   *    NEWTOWN SQUARE, PA, USA             -------------------             *
   *    PHONE   (610) 359-0801                CARACAS, VENEZUELA            *
   *            (800) 237-4371                PHONE  58-2-959-8033          *
   *    HOTLINE (800) SIMSCI1                 FAX    58-2-993-2717          *
   *                  (746-7241)                                            *
   *    FAX     (610) 359-0806              SIMSCI ASIA PACIFIC/AUSTRALIA   *
   *                                        -----------------------------   *
   *  WEST USA/WEST CANADA                    SINGAPORE                     *
   *  -----------------------                 PHONE  65-224-6368            *
   *    BREA, CALIF, USA                      FAX    65-224-6367            *
   *    PHONE   (714) 579-0412                                              *
   *            (800) 827-7999              SIMSCI MIDDLE EAST              *
   *    HOTLINE (800) SIMSCI1               ------------------              *
   *                  (746-7241)              CAIRO, EGYPT                  *
   *    FAX     (714) 579-0354                PHONE  202-418-8509           *
   *                                          FAX    202-291-2218           *
   *                                                                        *
   **************************************************************************
 
          R - PRO/II IS A REGISTERED MARK OF SIMULATION SCIENCES INC.
               (c) COPYRIGHT 1988-1997, SIMULATION SCIENCES INC.
                              ALL RIGHTS RESERVED

 SIMULATION SCIENCES INC.               R                              PAGE S-1
 PROJECT                          PRO/II  VERSION 5.01                   386/EM
 PROBLEM                                 INPUT                                 
                                     SOURCE LISTING                            
 ==============================================================================
 
  
   TITLE PROJECT=DMC, PROBLEM=Reactor Dist, USER=TIANXIAOLING,SITE=ZH
    $PRINT INPUT=ALL, STREAM=ALL$ PERCENT=M,WT, ION=NONE
    PRINT STREAM=ALL, PERCENT=M,wt,rate=m,wt,ION=NONE
    DIMENSION METRIC, STDTEMP=0, STDPRES=1.03323
    TOLER TEMP=0.1
  COMPONENT DATA
    LIBID 1,H2O/2,PO/3,PROPCARB/4,METHANOL/5,DMCARB/6,12PG/7,DIPRPGLY/ &
          8,TPG/9,AA/10,OXYLENE/11,CO2/12,MOXYPROH/13,H2/14,PROPALD
  
   THERMODYNAMIC DATA
   METHOD SET=1,DEFAULT,SYSTEM=NRTL3,ENTH=LIBR, ENTROPY(L)=SRK,&
           ENTROPY(V)=SRK,TRANSPORT=PURE ,DENSITY(L)=API
           $KVAL(VLLE), FILL=UNIF,POYNTING=ON
           KVAL(VLE), FILL=UNIF,POYNTING=ON
   $METHOD SET=2, SYSTEM=NRTL, ENTROPY(L)=SRK, ENTROPY(V)=SRK,&
    $     TRANSPORT=PURE
     $    KVAL(VLE) POYNTING=ON, FILL=UNIF
     $  NRTL3 10,5,-1511.69,172.515,0.9
     $  NRTL3 1,6,-169.203,190.183,-0.757526
        NRTL3 4,5,243.035,158.026,-0.0207718
     $  NRTL3 4,6,128.646,-301.463,0.20487
     $  NRTL3 4,10,257.485,1368.09,0.220308
  
  STREAM DATA
    PROPERTY STREAM=S3, TEMPERATURE=40, PRESSURE=40, PHASE=M, &
           RATE(w)=860, COMPOSITION(M)=1,0.01/2,99.9/14,0.09, NORMALIZE
    PROPERTY STREAM=S8, TEMPERATURE=65, PRESSURE=1.1, PHASE=M, &
           RATE(M)=44, COMPOSITION(M)=1,20.85/11,78.41/13,0.74,&
           NORMALIZE
    PROPERTY STREAM=S18, TEMPERATURE=125, PRESSURE=40.5, PHASE=M,  &
          RATE(M)=204, COMPOSITION(M)=2,0.0668/3,95.211/6,0.008/ &
          9,0.008/11,3.843/13,0.778/14,0.05, NORMALIZE
   PROPERTY STREAM=CAT, TEMPERATURE=40, PRESSURE=40, PHASE=M, &
           RATE(M)=30, COMPOSITION(M)=3,20, NORMALIZE
   PROPERTY STREAM=ME, TEMPERATURE=40, PRESSURE=3.0, PHASE=M, &
          RATE(W)=950, COMPOSITION(M)=1,0.1/4,99.9, NORMALIZE
   PROPERTY STREAM=ME1, TEMPERATURE=60, PRESSURE=3.0, PHASE=M, &
          RATE(W)=2303.36, COMPOSITION(M)=3,0.0034/4,98.5762/&
                           5,1.4206, NORMALIZE
   PROPERTY STREAM=ME2, TEMPERATURE=64, PRESSURE=3.0, PHASE=M, &
          RATE(W)=688, COMPOSITION(M)=3,0.0034/4,98.5762/&
                       5,1.4206, NORMALIZE
   PROPERTY STREAM=ME3, TEMPERATURE=40, PRESSURE=3.0, PHASE=M, &
          RATE(W)=320.8, COMPOSITION(M)=4,95.286/5,4.704, NORMALIZE
   PROPERTY STREAM=PC, TEMPERATURE=40, PRESSURE=1.4, PHASE=M, &
          RATE(WT)=6576,COMPOSITION=3,100, NORMALIZE$158.344,
   PROPERTY STREAM=PC1, TEMPERATURE=40, PRESSURE=1.4, PHASE=M, &
          RATE(WT)=6576,COMPOSITION=3,100, NORMALIZE$158.344,
   PROPERTY STREAM=S50, TEMPERATURE=130, PRESSURE=3.5, PHASE=M, &
          RATE(WT)=225,COMPOSITION=1,0.0299/3,1.4744/4,0.3558/&
          5,0.0827/6,94.6999/7,3.3207/12,0.1267 NORMALIZE
  

 SIMULATION SCIENCES INC.               R                              PAGE S-2
 PROJECT  DMC                     PRO/II  VERSION 5.01                   386/EM
 PROBLEM  Reactor Dist                   INPUT                     TIANXIAOLING
                                     SOURCE LISTING                    02/09/99
 ==============================================================================
 
  
   RXDATA
   RXSET ID=DMC
   REACTION ID=DMC+
     STOICHIOMETRY 3,-1/4,-2/5,1/6,1
     HORX HEAT=-2.1978,REFCOMP=3,REFTEMP=25,REFPHASE=L
     KINETICS PEXP(MIN,G,LIT)=9785,ACTIVATION=9.615,TEXPONENT=0
     KORDER 3,1/4,1/5,0/6,0
   REACTION ID=DMC-
     STOICHIOMETRY 3,1/4,2/5,-1/6,-1
     HORX HEAT=2.1978,REFCOMP=3,REFTEMP=25,REFPHASE=L
     KINETICS PEXP(MIN)=1.9723E6,ACTIVATION=11.771,TEXPONENT=0
     KORDER 3,0/4,-1/5,1/6,1
  
    UNIT OPERATIONS
     CALCULATOR UID=CA2
        SEQUENCE  STREAM=S3,S8,CAT
        PROCEDURE
        V(1)=SMR(S3)
        R(1)=V(1)*1.05/0.7841
        CALL SRXSTR(SMR,R(1),S8)
        R(2)=V(1)/100*20
        CALL SRXSTR(SMR,R(2),CAT)
        RETURN
  
     HX  UID=E0
        HOT  FEED=S8, M=S6, DP=0.1
        OPER HTEMP=40
  
     FLASH UID=F1
        FEED S6
        PRODUCT  V=S7, W=S13
        ADIABATIC
  
     COMPRESSOR UID=C1
        FEED S7
        PRODUCT  V=S9, L=S10
        OPERATION CALCULATION=ASME, PRES=3.61
        COOLER ACDP=0.2, ACTEMP=40
  
    COMPRESSOR UID=C2
        FEED S9
        PRODUCT  V=S11, L=S12
        OPERATION CALCULATION=ASME, PRES=11.83
        COOLER ACDP=0.2, ACTEMP=40
  
    COMPRESSOR UID=C3
        FEED S11
        PRODUCT  M=S14
        OPERATION CALCULATION=ASME, PRES=60.4
       $ COOLER ACDP=0.2, ACTEMP=40
  
    HX  UID=EC3

 SIMULATION SCIENCES INC.               R                              PAGE S-3
 PROJECT  DMC                     PRO/II  VERSION 5.01                   386/EM
 PROBLEM  Reactor Dist                   INPUT                     TIANXIAOLING
                                     SOURCE LISTING                    02/09/99
 ==============================================================================
 
        HOT  FEED=S14, L=S15,V=S15A, DP=0.2
        OPER HTEMP=40
  
    STCA UID=S1
        FEED S15A
        OVHD STRM=S20,TEMP=40,DP=0.2
        BTMS STRM=CO2,TEMP=40,DP=0.2
        FOVH 1,1,0.99/2,14,0
  
     CALCULATOR UID=CA3
        SEQUENCE  STREAM=S3,CO2,S18,CAT
        PROCEDURE
        V(1)=SWR(S3)
        V(2)=SWR(CO2)
        V(3)=SWR(CAT)
        R(1)=(V(1)+V(2)+V(3))*11.5
         CALL SRXSTR(SWR,R(1),S18)
        RETURN
     MIXER UID=M2
        FEED S18,CAT,S3,CO2
        PRODUCT  M=S5
  
     REACTOR UID=R101
        FEED S5
        PRODUCT  M=S4
        OPERATION ADIABATIC, DP=0.5
        RXCALCULATION MODEL=STOIC,CONVERSION
       $ RXSTOIC RXSET=DMC1
      $ REACTION   CO2+PO--PC
        STOICHIOMETRY 11,-1/2,-1/3,1
        BASE COMPONENT=2
        CONVERSION 0.992
     $  REACTION   PC--AA+CO2
        STOICHIOMETRY 11,1/3,-1/9,1
        BASE COMPONENT=3
        CONVERSION 0.000076
     $  REACTION   PC+H2O--PG+CO2
        STOICHIOMETRY 11,1/3,-1/6,1/1,-1
        BASE COMPONENT=1
        CONVERSION 0.5
    $   REACTION    PO+H2O--12PG
        STOICHIOMETRY 2,-1/6,1/1,-1
        BASE COMPONENT=1
        CONVERSION 0.5
    HX  UID=E1
        HOT  FEED=S4, M=S1, DP=0.5
        OPER DUTY=0.18
  
     CALCULATOR UID=CA1,NAME=SET SP1 VALUE
        SEQUENCE  STREAM=S3,CO2,CAT
        PROCEDURE
        V(1)=SWR(S3)
        V(2)=SWR(CO2)

 SIMULATION SCIENCES INC.               R                              PAGE S-4
 PROJECT  DMC                     PRO/II  VERSION 5.01                   386/EM
 PROBLEM  Reactor Dist                   INPUT                     TIANXIAOLING
                                     SOURCE LISTING                    02/09/99
 ==============================================================================
 
        V(3)=SWR(CAT)
        R(1)=V(1)+V(2)+V(3)
        RETURN
  
     SPLITTER UID=SP1
        FEED S1
        PRODUCT M=S16,M=S17
        OPERATION OPTION=FILL
        SPEC STREAM=S17,RATE(WT,KG/H),DIVIDE,CALCULATOR=CA1,&
        R(1),VALUE=1
  
    HX  UID=E1A
        HOT  FEED=S16, M=S19, DP=0.5
        OPER HTEMP=135
  
     PUMP UID=P1
        FEED S19
        PRODUCT M=S18
        OPERATION EFF=50,DP=1.2
  
    FLASH UID=F2
        FEED S17
        PRODUCT L=S23,V=S22
        ADIABATIC PRES=2.3
  
    HX UID=E2
        HOT FEED=S22,V=S24,L=S25,DP=0.3
        OPER HTEMP=40
  
    COLUMN UID=T102
       PARAMETER TRAY=12,IO=100
       FEED S23,9,SEPA/S25,9,SEPA
       PRODUCT OVHD(WT)=A2,10,BTMS(WT)=B2,202,&
               LDRAW=C2,7,14.72
       CONDENSER TYPE=PART, PRESSURE(MMHG)=60, TEST=60
       DUTY 1,1/2,12
       PSPEC PTOP(MMHG)=65, DPCOLUMN(MMHG)=15
       PRINT COMPOSITION=M,WT, PROPTABLE=PART
       ESTIMATE MODEL=SIMPLE, RRATIO=2, CTEMP=60, TTEMP=114, RTEMP=190
       TEMPERATURE 1,60/2,114/12,190
     $ SPEC STRM=S26,COMP=6,RATE,RATIO,REFF,VALUE=0.005,ATOL=0.001
     $ SPEC STRM=S27,RATE,DIVIDE,STRM=S28,RATE,VALUE=4
       SPEC COLUMN=T102, TRAY=1, TEMPERATURE(C), VALUE=60
       SPEC TRAY=7,PHASE=L,RATE(KG/H),VALUE=125
      $ SPEC STRM=B2,COMP=6,RATE,RATIO REFF,VALUE=0.005,ATOL=0.001
      $ SPEC RRATIO,PHASE=L,VALUE=60
      $ SPEC STRM=B2,RATE(KG/H),VALUE=300,ATOL=0.01
       VARY DUTY=1,2
       TFLOW NET(V)=PV2,2,NET(L)=PL2,1
       TFLOW PA(L)=PF2,12,12
       PA FROM=12,TO=12,LFRAC=0.8,PHASE=L
       TSIZE
  

 SIMULATION SCIENCES INC.               R                              PAGE S-5
 PROJECT  DMC                     PRO/II  VERSION 5.01                   386/EM
 PROBLEM  Reactor Dist                   INPUT                     TIANXIAOLING
                                     SOURCE LISTING                    02/09/99
 ==============================================================================
 
    $  OPTIMIZER UID=OPI1
    $    OBJEC COLUMN=T102,DUTY(2),MINIMIZE
    $    VARY COLUMN=T102,FTRAY(1),MINI=4,MAXI=11,STEP=1
  
  
    HX UID=E02
        HOT FEED=PV2,L=P2,DP(MMHG)=5
        DEFINE DUTY AS COLUMN=T102 DUTY(1)
  
    HCURVE UID=H02
        ISO HX=E02 POINT=5 HOT
  
    PUMP UID=P3
        FEED C2
        PRODUCT M=S29
        OPERATION EFF=50,DP=3.8
  
   HX UID=E3
        HOT FEED=S29,M=S30,DP=0.3
        OPER HTEMP=40
  
   MIXER UID=M3
        FEED S30,ME,ME1,S50
        PRODUCT  M=S31
  
   HX UID=E4
        COLD FEED=S31,M=S31A,DP=0.3
        OPER CTEMP=70
  
    CSTR UID=R1
        FEED S31A
        PRODUCT M=S32
        OPERATION PHASE=L,VOLUME=1.4,ADIABATIC,DP=0.2
        PRINT PATH
        RXSTOIC RXSET=DMC
      REACTION DMC+
        BASE COMPONENT=3
      REACTION DMC-
        BASE COMPONENT=3
  
 ** WARNING **  UNIT 26, 'R1' - REACTION PRODUCT 3 SPECIFIED AS A BASE
                COMPONENT FOR REACTION 2. REACTOR CALCULATIONS MAY FAIL.
    HX UID=E4A
        COLD FEED=S32,M=S32A,DP=0
        OPER CTEMP=74.3
  
    REACTOR UID=R2
       FEED S32A
       PRODUCT  M=S33
       OPERATION ADIABATIC,DP=0
       RXCALCULATION MODEL=STOIC,CONVERSION
   $   REACTION  12PG+ME--MOX+H2O
       STOICHIOMETRY 1,1/4,-1/6,-1/12,1

 SIMULATION SCIENCES INC.               R                              PAGE S-6
 PROJECT  DMC                     PRO/II  VERSION 5.01                   386/EM
 PROBLEM  Reactor Dist                   INPUT                     TIANXIAOLING
                                     SOURCE LISTING                    02/09/99
 ==============================================================================
 
       BASE COMPONENT=6
       CONVERSION 0.0254
   $   REACTION  2*12PG--DPG+H2O
       STOICHIOMETRY 1,1/6,-2/7,1
       BASE COMPONENT=6
       CONVERSION 0.0254
  
     REACTOR UID=R3
       FEED S33
       PRODUCT  M=S34
       OPERATION ADIABATIC,DP=0
       RXCALCULATION MODEL=STOIC,CONVERSION
   $   RXSTOIC RXSET=DMCM
   $   REACTION  PC+H2O--12PG+CO2
       STOICHIOMETRY 6,1/11,1/1,-1/3,-1
       BASE COMPONENT=1
       CONVERSION 0.40
  
     STCA UID=S2
       FEED S34
       OVHD STRM=S34A
       BTMS STRM=S34B
       FOVH 11,11,1.0/1,1,0.77/2,10,0/12,14,0
  
    COLUMN UID=RXD1
       PARAMETER TRAY=28,CHEMDIST=120,DAMPING=0.7
       FEED S34B,9/ME2,11,SEPA/ME3,28,SEPA
       PRODUCT  OVHD(WT)=A3,0.1, BTMS(WT)=B3,1690,&
                VDRAW(WT)=C3,2,4500
       CONDENSER TYPE=BUBB,PRES=1.013,TEST=63.5
       DUTY 1,1,-0.30/2,28,1.25
       PSPEC PTOP=1.313,DPCOLUMN=0.5
       PRINT COMPOSITION=WT,PROPTABLE=PART
       ESTIMATE MODEL=CHEM, RRATIO(L)=2, TTEMP=63.5, RTEMP=110
       TEMPERATURE 2,70.3/8,72.8/9,76.9/27,82.8/28,112
       LIQUD 2,24/8,23.1/9,132.7/27,160.5
     $ SPEC STRM=B3,RATE(WT),VALUE=1690,ATOL=0.001
       SPEC STRM=A3,RATE(WT),VALUE=0.01,ATOL=0.001
       SPEC STREAM=B3,COMP=5,RATE,RATIO,REFF,VALUE=0.05
       VARY DUTY=2
       VARY DRAW=C3
       LVOL  9,3.5/10,3.5/11,2/12,2/13,1/14,1/15,1/16,1/17,1/18,1/19,1/&
             20,1/21,1/22,1/23,1/24,1/25,1/26,1/27,1
       RXTRAY REFERENCE=DMC,LOCAL=COL1RXD1,TRAY=9,24
       RXSET LOCAL=COL1RXD1
         REACTION ID=DMC+,COPTION=KINETICS
         REACTION ID=DMC-,COPTION=KINETICS
         RXPARAM VITER=10,VINIT=0.5
      $   TSIZE
  
    CALCULATOR UID=CA5,NAME=SET SP1 VALUE
        SEQUENCE  STREAM=C3,PC
        PROCEDURE

 SIMULATION SCIENCES INC.               R                              PAGE S-7
 PROJECT  DMC                     PRO/II  VERSION 5.01                   386/EM
 PROBLEM  Reactor Dist                   INPUT                     TIANXIAOLING
                                     SOURCE LISTING                    02/09/99
 ==============================================================================
 
        V(1)=SMR(C3)
        R(1)=V(1)*1.0
        CALL SRXSTR(SMR,R(1),PC)
        RETURN
  
   $ PUMP UID=P4
    $    FEED A3
     $   PRODUCT M=S35
      $  OPERATION EFF=50,DP=2
  
      COLUMN UID=T104
        PARAMETER TRAY=60,IO=100,DAMPING=0.8
        FEED C3,38/PC,4
        PRODUCT  OVHD(WT)=A4,3012.93, BTMS(WT)=B4
        CONDENSER TYPE=BUBB,PRES=0.507
        DUTY 1,1,-1.7/2,60,1.05
        PSPEC PTOP=0.531, DPCOLUMN=0.04
        PRINT COMPOSITION=M,WT, PROPTABLE=PART
        ESTIMATE MODEL=CONV, RRATIO=0.5, CTEMP=40, BTEMP=106
        TEMPERATURE 1,40.8/2,50/60,106
       $ LIQUiD 1,47/2,45.3/3,114.1/59,131.3
       $vapor 2,141/3,139.3/4,147.8/53,158.4/54,47.9/55,48.1
       $  SPEC COLUMN=T104, TRAY=1, TEMPERATURE(C), VALUE=30
        $ SPEC STREAM=A4, COMP=4, RATE(W),VALUE=3012.94
        SPEC STREAM=A4, COMP=4, RATE,RATIO,REFF,VALUE=1
        SPEC RRATIO VALUE=0.8
        TFLOW NET(V)=PV4,2,NET(L)=PL4,1
        TFLOW PA(L)=PF4,60,60
        PA FROM=60,TO=60,LFRAC=0.8,PHASE=L
        VARI HEAT=1,2
        TSIZE
  
 ** WARNING **  UNIT 26, 'R1' - SOLIDS FOUND IN FLOWSHEET; CALCULATIONS MAY
                FAIL.
 ** MESSAGE **  UNIT 30, 'S2' - NEITHER TEMP NOR DT IS PROVIDED. THE OPERATING
                TEMPERATURE WILL BE DETERMINED BY HEAT BALANCE.
 ** WARNING **  PRODUCT STREAM 'S18' IS MODIFIED BY 1 CALCULATOR(S)
 这里有没有新内容
